20260401 000000;4681.578000;4681.715000;4680.858000;4681.638000;0
20260401 000100;4681.598000;4681.678000;4679.118000;4679.125000;0
20260401 000200;4679.165000;4679.165000;4677.605000;4677.778000;0
20260401 000300;4677.485000;4678.655000;4677.195000;4677.698000;0
20260401 000400;4677.658000;4677.878000;4674.998000;4676.238000;0
20260401 000500;4676.258000;4677.135000;4675.485000;4676.365000;0
20260401 000600;4676.425000;4680.155000;4676.425000;4679.045000;0
20260401 000700;4679.075000;4679.655000;4678.355000;4678.615000;0
20260401 000800;4678.655000;4679.465000;4677.835000;4677.885000;0
20260401 000900;4677.885000;4677.885000;4674.105000;4674.645000;0
20260401 001000;4674.625000;4675.025000;4673.495000;4673.775000;0
20260401 001100;4673.795000;4675.338000;4673.755000;4674.675000;0
20260401 001200;4674.655000;4674.765000;4672.675000;4672.675000;0
20260401 001300;4672.745000;4674.755000;4672.655000;4674.595000;0
20260401 001400;4674.565000;4675.135000;4673.495000;4673.585000;0
20260401 001500;4673.525000;4673.765000;4672.145000;4672.395000;0
20260401 001600;4672.335000;4672.415000;4670.275000;4670.835000;0
20260401 001700;4670.855000;4670.855000;4666.965000;4667.705000;0
20260401 001800;4667.675000;4668.945000;4666.605000;4668.195000;0
20260401 001900;4668.165000;4669.595000;4667.325000;4668.485000;0
20260401 002000;4668.525000;4671.465000;4668.285000;4670.075000;0
20260401 002100;4670.125000;4672.725000;4669.745000;4670.015000;0
20260401 002200;4670.185000;4671.415000;4669.495000;4671.305000;0
20260401 002300;4671.355000;4671.795000;4670.175000;4671.125000;0
20260401 002400;4671.425000;4672.395000;4670.645000;4672.125000;0
20260401 002500;4672.225000;4673.075000;4671.218000;4671.265000;0
20260401 002600;4671.305000;4671.915000;4671.035000;4671.285000;0
20260401 002700;4671.265000;4672.945000;4670.895000;4672.945000;0
20260401 002800;4672.855000;4673.115000;4672.055000;4672.385000;0
20260401 002900;4672.345000;4672.515000;4671.905000;4672.125000;0
20260401 003000;4672.238000;4674.245000;4671.365000;4674.245000;0
20260401 003100;4674.215000;4674.315000;4672.625000;4673.485000;0
20260401 003200;4673.465000;4674.255000;4673.025000;4673.778000;0
20260401 003300;4673.775000;4673.795000;4672.185000;4672.325000;0
20260401 003400;4672.355000;4672.765000;4671.275000;4671.615000;0
20260401 003500;4671.585000;4672.245000;4668.905000;4669.315000;0
20260401 003600;4669.295000;4672.235000;4669.165000;4671.945000;0
20260401 003700;4671.925000;4673.955000;4671.625000;4673.735000;0
20260401 003800;4673.755000;4674.798000;4673.348000;4673.668000;0
20260401 003900;4673.805000;4675.468000;4673.805000;4675.055000;0
20260401 004000;4674.995000;4675.495000;4674.595000;4675.465000;0
20260401 004100;4675.485000;4676.305000;4675.265000;4675.675000;0
20260401 004200;4675.655000;4675.685000;4674.375000;4674.995000;0
20260401 004300;4674.925000;4676.088000;4674.625000;4675.965000;0
20260401 004400;4675.965000;4676.725000;4675.745000;4676.545000;0
20260401 004500;4676.538000;4676.815000;4675.735000;4676.225000;0
20260401 004600;4676.185000;4677.438000;4676.135000;4677.155000;0
20260401 004700;4677.135000;4678.335000;4677.135000;4678.245000;0
20260401 004800;4678.245000;4678.265000;4677.405000;4678.125000;0
20260401 004900;4678.065000;4678.325000;4676.305000;4677.555000;0
20260401 005000;4677.535000;4679.128000;4676.995000;4678.865000;0
20260401 005100;4678.805000;4681.358000;4678.805000;4680.888000;0
20260401 005200;4680.888000;4680.895000;4679.788000;4679.948000;0
20260401 005300;4679.788000;4679.895000;4678.988000;4679.125000;0
20260401 005400;4679.055000;4679.055000;4676.398000;4676.398000;0
20260401 005500;4676.618000;4676.885000;4673.685000;4673.845000;0
20260401 005600;4673.825000;4674.185000;4672.375000;4673.875000;0
20260401 005700;4673.975000;4675.835000;4673.765000;4675.155000;0
20260401 005800;4675.115000;4676.185000;4674.395000;4676.015000;0
20260401 005900;4675.995000;4676.335000;4674.755000;4676.155000;0
20260401 010000;4676.195000;4678.055000;4675.695000;4675.955000;0
20260401 010100;4675.995000;4676.775000;4674.535000;4676.685000;0
20260401 010200;4676.765000;4677.765000;4676.665000;4677.245000;0
20260401 010300;4677.215000;4678.255000;4676.955000;4677.895000;0
20260401 010400;4677.865000;4677.865000;4674.615000;4675.695000;0
20260401 010500;4675.755000;4679.305000;4675.225000;4679.145000;0
20260401 010600;4678.945000;4680.175000;4677.615000;4678.435000;0
20260401 010700;4678.375000;4679.455000;4677.595000;4679.025000;0
20260401 010800;4679.045000;4679.925000;4678.725000;4678.975000;0
20260401 010900;4678.915000;4680.465000;4678.785000;4680.385000;0
20260401 011000;4680.365000;4680.575000;4679.715000;4680.215000;0
20260401 011100;4680.255000;4680.555000;4679.815000;4680.455000;0
20260401 011200;4680.505000;4682.705000;4680.075000;4682.595000;0
20260401 011300;4682.635000;4684.555000;4682.455000;4683.675000;0
20260401 011400;4683.645000;4684.125000;4682.375000;4682.475000;0
20260401 011500;4682.495000;4684.255000;4681.865000;4684.085000;0
20260401 011600;4684.125000;4684.945000;4683.485000;4683.635000;0
20260401 011700;4683.595000;4684.615000;4681.915000;4684.595000;0
20260401 011800;4684.555000;4686.905000;4684.515000;4686.305000;0
20260401 011900;4686.165000;4687.955000;4685.315000;4685.365000;0
20260401 012000;4685.395000;4686.305000;4681.325000;4682.245000;0
20260401 012100;4682.215000;4682.515000;4680.038000;4680.055000;0
20260401 012200;4680.435000;4682.525000;4680.038000;4681.275000;0
20260401 012300;4681.295000;4683.775000;4680.775000;4683.205000;0
20260401 012400;4683.205000;4684.385000;4683.175000;4684.045000;0
20260401 012500;4684.065000;4684.955000;4681.825000;4682.885000;0
20260401 012600;4682.715000;4689.845000;4682.585000;4688.425000;0
20260401 012700;4688.405000;4688.595000;4683.815000;4684.925000;0
20260401 012800;4684.865000;4685.375000;4683.375000;4683.835000;0
20260401 012900;4683.705000;4685.955000;4683.485000;4685.955000;0
20260401 013000;4685.985000;4690.915000;4685.955000;4689.975000;0
20260401 013100;4689.935000;4691.855000;4689.685000;4691.265000;0
20260401 013200;4691.235000;4693.735000;4691.185000;4692.825000;0
20260401 013300;4692.795000;4694.915000;4691.735000;4693.555000;0
20260401 013400;4693.655000;4693.805000;4691.615000;4692.885000;0
20260401 013500;4692.995000;4694.085000;4692.065000;4693.975000;0
20260401 013600;4693.995000;4694.638000;4691.645000;4692.925000;0
20260401 013700;4692.995000;4698.225000;4692.025000;4696.465000;0
20260401 013800;4696.805000;4699.145000;4696.315000;4698.595000;0
20260401 013900;4698.595000;4700.185000;4697.888000;4700.085000;0
20260401 014000;4700.365000;4700.405000;4698.905000;4699.815000;0
20260401 014100;4699.765000;4703.195000;4699.705000;4702.515000;0
20260401 014200;4702.535000;4702.535000;4699.555000;4699.555000;0
20260401 014300;4699.525000;4701.855000;4699.128000;4700.755000;0
20260401 014400;4700.765000;4702.585000;4700.725000;4701.905000;0
20260401 014500;4701.935000;4703.135000;4701.695000;4702.095000;0
20260401 014600;4702.075000;4702.255000;4696.768000;4696.888000;0
20260401 014700;4696.878000;4698.728000;4695.518000;4698.225000;0
20260401 014800;4698.288000;4699.315000;4695.258000;4695.928000;0
20260401 014900;4695.938000;4699.348000;4695.938000;4698.928000;0
20260401 015000;4698.928000;4698.998000;4696.185000;4696.288000;0
20260401 015100;4696.228000;4697.378000;4695.225000;4695.968000;0
20260401 015200;4695.968000;4696.838000;4695.198000;4696.348000;0
20260401 015300;4696.298000;4696.938000;4694.198000;4694.598000;0
20260401 015400;4694.698000;4696.265000;4694.198000;4695.175000;0
20260401 015500;4695.205000;4695.345000;4691.525000;4691.525000;0
20260401 015600;4692.158000;4692.265000;4689.575000;4691.465000;0
20260401 015700;4691.345000;4691.505000;4688.795000;4689.205000;0
20260401 015800;4688.805000;4689.865000;4685.595000;4685.595000;0
20260401 015900;4685.625000;4686.165000;4683.468000;4684.155000;0
20260401 020000;4684.135000;4687.735000;4682.335000;4685.525000;0
20260401 020100;4685.445000;4688.945000;4684.765000;4688.335000;0
20260401 020200;4688.355000;4689.115000;4685.658000;4687.405000;0
20260401 020300;4687.385000;4687.905000;4685.155000;4687.725000;0
20260401 020400;4687.725000;4687.945000;4684.715000;4684.775000;0
20260401 020500;4684.975000;4687.565000;4684.455000;4684.755000;0
20260401 020600;4684.735000;4687.405000;4683.885000;4684.315000;0
20260401 020700;4684.315000;4685.375000;4683.725000;4684.665000;0
20260401 020800;4684.665000;4687.295000;4684.035000;4685.915000;0
20260401 020900;4685.915000;4686.635000;4684.025000;4686.355000;0
20260401 021000;4686.315000;4690.405000;4686.315000;4690.125000;0
20260401 021100;4689.955000;4692.125000;4689.325000;4691.025000;0
20260401 021200;4691.045000;4693.305000;4690.755000;4692.795000;0
20260401 021300;4692.855000;4695.165000;4691.665000;4694.565000;0
20260401 021400;4694.245000;4697.395000;4694.195000;4697.395000;0
20260401 021500;4697.385000;4698.325000;4696.235000;4697.545000;0
20260401 021600;4697.565000;4699.055000;4693.845000;4694.585000;0
20260401 021700;4694.645000;4698.365000;4692.235000;4698.235000;0
20260401 021800;4698.125000;4698.125000;4693.945000;4695.595000;0
20260401 021900;4695.595000;4696.975000;4694.115000;4695.635000;0
20260401 022000;4695.675000;4698.675000;4695.235000;4698.535000;0
20260401 022100;4698.568000;4700.465000;4696.998000;4700.465000;0
20260401 022200;4700.465000;4702.715000;4699.945000;4702.385000;0
20260401 022300;4702.495000;4704.805000;4702.285000;4703.855000;0
20260401 022400;4703.825000;4709.375000;4703.635000;4708.915000;0
20260401 022500;4708.955000;4710.385000;4704.615000;4707.315000;0
20260401 022600;4707.305000;4709.785000;4707.145000;4709.625000;0
20260401 022700;4709.585000;4711.115000;4707.555000;4707.595000;0
20260401 022800;4707.805000;4709.085000;4705.205000;4705.238000;0
20260401 022900;4705.358000;4709.875000;4704.978000;4709.225000;0
20260401 023000;4709.225000;4712.235000;4708.175000;4708.755000;0
20260401 023100;4708.705000;4710.595000;4708.335000;4710.295000;0
20260401 023200;4711.168000;4711.205000;4708.125000;4710.525000;0
20260401 023300;4710.485000;4712.425000;4709.475000;4709.475000;0
20260401 023400;4709.455000;4710.265000;4707.395000;4708.605000;0
20260401 023500;4708.565000;4708.745000;4703.225000;4704.485000;0
20260401 023600;4704.455000;4706.485000;4703.738000;4705.765000;0
20260401 023700;4705.785000;4705.865000;4703.185000;4703.935000;0
20260401 023800;4704.048000;4705.415000;4702.248000;4702.945000;0
20260401 023900;4703.005000;4703.755000;4701.785000;4702.275000;0
20260401 024000;4702.275000;4704.375000;4701.855000;4703.685000;0
20260401 024100;4703.635000;4707.185000;4703.015000;4707.185000;0
20260401 024200;4707.115000;4708.685000;4706.355000;4707.415000;0
20260401 024300;4707.465000;4708.385000;4706.775000;4708.125000;0
20260401 024400;4708.195000;4708.588000;4707.775000;4708.305000;0
20260401 024500;4708.395000;4717.575000;4708.285000;4716.455000;0
20260401 024600;4716.525000;4718.475000;4714.895000;4718.405000;0
20260401 024700;4718.465000;4721.855000;4717.535000;4721.265000;0
20260401 024800;4721.235000;4727.555000;4720.895000;4727.015000;0
20260401 024900;4727.045000;4727.505000;4723.595000;4723.865000;0
20260401 025000;4723.915000;4725.045000;4719.935000;4721.045000;0
20260401 025100;4721.065000;4723.225000;4720.498000;4721.298000;0
20260401 025200;4721.298000;4725.215000;4720.415000;4724.625000;0
20260401 025300;4724.665000;4724.695000;4722.998000;4723.975000;0
20260401 025400;4723.945000;4727.698000;4723.415000;4726.615000;0
20260401 025500;4726.828000;4729.158000;4726.495000;4727.275000;0
20260401 025600;4727.195000;4728.805000;4726.075000;4727.045000;0
20260401 025700;4726.885000;4730.418000;4726.845000;4729.735000;0
20260401 025800;4729.785000;4732.785000;4729.285000;4730.505000;0
20260401 025900;4730.445000;4732.418000;4729.715000;4730.115000;0
20260401 030000;4730.655000;4732.185000;4725.205000;4727.148000;0
20260401 030100;4727.405000;4729.105000;4725.055000;4727.985000;0
20260401 030200;4727.985000;4729.055000;4725.095000;4727.125000;0
20260401 030300;4727.195000;4727.615000;4722.335000;4722.405000;0
20260401 030400;4722.675000;4724.425000;4719.718000;4722.355000;0
20260401 030500;4722.095000;4723.108000;4719.645000;4720.425000;0
20260401 030600;4720.245000;4720.245000;4716.535000;4716.555000;0
20260401 030700;4716.635000;4719.505000;4714.885000;4716.985000;0
20260401 030800;4717.025000;4718.918000;4714.195000;4717.095000;0
20260401 030900;4717.055000;4721.615000;4715.835000;4720.905000;0
20260401 031000;4721.038000;4721.515000;4718.135000;4720.515000;0
20260401 031100;4720.425000;4720.735000;4717.505000;4718.325000;0
20260401 031200;4718.305000;4718.815000;4715.898000;4715.985000;0
20260401 031300;4716.095000;4716.545000;4714.585000;4715.465000;0
20260401 031400;4715.305000;4715.355000;4713.765000;4714.955000;0
20260401 031500;4715.035000;4716.485000;4713.075000;4715.055000;0
20260401 031600;4715.195000;4715.965000;4712.675000;4714.175000;0
20260401 031700;4714.155000;4714.755000;4713.495000;4714.135000;0
20260401 031800;4714.175000;4715.775000;4713.715000;4715.735000;0
20260401 031900;4715.765000;4716.678000;4714.755000;4715.965000;0
20260401 032000;4715.985000;4719.805000;4715.125000;4719.055000;0
20260401 032100;4719.125000;4725.575000;4718.555000;4723.655000;0
20260401 032200;4723.625000;4725.265000;4723.335000;4724.255000;0
20260401 032300;4724.235000;4724.235000;4721.335000;4721.385000;0
20260401 032400;4721.405000;4721.988000;4718.495000;4719.385000;0
20260401 032500;4719.365000;4719.655000;4717.905000;4719.445000;0
20260401 032600;4719.465000;4723.655000;4719.465000;4722.465000;0
20260401 032700;4722.445000;4722.755000;4719.215000;4720.025000;0
20260401 032800;4719.995000;4723.015000;4718.455000;4722.075000;0
20260401 032900;4722.055000;4723.465000;4720.795000;4722.855000;0
20260401 033000;4722.885000;4724.915000;4721.945000;4724.525000;0
20260401 033100;4724.545000;4727.795000;4724.015000;4727.595000;0
20260401 033200;4727.565000;4730.025000;4727.145000;4729.095000;0
20260401 033300;4729.075000;4735.835000;4728.475000;4734.525000;0
20260401 033400;4734.485000;4735.025000;4730.175000;4731.225000;0
20260401 033500;4731.255000;4735.545000;4730.495000;4732.395000;0
20260401 033600;4732.355000;4740.615000;4730.955000;4740.245000;0
20260401 033700;4740.265000;4745.815000;4739.595000;4742.835000;0
20260401 033800;4742.845000;4747.565000;4742.625000;4744.715000;0
20260401 033900;4744.735000;4745.055000;4740.645000;4741.315000;0
20260401 034000;4741.395000;4741.445000;4735.225000;4737.005000;0
20260401 034100;4736.715000;4738.585000;4730.348000;4731.258000;0
20260401 034200;4731.218000;4735.725000;4730.875000;4735.605000;0
20260401 034300;4735.335000;4737.665000;4731.285000;4731.365000;0
20260401 034400;4731.395000;4732.625000;4730.375000;4730.585000;0
20260401 034500;4730.355000;4730.415000;4724.938000;4725.055000;0
20260401 034600;4725.085000;4728.385000;4722.915000;4727.935000;0
20260401 034700;4727.975000;4730.395000;4726.965000;4730.325000;0
20260401 034800;4730.245000;4732.625000;4723.885000;4723.885000;0
20260401 034900;4723.895000;4724.595000;4719.605000;4722.225000;0
20260401 035000;4722.255000;4724.585000;4719.265000;4720.105000;0
20260401 035100;4720.075000;4721.115000;4715.555000;4715.815000;0
20260401 035200;4715.875000;4716.035000;4712.415000;4712.725000;0
20260401 035300;4712.685000;4714.515000;4710.435000;4712.375000;0
20260401 035400;4712.455000;4715.155000;4710.445000;4713.255000;0
20260401 035500;4713.215000;4714.615000;4709.385000;4709.385000;0
20260401 035600;4709.425000;4714.725000;4709.425000;4712.605000;0
20260401 035700;4712.505000;4716.265000;4712.075000;4715.605000;0
20260401 035800;4715.665000;4715.695000;4710.635000;4710.885000;0
20260401 035900;4710.865000;4714.058000;4710.125000;4712.715000;0
20260401 040000;4712.725000;4719.898000;4709.995000;4718.545000;0
20260401 040100;4718.465000;4719.185000;4714.345000;4715.005000;0
20260401 040200;4714.985000;4720.335000;4714.455000;4719.105000;0
20260401 040300;4719.135000;4725.445000;4718.545000;4725.205000;0
20260401 040400;4725.145000;4726.195000;4720.355000;4721.135000;0
20260401 040500;4721.165000;4724.725000;4720.465000;4724.115000;0
20260401 040600;4724.165000;4725.418000;4718.735000;4718.805000;0
20260401 040700;4718.765000;4721.385000;4716.765000;4718.715000;0
20260401 040800;4718.735000;4721.665000;4718.485000;4721.545000;0
20260401 040900;4721.565000;4721.745000;4719.215000;4719.705000;0
20260401 041000;4719.685000;4720.235000;4715.915000;4719.085000;0
20260401 041100;4719.065000;4719.405000;4715.585000;4717.835000;0
20260401 041200;4717.835000;4719.435000;4717.225000;4718.785000;0
20260401 041300;4718.835000;4719.088000;4716.715000;4718.765000;0
20260401 041400;4718.725000;4720.538000;4717.655000;4718.715000;0
20260401 041500;4718.785000;4722.895000;4716.725000;4722.415000;0
20260401 041600;4722.315000;4722.455000;4717.115000;4717.695000;0
20260401 041700;4717.665000;4721.255000;4717.215000;4720.435000;0
20260401 041800;4720.485000;4725.365000;4720.045000;4724.925000;0
20260401 041900;4724.905000;4727.665000;4724.225000;4726.495000;0
20260401 042000;4726.545000;4729.135000;4726.255000;4727.555000;0
20260401 042100;4727.645000;4729.508000;4726.798000;4728.965000;0
20260401 042200;4729.008000;4730.575000;4728.965000;4730.135000;0
20260401 042300;4730.105000;4730.695000;4726.205000;4726.205000;0
20260401 042400;4725.965000;4728.395000;4724.985000;4728.375000;0
20260401 042500;4728.405000;4735.675000;4727.698000;4735.255000;0
20260401 042600;4734.595000;4734.655000;4731.855000;4732.315000;0
20260401 042700;4732.345000;4733.615000;4731.865000;4731.865000;0
20260401 042800;4731.805000;4731.955000;4727.498000;4729.045000;0
20260401 042900;4728.955000;4731.015000;4727.855000;4730.225000;0
20260401 043000;4730.175000;4730.815000;4725.798000;4729.105000;0
20260401 043100;4729.125000;4731.215000;4728.165000;4729.825000;0
20260401 043200;4729.855000;4733.375000;4728.925000;4732.845000;0
20260401 043300;4732.865000;4733.775000;4731.725000;4732.485000;0
20260401 043400;4732.485000;4734.475000;4731.565000;4732.495000;0
20260401 043500;4732.535000;4733.625000;4731.045000;4731.745000;0
20260401 043600;4731.655000;4734.385000;4730.845000;4734.385000;0
20260401 043700;4734.385000;4739.255000;4734.385000;4736.435000;0
20260401 043800;4736.435000;4740.185000;4736.435000;4738.615000;0
20260401 043900;4738.585000;4739.075000;4736.485000;4737.775000;0
20260401 044000;4737.775000;4738.075000;4732.540000;4733.015000;0
20260401 044100;4732.755000;4734.875000;4730.605000;4733.925000;0
20260401 044200;4733.685000;4733.985000;4731.788000;4731.838000;0
20260401 044300;4731.768000;4732.485000;4730.545000;4732.405000;0
20260401 044400;4732.415000;4732.865000;4730.838000;4731.375000;0
20260401 044500;4731.358000;4731.445000;4730.375000;4731.185000;0
20260401 044600;4731.055000;4731.535000;4730.785000;4730.805000;0
20260401 044700;4730.855000;4731.025000;4728.665000;4729.175000;0
20260401 044800;4729.195000;4730.975000;4729.195000;4730.745000;0
20260401 044900;4730.775000;4731.475000;4730.745000;4731.025000;0
20260401 045000;4730.985000;4731.775000;4730.545000;4731.725000;0
20260401 045100;4731.685000;4731.945000;4730.325000;4730.825000;0
20260401 045200;4730.835000;4732.305000;4730.375000;4731.125000;0
20260401 045300;4731.195000;4732.335000;4730.925000;4731.775000;0
20260401 045400;4731.715000;4731.785000;4727.725000;4729.985000;0
20260401 045500;4730.035000;4730.455000;4726.065000;4727.855000;0
20260401 045600;4727.818000;4730.255000;4726.555000;4729.885000;0
20260401 045700;4729.845000;4729.975000;4728.225000;4729.975000;0
20260401 045800;4729.995000;4730.285000;4727.755000;4730.105000;0
20260401 045900;4730.125000;4730.475000;4727.918000;4728.315000;0
20260401 050000;4728.345000;4728.485000;4724.805000;4725.795000;0
20260401 050100;4725.745000;4727.035000;4725.295000;4725.725000;0
20260401 050200;4725.665000;4729.795000;4725.285000;4729.795000;0
20260401 050300;4729.855000;4730.005000;4726.495000;4727.735000;0
20260401 050400;4727.785000;4727.835000;4725.535000;4725.935000;0
20260401 050500;4725.795000;4727.415000;4724.565000;4725.385000;0
20260401 050600;4725.445000;4726.555000;4720.908000;4721.985000;0
20260401 050700;4722.245000;4724.435000;4720.735000;4724.435000;0
20260401 050800;4724.665000;4724.665000;4722.135000;4722.645000;0
20260401 050900;4722.605000;4723.455000;4719.915000;4720.165000;0
20260401 051000;4720.205000;4721.655000;4718.905000;4718.905000;0
20260401 051100;4718.935000;4720.425000;4718.345000;4718.945000;0
20260401 051200;4718.695000;4720.945000;4717.675000;4720.905000;0
20260401 051300;4720.885000;4721.225000;4717.815000;4718.655000;0
20260401 051400;4718.715000;4719.765000;4717.605000;4717.965000;0
20260401 051500;4717.935000;4719.125000;4716.405000;4717.945000;0
20260401 051600;4717.905000;4718.645000;4717.165000;4717.565000;0
20260401 051700;4717.615000;4718.915000;4715.778000;4717.345000;0
20260401 051800;4717.415000;4717.868000;4715.805000;4715.805000;0
20260401 051900;4715.825000;4716.915000;4714.795000;4716.915000;0
20260401 052000;4716.875000;4717.375000;4715.015000;4715.155000;0
20260401 052100;4715.215000;4716.025000;4713.775000;4713.775000;0
20260401 052200;4713.795000;4716.105000;4713.755000;4715.145000;0
20260401 052300;4715.185000;4720.035000;4715.185000;4719.845000;0
20260401 052400;4719.805000;4720.865000;4718.955000;4720.775000;0
20260401 052500;4720.725000;4723.615000;4720.445000;4723.535000;0
20260401 052600;4723.515000;4723.515000;4720.135000;4720.455000;0
20260401 052700;4720.425000;4722.255000;4719.515000;4721.465000;0
20260401 052800;4721.465000;4722.155000;4718.195000;4718.225000;0
20260401 052900;4718.791000;4719.265000;4718.018000;4719.265000;0
20260401 053000;4719.235000;4721.885000;4718.105000;4721.785000;0
20260401 053100;4721.865000;4721.905000;4717.115000;4718.855000;0
20260401 053200;4718.885000;4719.725000;4716.595000;4716.935000;0
20260401 053300;4717.065000;4719.355000;4716.125000;4718.375000;0
20260401 053400;4718.895000;4719.305000;4712.775000;4713.735000;0
20260401 053500;4713.755000;4717.295000;4713.615000;4716.105000;0
20260401 053600;4716.145000;4720.275000;4716.025000;4720.115000;0
20260401 053700;4720.085000;4722.525000;4719.425000;4721.865000;0
20260401 053800;4721.755000;4722.085000;4720.158000;4721.575000;0
20260401 053900;4721.545000;4721.545000;4717.798000;4718.238000;0
20260401 054000;4718.218000;4719.975000;4717.838000;4719.265000;0
20260401 054100;4719.035000;4719.495000;4718.038000;4718.465000;0
20260401 054200;4718.445000;4722.365000;4718.415000;4720.765000;0
20260401 054300;4720.745000;4720.955000;4718.805000;4719.135000;0
20260401 054400;4719.085000;4720.015000;4717.745000;4718.985000;0
20260401 054500;4718.925000;4721.855000;4718.925000;4721.315000;0
20260401 054600;4721.285000;4722.945000;4720.725000;4721.415000;0
20260401 054700;4721.385000;4724.945000;4720.745000;4724.685000;0
20260401 054800;4724.715000;4726.575000;4724.715000;4726.385000;0
20260401 054900;4726.405000;4727.115000;4725.445000;4726.415000;0
20260401 055000;4726.475000;4727.515000;4725.835000;4727.225000;0
20260401 055100;4727.245000;4727.395000;4725.225000;4726.645000;0
20260401 055200;4726.698000;4727.095000;4725.515000;4726.375000;0
20260401 055300;4726.445000;4726.445000;4724.845000;4725.225000;0
20260401 055400;4725.335000;4725.845000;4721.925000;4722.905000;0
20260401 055500;4722.935000;4723.755000;4719.335000;4719.355000;0
20260401 055600;4719.485000;4721.355000;4718.975000;4720.715000;0
20260401 055700;4720.765000;4724.935000;4720.765000;4723.045000;0
20260401 055800;4723.075000;4723.925000;4721.605000;4722.195000;0
20260401 055900;4722.225000;4723.395000;4721.815000;4722.935000;0
20260401 060000;4722.925000;4724.475000;4722.355000;4723.355000;0
20260401 060100;4723.395000;4723.525000;4719.155000;4720.905000;0
20260401 060200;4720.985000;4721.075000;4719.385000;4720.725000;0
20260401 060300;4720.865000;4722.075000;4720.438000;4722.075000;0
20260401 060400;4722.295000;4722.295000;4718.245000;4718.625000;0
20260401 060500;4718.605000;4721.275000;4718.185000;4718.955000;0
20260401 060600;4718.935000;4720.295000;4717.845000;4720.015000;0
20260401 060700;4720.075000;4720.245000;4717.415000;4717.695000;0
20260401 060800;4717.725000;4720.095000;4717.425000;4719.525000;0
20260401 060900;4719.495000;4720.345000;4717.845000;4717.865000;0
20260401 061000;4717.715000;4718.275000;4715.275000;4715.975000;0
20260401 061100;4715.955000;4719.155000;4715.825000;4718.565000;0
20260401 061200;4718.545000;4718.605000;4716.535000;4717.245000;0
20260401 061300;4717.205000;4719.015000;4715.775000;4717.835000;0
20260401 061400;4717.875000;4718.105000;4715.315000;4715.525000;0
20260401 061500;4715.385000;4718.185000;4715.115000;4717.355000;0
20260401 061600;4717.385000;4717.555000;4715.875000;4716.185000;0
20260401 061700;4716.255000;4718.595000;4716.065000;4717.495000;0
20260401 061800;4717.475000;4719.445000;4717.475000;4719.445000;0
20260401 061900;4719.415000;4720.865000;4717.145000;4719.695000;0
20260401 062000;4719.675000;4722.815000;4719.315000;4720.165000;0
20260401 062100;4720.705000;4723.445000;4720.515000;4723.215000;0
20260401 062200;4723.235000;4725.785000;4721.495000;4725.195000;0
20260401 062300;4725.235000;4728.835000;4724.595000;4726.015000;0
20260401 062400;4725.995000;4726.615000;4724.765000;4724.915000;0
20260401 062500;4724.965000;4725.015000;4723.375000;4724.305000;0
20260401 062600;4724.355000;4724.765000;4721.775000;4724.165000;0
20260401 062700;4724.255000;4725.015000;4723.655000;4724.325000;0
20260401 062800;4724.075000;4724.735000;4722.168000;4724.495000;0
20260401 062900;4724.555000;4728.545000;4724.265000;4728.115000;0
20260401 063000;4728.085000;4730.675000;4727.745000;4730.475000;0
20260401 063100;4730.405000;4731.785000;4730.275000;4731.675000;0
20260401 063200;4731.675000;4731.845000;4728.605000;4728.835000;0
20260401 063300;4728.735000;4728.915000;4727.825000;4728.755000;0
20260401 063400;4728.805000;4728.805000;4725.855000;4726.695000;0
20260401 063500;4726.645000;4731.565000;4726.095000;4730.595000;0
20260401 063600;4730.735000;4730.995000;4729.435000;4729.465000;0
20260401 063700;4729.588000;4729.785000;4728.755000;4729.385000;0
20260401 063800;4729.535000;4729.535000;4727.455000;4727.625000;0
20260401 063900;4727.618000;4730.215000;4727.008000;4729.835000;0
20260401 064000;4729.788000;4732.025000;4729.785000;4731.955000;0
20260401 064100;4731.935000;4732.178000;4731.375000;4731.975000;0
20260401 064200;4731.905000;4733.935000;4730.525000;4733.085000;0
20260401 064300;4732.985000;4733.305000;4732.305000;4733.048000;0
20260401 064400;4733.055000;4735.958000;4733.055000;4734.515000;0
20260401 064500;4734.815000;4737.158000;4734.425000;4736.865000;0
20260401 064600;4736.805000;4737.185000;4735.315000;4735.755000;0
20260401 064700;4735.635000;4738.058000;4735.395000;4738.058000;0
20260401 064800;4738.058000;4738.265000;4736.565000;4737.225000;0
20260401 064900;4737.168000;4738.395000;4735.905000;4736.835000;0
20260401 065000;4736.755000;4736.755000;4728.975000;4730.715000;0
20260401 065100;4730.695000;4731.605000;4727.815000;4729.695000;0
20260401 065200;4729.755000;4732.345000;4729.455000;4731.595000;0
20260401 065300;4731.615000;4731.915000;4730.088000;4730.088000;0
20260401 065400;4730.068000;4731.805000;4729.745000;4731.765000;0
20260401 065500;4731.825000;4731.855000;4728.045000;4728.595000;0
20260401 065600;4728.645000;4729.905000;4727.835000;4728.495000;0
20260401 065700;4728.525000;4731.925000;4728.295000;4730.075000;0
20260401 065800;4730.085000;4731.005000;4729.225000;4730.695000;0
20260401 065900;4731.015000;4731.685000;4730.558000;4730.985000;0
20260401 070000;4730.935000;4733.375000;4729.715000;4732.565000;0
20260401 070100;4732.565000;4733.915000;4731.255000;4731.315000;0
20260401 070200;4731.845000;4732.025000;4728.085000;4729.915000;0
20260401 070300;4729.945000;4734.275000;4729.945000;4732.645000;0
20260401 070400;4732.605000;4738.055000;4732.355000;4737.405000;0
20260401 070500;4737.385000;4739.205000;4736.535000;4737.805000;0
20260401 070600;4737.755000;4738.615000;4735.985000;4738.425000;0
20260401 070700;4738.445000;4738.605000;4736.815000;4737.005000;0
20260401 070800;4736.985000;4739.385000;4736.655000;4738.775000;0
20260401 070900;4738.795000;4740.125000;4736.165000;4739.525000;0
20260401 071000;4739.525000;4739.555000;4736.255000;4737.268000;0
20260401 071100;4737.305000;4737.935000;4734.495000;4734.935000;0
20260401 071200;4734.905000;4738.865000;4734.145000;4738.775000;0
20260401 071300;4738.725000;4740.225000;4736.535000;4736.945000;0
20260401 071400;4736.695000;4737.295000;4734.595000;4736.435000;0
20260401 071500;4736.708000;4739.475000;4736.515000;4738.105000;0
20260401 071600;4738.145000;4738.215000;4736.125000;4736.998000;0
20260401 071700;4736.988000;4743.918000;4736.988000;4742.588000;0
20260401 071800;4742.588000;4743.318000;4742.055000;4742.958000;0
20260401 071900;4742.958000;4743.605000;4742.078000;4743.258000;0
20260401 072000;4743.258000;4743.998000;4742.198000;4742.868000;0
20260401 072100;4742.878000;4743.438000;4742.075000;4742.478000;0
20260401 072200;4742.498000;4742.968000;4739.978000;4739.988000;0
20260401 072300;4739.988000;4740.478000;4737.268000;4738.135000;0
20260401 072400;4738.108000;4739.975000;4736.268000;4739.765000;0
20260401 072500;4739.828000;4745.385000;4739.828000;4745.368000;0
20260401 072600;4745.368000;4745.925000;4742.215000;4743.655000;0
20260401 072700;4743.535000;4743.638000;4742.175000;4742.595000;0
20260401 072800;4742.615000;4744.475000;4742.615000;4744.325000;0
20260401 072900;4744.255000;4745.195000;4744.135000;4744.885000;0
20260401 073000;4745.425000;4749.785000;4744.658000;4749.175000;0
20260401 073100;4749.225000;4750.225000;4746.755000;4747.658000;0
20260401 073200;4747.658000;4749.265000;4747.165000;4749.145000;0
20260401 073300;4749.128000;4750.285000;4745.775000;4746.548000;0
20260401 073400;4746.558000;4747.968000;4745.425000;4745.688000;0
20260401 073500;4745.688000;4748.668000;4745.518000;4748.098000;0
20260401 073600;4748.045000;4748.545000;4746.098000;4747.275000;0
20260401 073700;4747.315000;4749.745000;4746.745000;4748.315000;0
20260401 073800;4748.335000;4751.245000;4747.955000;4750.615000;0
20260401 073900;4750.595000;4758.830000;4750.595000;4756.615000;0
20260401 074000;4756.595000;4758.275000;4756.405000;4757.745000;0
20260401 074100;4757.715000;4757.745000;4755.105000;4756.885000;0
20260401 074200;4756.755000;4759.205000;4756.085000;4758.785000;0
20260401 074300;4758.765000;4760.725000;4757.298000;4759.565000;0
20260401 074400;4759.515000;4762.555000;4759.495000;4760.075000;0
20260401 074500;4760.105000;4760.395000;4757.885000;4758.755000;0
20260401 074600;4758.785000;4758.885000;4756.015000;4756.855000;0
20260401 074700;4756.655000;4756.975000;4752.785000;4753.485000;0
20260401 074800;4754.115000;4756.585000;4753.525000;4756.135000;0
20260401 074900;4756.105000;4758.865000;4754.995000;4758.335000;0
20260401 075000;4758.385000;4758.895000;4756.525000;4757.645000;0
20260401 075100;4757.715000;4759.375000;4756.375000;4759.315000;0
20260401 075200;4759.315000;4761.045000;4758.795000;4760.985000;0
20260401 075300;4760.955000;4761.185000;4758.785000;4759.215000;0
20260401 075400;4758.885000;4759.695000;4757.705000;4759.545000;0
20260401 075500;4759.595000;4759.965000;4757.525000;4758.155000;0
20260401 075600;4758.025000;4758.025000;4754.005000;4754.005000;0
20260401 075700;4754.075000;4756.755000;4753.675000;4756.755000;0
20260401 075800;4756.895000;4757.125000;4755.225000;4755.435000;0
20260401 075900;4755.478000;4755.845000;4752.135000;4752.135000;0
20260401 080000;4752.165000;4753.355000;4751.125000;4752.518000;0
20260401 080100;4752.538000;4752.758000;4750.565000;4752.135000;0
20260401 080200;4752.155000;4752.745000;4751.125000;4752.095000;0
20260401 080300;4752.045000;4752.135000;4750.148000;4750.255000;0
20260401 080400;4750.225000;4750.974000;4746.915000;4747.715000;0
20260401 080500;4747.895000;4748.845000;4746.995000;4747.495000;0
20260401 080600;4747.545000;4748.245000;4745.915000;4747.785000;0
20260401 080700;4747.755000;4747.805000;4742.255000;4742.285000;0
20260401 080800;4742.305000;4744.175000;4740.998000;4741.755000;0
20260401 080900;4741.725000;4744.125000;4738.925000;4742.565000;0
20260401 081000;4742.725000;4745.025000;4741.325000;4744.765000;0
20260401 081100;4744.345000;4744.425000;4741.795000;4742.175000;0
20260401 081200;4742.155000;4745.055000;4742.055000;4744.635000;0
20260401 081300;4744.595000;4744.615000;4742.935000;4743.775000;0
20260401 081400;4743.765000;4743.915000;4742.585000;4742.715000;0
20260401 081500;4742.115000;4744.295000;4740.075000;4744.225000;0
20260401 081600;4744.125000;4745.325000;4740.785000;4741.385000;0
20260401 081700;4741.365000;4741.675000;4738.685000;4740.565000;0
20260401 081800;4740.485000;4740.995000;4737.565000;4737.575000;0
20260401 081900;4737.625000;4739.145000;4735.935000;4739.105000;0
20260401 082000;4739.125000;4741.855000;4737.495000;4737.885000;0
20260401 082100;4737.905000;4738.525000;4730.485000;4731.455000;0
20260401 082200;4731.285000;4734.935000;4731.055000;4731.155000;0
20260401 082300;4731.175000;4734.245000;4731.175000;4733.015000;0
20260401 082400;4733.115000;4735.085000;4732.105000;4732.415000;0
20260401 082500;4732.425000;4732.565000;4729.615000;4729.775000;0
20260401 082600;4729.775000;4729.795000;4725.135000;4727.405000;0
20260401 082700;4727.405000;4729.225000;4724.435000;4726.535000;0
20260401 082800;4726.505000;4730.405000;4725.285000;4729.760000;0
20260401 082900;4729.696000;4735.785000;4729.655000;4734.910000;0
20260401 083000;4734.278000;4741.285000;4728.971000;4739.051000;0
20260401 083100;4738.995000;4743.075000;4736.920000;4742.545000;0
20260401 083200;4742.515000;4745.165000;4741.718000;4743.555000;0
20260401 083300;4743.585000;4744.235000;4740.025000;4741.965000;0
20260401 083400;4741.995000;4745.403000;4741.045000;4744.325000;0
20260401 083500;4744.305000;4748.785000;4743.575000;4748.115000;0
20260401 083600;4748.025000;4748.275000;4742.555000;4743.505000;0
20260401 083700;4743.455000;4743.485000;4736.335000;4736.475000;0
20260401 083800;4736.715000;4737.835000;4735.055000;4735.505000;0
20260401 083900;4735.565000;4735.928000;4733.695000;4735.715000;0
20260401 084000;4736.085000;4737.275000;4733.135000;4736.965000;0
20260401 084100;4737.015000;4737.315000;4734.285000;4735.065000;0
20260401 084200;4735.115000;4738.125000;4735.115000;4736.015000;0
20260401 084300;4735.985000;4738.125000;4735.535000;4737.965000;0
20260401 084400;4737.955000;4752.785000;4735.235000;4747.565000;0
20260401 084500;4747.575000;4753.475000;4731.605000;4746.235000;0
20260401 084600;4746.365000;4747.645000;4737.475000;4741.465000;0
20260401 084700;4741.335000;4743.505000;4737.885000;4741.485000;0
20260401 084800;4741.515000;4743.025000;4733.345000;4733.945000;0
20260401 084900;4733.925000;4736.725000;4731.235000;4733.765000;0
20260401 085000;4733.415000;4736.855000;4731.185000;4733.675000;0
20260401 085100;4733.705000;4734.245000;4726.365000;4727.995000;0
20260401 085200;4728.118000;4733.005000;4727.225000;4731.425000;0
20260401 085300;4731.445000;4732.895000;4729.405000;4732.095000;0
20260401 085400;4732.265000;4732.275000;4727.405000;4731.145000;0
20260401 085500;4731.195000;4733.125000;4727.775000;4728.545000;0
20260401 085600;4728.565000;4729.185000;4724.365000;4727.325000;0
20260401 085700;4727.545000;4729.455000;4725.295000;4726.515000;0
20260401 085800;4726.475000;4727.735000;4724.595000;4725.505000;0
20260401 085900;4725.535000;4726.955000;4724.155000;4724.635000;0
20260401 090000;4724.535000;4726.175000;4717.815000;4719.935000;0
20260401 090100;4720.235000;4720.705000;4716.005000;4720.645000;0
20260401 090200;4720.685000;4725.425000;4719.685000;4723.915000;0
20260401 090300;4724.455000;4724.785000;4721.775000;4723.395000;0
20260401 090400;4723.435000;4724.185000;4720.155000;4720.235000;0
20260401 090500;4720.215000;4723.595000;4717.845000;4722.055000;0
20260401 090600;4722.085000;4724.545000;4720.835000;4723.315000;0
20260401 090700;4723.285000;4728.155000;4723.075000;4727.465000;0
20260401 090800;4727.385000;4729.185000;4725.075000;4729.085000;0
20260401 090900;4729.075000;4729.265000;4725.155000;4728.895000;0
20260401 091000;4728.815000;4733.065000;4728.155000;4730.935000;0
20260401 091100;4730.825000;4732.185000;4730.215000;4730.945000;0
20260401 091200;4730.935000;4733.045000;4730.245000;4732.745000;0
20260401 091300;4732.695000;4733.415000;4730.535000;4730.835000;0
20260401 091400;4731.445000;4731.685000;4729.215000;4731.505000;0
20260401 091500;4731.038000;4733.325000;4730.208000;4731.965000;0
20260401 091600;4731.635000;4736.355000;4731.615000;4735.605000;0
20260401 091700;4735.525000;4736.095000;4733.185000;4733.275000;0
20260401 091800;4733.215000;4738.535000;4733.215000;4738.265000;0
20260401 091900;4738.335000;4740.235000;4738.115000;4739.165000;0
20260401 092000;4739.145000;4739.585000;4737.695000;4738.915000;0
20260401 092100;4738.905000;4738.905000;4730.695000;4731.615000;0
20260401 092200;4731.655000;4734.635000;4731.425000;4732.645000;0
20260401 092300;4732.705000;4735.135000;4732.625000;4733.465000;0
20260401 092400;4733.515000;4738.055000;4733.465000;4738.055000;0
20260401 092500;4738.095000;4739.535000;4736.095000;4736.475000;0
20260401 092600;4736.665000;4740.065000;4736.165000;4738.705000;0
20260401 092700;4738.885000;4742.145000;4738.608000;4741.925000;0
20260401 092800;4741.955000;4741.955000;4737.385000;4737.925000;0
20260401 092900;4737.815000;4738.075000;4735.455000;4736.025000;0
20260401 093000;4736.085000;4737.915000;4732.895000;4736.755000;0
20260401 093100;4736.785000;4737.375000;4730.555000;4734.415000;0
20260401 093200;4734.595000;4739.655000;4733.795000;4737.165000;0
20260401 093300;4737.135000;4739.725000;4735.565000;4737.985000;0
20260401 093400;4738.035000;4741.415000;4737.525000;4738.475000;0
20260401 093500;4738.415000;4744.115000;4737.225000;4741.975000;0
20260401 093600;4742.025000;4743.875000;4739.415000;4739.855000;0
20260401 093700;4739.955000;4744.285000;4738.195000;4744.255000;0
20260401 093800;4744.215000;4749.375000;4743.605000;4746.295000;0
20260401 093900;4746.335000;4748.225000;4743.845000;4745.805000;0
20260401 094000;4745.835000;4746.085000;4741.745000;4745.695000;0
20260401 094100;4745.855000;4747.805000;4744.465000;4746.795000;0
20260401 094200;4746.825000;4749.025000;4739.825000;4741.305000;0
20260401 094300;4741.355000;4741.675000;4735.125000;4736.175000;0
20260401 094400;4736.155000;4743.185000;4735.465000;4743.185000;0
20260401 094500;4743.225000;4745.785000;4741.815000;4743.185000;0
20260401 094600;4743.095000;4745.815000;4741.475000;4743.895000;0
20260401 094700;4744.075000;4745.805000;4737.915000;4739.175000;0
20260401 094800;4739.115000;4747.095000;4738.995000;4743.805000;0
20260401 094900;4743.765000;4745.015000;4742.475000;4743.155000;0
20260401 095000;4743.525000;4743.525000;4736.195000;4739.725000;0
20260401 095100;4739.635000;4741.165000;4733.585000;4734.785000;0
20260401 095200;4734.805000;4742.885000;4734.755000;4742.365000;0
20260401 095300;4742.525000;4748.485000;4742.385000;4745.345000;0
20260401 095400;4744.898000;4745.565000;4740.985000;4740.995000;0
20260401 095500;4740.975000;4741.135000;4734.815000;4736.055000;0
20260401 095600;4736.095000;4737.725000;4733.855000;4734.325000;0
20260401 095700;4734.155000;4739.755000;4734.155000;4737.275000;0
20260401 095800;4737.285000;4738.045000;4734.905000;4737.885000;0
20260401 095900;4737.925000;4739.535000;4737.465000;4737.565000;0
20260401 100000;4737.058000;4737.058000;4723.895000;4729.245000;0
20260401 100100;4729.415000;4738.415000;4727.868000;4737.545000;0
20260401 100200;4737.045000;4737.605000;4734.425000;4736.785000;0
20260401 100300;4736.585000;4741.735000;4736.105000;4739.485000;0
20260401 100400;4739.378000;4743.958000;4738.598000;4743.858000;0
20260401 100500;4744.305000;4746.575000;4742.095000;4743.255000;0
20260401 100600;4743.245000;4743.245000;4736.085000;4739.825000;0
20260401 100700;4739.845000;4742.955000;4739.365000;4741.785000;0
20260401 100800;4741.765000;4745.925000;4741.585000;4745.205000;0
20260401 100900;4745.195000;4745.818000;4741.375000;4742.605000;0
20260401 101000;4742.505000;4742.735000;4738.565000;4742.305000;0
20260401 101100;4742.155000;4742.155000;4736.895000;4736.945000;0
20260401 101200;4737.105000;4744.995000;4736.955000;4744.995000;0
20260401 101300;4744.975000;4746.755000;4743.755000;4745.445000;0
20260401 101400;4745.405000;4746.255000;4744.125000;4744.325000;0
20260401 101500;4744.295000;4746.325000;4743.155000;4744.645000;0
20260401 101600;4744.675000;4746.205000;4741.875000;4743.905000;0
20260401 101700;4743.925000;4745.285000;4740.315000;4743.915000;0
20260401 101800;4743.965000;4746.105000;4742.905000;4743.075000;0
20260401 101900;4743.728000;4748.395000;4743.625000;4746.705000;0
20260401 102000;4746.885000;4748.045000;4743.615000;4746.135000;0
20260401 102100;4746.345000;4750.585000;4745.095000;4748.495000;0
20260401 102200;4748.425000;4754.585000;4747.915000;4750.435000;0
20260401 102300;4750.295000;4750.525000;4745.175000;4748.875000;0
20260401 102400;4748.735000;4748.735000;4736.415000;4739.645000;0
20260401 102500;4739.585000;4741.655000;4737.055000;4741.405000;0
20260401 102600;4741.505000;4741.605000;4730.235000;4733.315000;0
20260401 102700;4733.305000;4736.555000;4731.685000;4736.155000;0
20260401 102800;4736.305000;4741.235000;4736.305000;4740.245000;0
20260401 102900;4740.265000;4742.305000;4739.845000;4741.985000;0
20260401 103000;4742.015000;4744.265000;4740.625000;4742.615000;0
20260401 103100;4742.605000;4743.165000;4740.745000;4741.065000;0
20260401 103200;4741.085000;4743.495000;4739.245000;4739.375000;0
20260401 103300;4739.525000;4743.395000;4739.258000;4741.545000;0
20260401 103400;4741.565000;4745.115000;4741.565000;4743.315000;0
20260401 103500;4743.345000;4743.705000;4739.655000;4739.975000;0
20260401 103600;4739.905000;4739.915000;4734.645000;4739.435000;0
20260401 103700;4739.455000;4744.365000;4738.215000;4744.025000;0
20260401 103800;4744.055000;4750.945000;4743.605000;4746.425000;0
20260401 103900;4746.455000;4752.568000;4745.965000;4749.825000;0
20260401 104000;4749.945000;4749.945000;4742.835000;4745.215000;0
20260401 104100;4745.165000;4749.745000;4744.405000;4749.595000;0
20260401 104200;4750.075000;4755.825000;4749.585000;4754.645000;0
20260401 104300;4754.695000;4756.315000;4752.125000;4752.795000;0
20260401 104400;4752.765000;4754.465000;4751.465000;4753.815000;0
20260401 104500;4753.895000;4756.775000;4753.525000;4756.565000;0
20260401 104600;4756.535000;4756.985000;4752.605000;4753.205000;0
20260401 104700;4753.035000;4755.985000;4752.475000;4755.675000;0
20260401 104800;4755.835000;4757.805000;4755.625000;4757.475000;0
20260401 104900;4757.445000;4759.815000;4757.205000;4758.595000;0
20260401 105000;4758.625000;4760.255000;4756.465000;4757.245000;0
20260401 105100;4757.275000;4758.835000;4755.955000;4757.855000;0
20260401 105200;4757.495000;4762.465000;4757.495000;4762.065000;0
20260401 105300;4762.035000;4766.385000;4760.938000;4764.065000;0
20260401 105400;4764.035000;4768.195000;4763.535000;4767.695000;0
20260401 105500;4767.645000;4768.605000;4762.715000;4762.715000;0
20260401 105600;4762.675000;4764.125000;4761.315000;4762.855000;0
20260401 105700;4762.725000;4762.915000;4759.815000;4760.845000;0
20260401 105800;4760.795000;4763.855000;4759.255000;4763.275000;0
20260401 105900;4763.455000;4763.455000;4759.698000;4760.495000;0
20260401 110000;4760.525000;4761.685000;4759.455000;4760.925000;0
20260401 110100;4760.905000;4763.095000;4758.285000;4761.735000;0
20260401 110200;4761.435000;4765.285000;4761.395000;4764.475000;0
20260401 110300;4764.385000;4770.575000;4763.465000;4769.945000;0
20260401 110400;4769.905000;4770.085000;4765.575000;4766.695000;0
20260401 110500;4766.725000;4769.175000;4765.685000;4768.898000;0
20260401 110600;4768.898000;4772.555000;4768.628000;4770.305000;0
20260401 110700;4770.315000;4772.565000;4768.765000;4772.565000;0
20260401 110800;4772.185000;4772.295000;4769.805000;4770.755000;0
20260401 110900;4770.755000;4773.555000;4770.665000;4773.125000;0
20260401 111000;4773.205000;4774.820000;4763.725000;4766.035000;0
20260401 111100;4766.035000;4770.385000;4765.795000;4770.275000;0
20260401 111200;4770.295000;4770.295000;4766.445000;4769.065000;0
20260401 111300;4769.095000;4769.595000;4766.818000;4767.125000;0
20260401 111400;4767.155000;4768.145000;4761.625000;4764.555000;0
20260401 111500;4764.545000;4767.805000;4764.545000;4765.625000;0
20260401 111600;4765.595000;4766.945000;4764.448000;4765.305000;0
20260401 111700;4765.375000;4765.615000;4762.155000;4763.195000;0
20260401 111800;4763.175000;4768.905000;4763.145000;4768.255000;0
20260401 111900;4768.325000;4770.405000;4768.075000;4770.405000;0
20260401 112000;4770.375000;4770.375000;4768.145000;4769.455000;0
20260401 112100;4769.495000;4771.465000;4767.955000;4770.505000;0
20260401 112200;4770.535000;4774.615000;4770.535000;4774.245000;0
20260401 112300;4774.195000;4776.195000;4772.845000;4773.035000;0
20260401 112400;4773.005000;4773.035000;4768.825000;4769.795000;0
20260401 112500;4769.775000;4771.405000;4767.935000;4770.905000;0
20260401 112600;4770.945000;4771.295000;4769.415000;4770.465000;0
20260401 112700;4770.405000;4773.865000;4769.245000;4772.795000;0
20260401 112800;4772.775000;4773.675000;4770.008000;4772.095000;0
20260401 112900;4771.575000;4773.265000;4771.055000;4772.945000;0
20260401 113000;4773.005000;4774.515000;4769.875000;4770.185000;0
20260401 113100;4770.175000;4777.775000;4769.738000;4775.095000;0
20260401 113200;4775.115000;4778.905000;4775.115000;4777.225000;0
20260401 113300;4777.225000;4778.095000;4776.405000;4777.195000;0
20260401 113400;4777.215000;4780.025000;4777.095000;4779.655000;0
20260401 113500;4779.655000;4780.565000;4778.738000;4780.425000;0
20260401 113600;4780.395000;4783.545000;4779.398000;4782.885000;0
20260401 113700;4782.835000;4783.498000;4780.005000;4781.465000;0
20260401 113800;4781.445000;4781.495000;4779.095000;4779.295000;0
20260401 113900;4779.325000;4782.725000;4778.925000;4781.605000;0
20260401 114000;4781.565000;4781.625000;4779.335000;4780.645000;0
20260401 114100;4781.065000;4782.445000;4780.605000;4781.315000;0
20260401 114200;4781.395000;4782.765000;4780.308000;4782.205000;0
20260401 114300;4782.185000;4783.525000;4781.765000;4782.985000;0
20260401 114400;4782.665000;4786.505000;4782.665000;4785.285000;0
20260401 114500;4785.335000;4786.915000;4784.448000;4784.448000;0
20260401 114600;4784.475000;4785.815000;4783.315000;4784.255000;0
20260401 114700;4784.225000;4784.705000;4782.848000;4784.275000;0
20260401 114800;4784.245000;4785.295000;4783.605000;4783.925000;0
20260401 114900;4783.905000;4785.355000;4783.705000;4784.325000;0
20260401 115000;4784.465000;4787.936000;4784.005000;4786.295000;0
20260401 115100;4786.315000;4786.465000;4784.255000;4784.255000;0
20260401 115200;4784.225000;4785.945000;4784.195000;4784.595000;0
20260401 115300;4784.575000;4787.645000;4783.765000;4786.975000;0
20260401 115400;4786.915000;4787.045000;4784.435000;4785.235000;0
20260401 115500;4785.325000;4785.675000;4782.105000;4784.155000;0
20260401 115600;4784.098000;4786.575000;4784.005000;4785.845000;0
20260401 115700;4785.825000;4787.415000;4785.055000;4785.495000;0
20260401 115800;4785.525000;4786.915000;4784.905000;4786.515000;0
20260401 115900;4786.335000;4786.745000;4785.575000;4786.298000;0
20260401 120000;4786.225000;4788.098000;4785.195000;4788.098000;0
20260401 120100;4788.075000;4789.015000;4787.415000;4788.965000;0
20260401 120200;4789.015000;4790.405000;4788.598000;4788.785000;0
20260401 120300;4788.705000;4788.705000;4782.665000;4783.465000;0
20260401 120400;4783.255000;4786.245000;4782.905000;4785.635000;0
20260401 120500;4785.685000;4786.995000;4783.935000;4786.995000;0
20260401 120600;4787.395000;4787.835000;4784.775000;4784.875000;0
20260401 120700;4784.825000;4786.735000;4783.735000;4783.785000;0
20260401 120800;4783.365000;4783.615000;4781.515000;4782.865000;0
20260401 120900;4782.895000;4785.455000;4782.015000;4785.175000;0
20260401 121000;4785.055000;4785.265000;4781.435000;4782.065000;0
20260401 121100;4782.085000;4782.115000;4776.845000;4777.665000;0
20260401 121200;4777.948000;4778.645000;4776.758000;4778.175000;0
20260401 121300;4778.445000;4779.738000;4776.595000;4778.255000;0
20260401 121400;4778.295000;4778.355000;4773.925000;4774.625000;0
20260401 121500;4774.625000;4778.755000;4774.305000;4777.875000;0
20260401 121600;4777.815000;4777.815000;4774.835000;4777.025000;0
20260401 121700;4776.995000;4777.205000;4774.235000;4775.395000;0
20260401 121800;4775.415000;4778.355000;4774.755000;4777.905000;0
20260401 121900;4777.875000;4782.065000;4777.755000;4782.065000;0
20260401 122000;4782.085000;4782.695000;4780.965000;4782.435000;0
20260401 122100;4782.455000;4783.285000;4782.015000;4782.245000;0
20260401 122200;4782.275000;4782.905000;4780.985000;4781.405000;0
20260401 122300;4781.375000;4782.535000;4780.635000;4782.235000;0
20260401 122400;4782.265000;4782.545000;4779.355000;4779.615000;0
20260401 122500;4779.655000;4779.675000;4777.255000;4777.435000;0
20260401 122600;4777.415000;4777.758000;4775.778000;4776.698000;0
20260401 122700;4776.698000;4777.448000;4775.348000;4775.598000;0
20260401 122800;4775.598000;4777.798000;4774.538000;4774.935000;0
20260401 122900;4774.745000;4777.065000;4774.455000;4776.048000;0
20260401 123000;4776.125000;4777.205000;4775.285000;4776.825000;0
20260401 123100;4776.848000;4777.805000;4776.155000;4776.385000;0
20260401 123200;4776.435000;4779.448000;4774.915000;4778.955000;0
20260401 123300;4778.925000;4781.075000;4778.475000;4780.945000;0
20260401 123400;4780.965000;4783.015000;4780.628000;4782.095000;0
20260401 123500;4781.918000;4784.055000;4781.445000;4783.905000;0
20260401 123600;4783.825000;4784.205000;4782.335000;4784.155000;0
20260401 123700;4784.135000;4784.705000;4782.675000;4784.585000;0
20260401 123800;4784.535000;4784.755000;4783.345000;4783.635000;0
20260401 123900;4783.665000;4783.685000;4780.345000;4780.605000;0
20260401 124000;4780.615000;4781.575000;4780.315000;4780.995000;0
20260401 124100;4780.855000;4781.995000;4780.385000;4781.865000;0
20260401 124200;4781.765000;4782.988000;4781.205000;4782.965000;0
20260401 124300;4782.925000;4783.675000;4781.395000;4782.655000;0
20260401 124400;4782.655000;4784.055000;4782.245000;4784.015000;0
20260401 124500;4784.015000;4784.955000;4782.925000;4783.125000;0
20260401 124600;4783.125000;4784.005000;4782.855000;4783.705000;0
20260401 124700;4783.695000;4784.498000;4783.155000;4784.145000;0
20260401 124800;4784.135000;4784.255000;4783.575000;4783.705000;0
20260401 124900;4783.685000;4783.825000;4783.035000;4783.655000;0
20260401 125000;4783.665000;4784.555000;4781.875000;4781.895000;0
20260401 125100;4781.935000;4782.535000;4781.525000;4782.535000;0
20260401 125200;4782.525000;4783.715000;4782.115000;4783.255000;0
20260401 125300;4783.195000;4783.785000;4783.025000;4783.455000;0
20260401 125400;4783.465000;4784.095000;4782.728000;4783.345000;0
20260401 125500;4783.245000;4784.055000;4782.568000;4782.698000;0
20260401 125600;4782.698000;4783.585000;4782.565000;4783.575000;0
20260401 125700;4783.595000;4784.498000;4783.295000;4784.105000;0
20260401 125800;4784.135000;4786.725000;4784.065000;4786.405000;0
20260401 125900;4786.395000;4788.295000;4786.155000;4786.955000;0
20260401 130000;4786.855000;4788.375000;4786.235000;4787.485000;0
20260401 130100;4787.515000;4789.155000;4787.265000;4788.985000;0
20260401 130200;4789.005000;4791.395000;4788.285000;4791.068000;0
20260401 130300;4790.925000;4791.698000;4789.885000;4790.965000;0
20260401 130400;4790.935000;4791.005000;4788.145000;4788.965000;0
20260401 130500;4788.855000;4791.465000;4788.455000;4791.465000;0
20260401 130600;4791.445000;4793.135000;4791.445000;4792.035000;0
20260401 130700;4792.065000;4792.885000;4791.385000;4791.805000;0
20260401 130800;4791.805000;4792.635000;4791.475000;4792.285000;0
20260401 130900;4792.235000;4792.495000;4790.595000;4790.965000;0
20260401 131000;4790.865000;4791.365000;4789.898000;4790.685000;0
20260401 131100;4790.715000;4791.065000;4789.515000;4789.515000;0
20260401 131200;4789.515000;4790.165000;4788.898000;4789.755000;0
20260401 131300;4789.755000;4791.085000;4789.375000;4789.725000;0
20260401 131400;4789.635000;4789.865000;4787.865000;4788.315000;0
20260401 131500;4788.375000;4789.115000;4787.465000;4787.875000;0
20260401 131600;4787.765000;4787.895000;4786.698000;4787.055000;0
20260401 131700;4787.125000;4787.715000;4783.785000;4784.335000;0
20260401 131800;4784.315000;4784.515000;4782.055000;4783.335000;0
20260401 131900;4783.185000;4786.095000;4782.915000;4785.345000;0
20260401 132000;4785.375000;4787.655000;4785.375000;4786.865000;0
20260401 132100;4786.885000;4787.955000;4786.535000;4787.585000;0
20260401 132200;4787.605000;4788.055000;4786.615000;4786.635000;0
20260401 132300;4786.665000;4786.925000;4783.905000;4785.185000;0
20260401 132400;4785.215000;4787.815000;4785.215000;4787.245000;0
20260401 132500;4787.205000;4787.205000;4784.078000;4786.205000;0
20260401 132600;4786.708000;4786.965000;4785.545000;4786.315000;0
20260401 132700;4786.305000;4786.905000;4785.118000;4786.855000;0
20260401 132800;4786.875000;4789.685000;4785.995000;4788.515000;0
20260401 132900;4788.575000;4789.195000;4784.135000;4784.945000;0
20260401 133000;4785.005000;4786.075000;4783.425000;4784.105000;0
20260401 133100;4784.065000;4785.575000;4783.975000;4785.405000;0
20260401 133200;4785.425000;4785.455000;4783.475000;4784.205000;0
20260401 133300;4784.235000;4785.035000;4782.198000;4782.198000;0
20260401 133400;4782.198000;4785.165000;4779.155000;4779.465000;0
20260401 133500;4779.505000;4780.215000;4775.395000;4775.505000;0
20260401 133600;4775.485000;4780.065000;4775.455000;4777.895000;0
20260401 133700;4778.038000;4780.185000;4777.265000;4779.935000;0
20260401 133800;4779.995000;4781.355000;4779.745000;4780.755000;0
20260401 133900;4780.775000;4782.735000;4780.035000;4782.325000;0
20260401 134000;4782.375000;4784.395000;4782.205000;4782.778000;0
20260401 134100;4782.778000;4783.685000;4781.645000;4781.975000;0
20260401 134200;4781.995000;4784.375000;4781.995000;4784.135000;0
20260401 134300;4784.165000;4784.565000;4783.215000;4783.905000;0
20260401 134400;4783.935000;4783.985000;4781.298000;4781.855000;0
20260401 134500;4781.885000;4783.085000;4781.498000;4782.705000;0
20260401 134600;4782.735000;4783.055000;4781.145000;4781.295000;0
20260401 134700;4781.375000;4781.405000;4779.765000;4780.145000;0
20260401 134800;4780.055000;4781.325000;4780.035000;4780.505000;0
20260401 134900;4780.555000;4780.555000;4779.065000;4780.015000;0
20260401 135000;4779.895000;4780.085000;4777.875000;4778.515000;0
20260401 135100;4778.565000;4781.025000;4778.565000;4779.485000;0
20260401 135200;4779.965000;4781.165000;4778.495000;4780.585000;0
20260401 135300;4780.975000;4781.115000;4779.005000;4779.005000;0
20260401 135400;4779.175000;4780.235000;4778.985000;4779.215000;0
20260401 135500;4779.335000;4779.815000;4778.665000;4778.795000;0
20260401 135600;4778.775000;4778.865000;4775.725000;4776.915000;0
20260401 135700;4776.885000;4776.905000;4774.505000;4775.805000;0
20260401 135800;4775.715000;4776.995000;4773.905000;4774.045000;0
20260401 135900;4773.988000;4775.535000;4773.395000;4774.018000;0
20260401 140000;4774.025000;4774.325000;4771.005000;4771.405000;0
20260401 140100;4771.425000;4774.915000;4770.885000;4772.435000;0
20260401 140200;4772.235000;4773.105000;4768.305000;4769.585000;0
20260401 140300;4769.645000;4770.425000;4759.025000;4761.715000;0
20260401 140400;4761.785000;4764.645000;4760.365000;4764.125000;0
20260401 140500;4764.095000;4768.275000;4763.215000;4766.695000;0
20260401 140600;4766.755000;4773.965000;4766.755000;4771.938000;0
20260401 140700;4771.938000;4771.955000;4768.355000;4768.575000;0
20260401 140800;4768.618000;4769.765000;4767.715000;4768.185000;0
20260401 140900;4768.165000;4768.165000;4765.115000;4766.855000;0
20260401 141000;4766.995000;4771.375000;4766.865000;4769.465000;0
20260401 141100;4769.495000;4772.635000;4769.465000;4771.965000;0
20260401 141200;4771.935000;4771.935000;4769.985000;4771.195000;0
20260401 141300;4771.265000;4772.185000;4770.245000;4770.915000;0
20260401 141400;4770.885000;4772.645000;4769.965000;4771.025000;0
20260401 141500;4770.955000;4771.605000;4768.415000;4769.135000;0
20260401 141600;4769.158000;4769.855000;4766.215000;4766.475000;0
20260401 141700;4766.505000;4767.365000;4762.785000;4763.145000;0
20260401 141800;4763.185000;4763.785000;4761.355000;4761.835000;0
20260401 141900;4761.835000;4762.865000;4759.265000;4762.105000;0
20260401 142000;4762.105000;4764.335000;4759.185000;4759.185000;0
20260401 142100;4759.205000;4759.205000;4755.605000;4756.215000;0
20260401 142200;4756.205000;4759.385000;4754.075000;4754.155000;0
20260401 142300;4754.145000;4758.425000;4753.835000;4757.145000;0
20260401 142400;4757.175000;4757.515000;4752.715000;4755.275000;0
20260401 142500;4755.235000;4757.698000;4753.258000;4757.365000;0
20260401 142600;4757.055000;4759.385000;4756.698000;4757.725000;0
20260401 142700;4757.685000;4759.525000;4757.665000;4758.395000;0
20260401 142800;4758.435000;4758.635000;4755.735000;4755.775000;0
20260401 142900;4755.835000;4756.425000;4753.605000;4753.855000;0
20260401 143000;4753.885000;4758.625000;4753.885000;4757.705000;0
20260401 143100;4757.685000;4758.875000;4755.585000;4757.835000;0
20260401 143200;4757.885000;4761.125000;4757.565000;4759.025000;0
20260401 143300;4758.995000;4759.575000;4756.365000;4757.875000;0
20260401 143400;4757.905000;4758.265000;4755.495000;4755.585000;0
20260401 143500;4755.625000;4756.025000;4749.045000;4749.195000;0
20260401 143600;4749.255000;4750.535000;4746.455000;4749.315000;0
20260401 143700;4749.355000;4751.475000;4743.785000;4743.965000;0
20260401 143800;4743.978000;4745.565000;4741.805000;4742.155000;0
20260401 143900;4742.175000;4749.895000;4742.155000;4749.085000;0
20260401 144000;4748.925000;4756.758000;4748.245000;4756.478000;0
20260401 144100;4756.538000;4765.938000;4756.238000;4761.098000;0
20260401 144200;4761.078000;4762.205000;4760.015000;4760.515000;0
20260401 144300;4760.498000;4760.855000;4757.385000;4758.775000;0
20260401 144400;4758.658000;4758.658000;4755.275000;4756.665000;0
20260401 144500;4756.705000;4758.295000;4755.995000;4756.445000;0
20260401 144600;4756.498000;4756.498000;4751.878000;4752.555000;0
20260401 144700;4752.578000;4756.515000;4752.375000;4755.595000;0
20260401 144800;4755.575000;4757.735000;4754.598000;4754.938000;0
20260401 144900;4755.105000;4756.275000;4754.998000;4755.798000;0
20260401 145000;4755.738000;4757.118000;4754.518000;4755.418000;0
20260401 145100;4755.378000;4755.418000;4751.595000;4752.818000;0
20260401 145200;4752.915000;4752.915000;4751.365000;4752.645000;0
20260401 145300;4752.685000;4756.575000;4752.255000;4755.058000;0
20260401 145400;4755.058000;4757.135000;4754.845000;4754.995000;0
20260401 145500;4754.885000;4755.985000;4753.075000;4753.765000;0
20260401 145600;4753.735000;4755.455000;4751.815000;4754.465000;0
20260401 145700;4754.425000;4755.465000;4753.115000;4755.375000;0
20260401 145800;4755.335000;4755.335000;4752.065000;4753.335000;0
20260401 145900;4753.395000;4754.825000;4752.005000;4752.935000;0
20260401 150000;4752.985000;4755.715000;4751.065000;4753.645000;0
20260401 150100;4753.975000;4757.085000;4753.205000;4753.675000;0
20260401 150200;4753.565000;4756.325000;4752.435000;4752.505000;0
20260401 150300;4752.475000;4754.515000;4751.815000;4754.205000;0
20260401 150400;4754.155000;4758.005000;4754.155000;4757.655000;0
20260401 150500;4757.655000;4762.365000;4757.655000;4761.415000;0
20260401 150600;4761.445000;4761.645000;4760.095000;4761.135000;0
20260401 150700;4761.165000;4763.675000;4760.835000;4763.015000;0
20260401 150800;4763.045000;4765.125000;4760.315000;4760.525000;0
20260401 150900;4760.525000;4760.525000;4757.555000;4757.805000;0
20260401 151000;4757.775000;4758.485000;4756.505000;4758.145000;0
20260401 151100;4758.115000;4758.875000;4755.545000;4756.405000;0
20260401 151200;4756.445000;4759.225000;4756.445000;4757.295000;0
20260401 151300;4757.265000;4759.725000;4757.235000;4759.565000;0
20260401 151400;4759.275000;4760.325000;4758.315000;4759.535000;0
20260401 151500;4759.695000;4760.365000;4759.105000;4759.575000;0
20260401 151600;4759.555000;4760.455000;4758.465000;4760.045000;0
20260401 151700;4760.025000;4760.275000;4758.885000;4759.775000;0
20260401 151800;4759.755000;4761.805000;4759.235000;4761.365000;0
20260401 151900;4761.405000;4761.965000;4760.605000;4760.815000;0
20260401 152000;4760.845000;4762.695000;4760.645000;4761.655000;0
20260401 152100;4761.625000;4761.845000;4759.385000;4760.455000;0
20260401 152200;4760.345000;4760.875000;4758.305000;4759.405000;0
20260401 152300;4759.385000;4762.085000;4759.385000;4761.465000;0
20260401 152400;4761.235000;4762.445000;4760.645000;4760.645000;0
20260401 152500;4760.265000;4764.685000;4760.235000;4763.175000;0
20260401 152600;4763.195000;4766.395000;4762.875000;4765.565000;0
20260401 152700;4765.545000;4768.875000;4765.235000;4767.585000;0
20260401 152800;4767.555000;4767.575000;4762.165000;4763.065000;0
20260401 152900;4763.105000;4765.495000;4763.105000;4765.215000;0
20260401 153000;4765.305000;4767.075000;4765.175000;4766.745000;0
20260401 153100;4766.715000;4766.835000;4763.555000;4764.105000;0
20260401 153200;4764.015000;4765.245000;4763.035000;4764.065000;0
20260401 153300;4764.015000;4765.235000;4762.865000;4763.975000;0
20260401 153400;4763.955000;4767.125000;4763.715000;4766.945000;0
20260401 153500;4766.898000;4767.925000;4766.695000;4767.665000;0
20260401 153600;4767.605000;4771.805000;4767.605000;4771.225000;0
20260401 153700;4771.205000;4773.185000;4770.205000;4772.905000;0
20260401 153800;4772.885000;4774.265000;4771.935000;4773.095000;0
20260401 153900;4773.075000;4775.195000;4772.975000;4774.765000;0
20260401 154000;4774.765000;4777.935000;4774.545000;4777.445000;0
20260401 154100;4777.415000;4777.525000;4774.355000;4775.305000;0
20260401 154200;4775.295000;4775.715000;4773.875000;4774.025000;0
20260401 154300;4774.005000;4775.365000;4772.275000;4772.555000;0
20260401 154400;4772.595000;4772.655000;4768.485000;4769.075000;0
20260401 154500;4769.065000;4770.015000;4766.855000;4767.898000;0
20260401 154600;4767.935000;4768.955000;4765.525000;4765.605000;0
20260401 154700;4765.698000;4768.125000;4765.525000;4767.065000;0
20260401 154800;4767.585000;4769.645000;4766.698000;4768.315000;0
20260401 154900;4768.298000;4768.775000;4766.938000;4767.545000;0
20260401 155000;4767.925000;4768.318000;4760.115000;4760.805000;0
20260401 155100;4760.678000;4764.645000;4757.885000;4762.875000;0
20260401 155200;4762.895000;4765.635000;4762.675000;4764.045000;0
20260401 155300;4764.075000;4766.995000;4764.015000;4766.675000;0
20260401 155400;4766.645000;4767.045000;4764.975000;4765.025000;0
20260401 155500;4765.125000;4769.355000;4764.458000;4768.615000;0
20260401 155600;4768.538000;4771.308000;4767.718000;4769.525000;0
20260401 155700;4769.795000;4770.625000;4766.195000;4768.355000;0
20260401 155800;4768.325000;4770.025000;4765.038000;4768.515000;0
20260401 155900;4768.495000;4768.555000;4764.155000;4765.735000;0
20260401 160000;4765.715000;4769.438000;4765.525000;4767.205000;0
20260401 160100;4767.005000;4767.095000;4765.045000;4765.945000;0
20260401 160200;4765.855000;4766.305000;4763.435000;4763.505000;0
20260401 160300;4763.485000;4765.885000;4763.485000;4764.095000;0
20260401 160400;4763.655000;4765.055000;4762.365000;4765.045000;0
20260401 160500;4765.075000;4765.518000;4764.415000;4765.265000;0
20260401 160600;4765.305000;4766.585000;4765.005000;4765.465000;0
20260401 160700;4765.495000;4765.495000;4763.605000;4764.695000;0
20260401 160800;4764.665000;4767.765000;4763.845000;4767.175000;0
20260401 160900;4767.175000;4767.445000;4765.835000;4767.385000;0
20260401 161000;4767.585000;4768.555000;4766.995000;4768.555000;0
20260401 161100;4768.535000;4768.915000;4767.595000;4767.855000;0
20260401 161200;4767.825000;4768.075000;4767.245000;4767.645000;0
20260401 161300;4767.535000;4769.138000;4767.535000;4768.435000;0
20260401 161400;4768.455000;4768.785000;4768.215000;4768.455000;0
20260401 161500;4768.475000;4770.225000;4768.395000;4769.855000;0
20260401 161600;4769.885000;4769.995000;4769.215000;4769.495000;0
20260401 161700;4769.505000;4770.085000;4768.865000;4769.415000;0
20260401 161800;4769.415000;4770.155000;4768.405000;4770.005000;0
20260401 161900;4770.045000;4770.835000;4769.975000;4770.655000;0
20260401 162000;4770.685000;4770.755000;4769.975000;4770.625000;0
20260401 162100;4770.645000;4770.835000;4768.848000;4769.305000;0
20260401 162200;4769.325000;4769.345000;4769.015000;4769.225000;0
20260401 162300;4769.215000;4769.215000;4763.315000;4763.985000;0
20260401 162400;4763.725000;4764.375000;4762.535000;4762.575000;0
20260401 162500;4762.595000;4764.385000;4762.595000;4764.045000;0
20260401 162600;4764.115000;4764.915000;4763.715000;4764.135000;0
20260401 162700;4764.175000;4764.395000;4762.725000;4763.365000;0
20260401 162800;4763.365000;4763.955000;4763.185000;4763.635000;0
20260401 162900;4763.645000;4764.925000;4760.775000;4761.855000;0
20260401 163000;4761.875000;4762.225000;4761.335000;4762.105000;0
20260401 163100;4762.135000;4763.465000;4759.115000;4759.235000;0
20260401 163200;4759.195000;4759.505000;4758.145000;4759.225000;0
20260401 163300;4759.225000;4760.285000;4757.485000;4759.775000;0
20260401 163400;4759.805000;4760.515000;4759.095000;4759.825000;0
20260401 163500;4759.865000;4760.835000;4759.865000;4760.045000;0
20260401 163600;4760.245000;4762.235000;4759.835000;4761.655000;0
20260401 163700;4761.475000;4761.565000;4759.955000;4759.955000;0
20260401 163800;4759.975000;4760.205000;4757.405000;4757.805000;0
20260401 163900;4757.785000;4759.255000;4757.675000;4757.915000;0
20260401 164000;4757.875000;4757.905000;4754.905000;4755.425000;0
20260401 164100;4754.635000;4758.105000;4754.015000;4757.145000;0
20260401 164200;4757.185000;4757.575000;4755.375000;4755.795000;0
20260401 164300;4756.115000;4757.195000;4755.075000;4757.195000;0
20260401 164400;4757.175000;4760.405000;4757.075000;4759.665000;0
20260401 164500;4759.405000;4761.205000;4758.535000;4760.105000;0
20260401 164600;4760.055000;4761.325000;4760.055000;4761.065000;0
20260401 164700;4761.095000;4762.445000;4761.095000;4762.415000;0
20260401 164800;4762.518000;4763.155000;4761.705000;4763.035000;0
20260401 164900;4763.055000;4763.055000;4762.205000;4762.435000;0
20260401 165000;4762.465000;4762.505000;4761.405000;4762.175000;0
20260401 165100;4762.418000;4762.715000;4758.465000;4758.815000;0
20260401 165200;4758.785000;4759.435000;4758.495000;4758.785000;0
20260401 165300;4758.745000;4759.185000;4757.025000;4757.695000;0
20260401 165400;4757.665000;4758.375000;4756.825000;4757.105000;0
20260401 165500;4758.035000;4758.505000;4756.995000;4757.665000;0
20260401 165600;4757.705000;4758.085000;4756.535000;4756.605000;0
20260401 165700;4756.605000;4757.255000;4756.285000;4756.385000;0
20260401 165800;4756.565000;4758.725000;4756.235000;4757.845000;0
20260401 165900;4758.095000;4758.565000;4756.975000;4757.565000;0
20260401 180000;4757.505000;4757.505000;4757.225000;4757.465000;0
20260401 180300;4755.898000;4755.995000;4755.768000;4755.825000;0
20260401 180400;4755.835000;4758.335000;4755.662000;4756.245000;0
20260401 180500;4756.275000;4756.435000;4750.258000;4755.498000;0
20260401 180600;4755.353000;4755.915000;4753.605000;4755.408000;0
20260401 180700;4755.408000;4756.035000;4753.995000;4756.035000;0
20260401 180800;4756.125000;4761.040000;4747.875000;4750.548000;0
20260401 180900;4750.548000;4755.078000;4749.745000;4754.195000;0
20260401 181000;4754.275000;4756.965000;4753.198000;4756.045000;0
20260401 181100;4756.025000;4757.055000;4753.845000;4757.055000;0
20260401 181200;4756.695000;4757.575000;4755.258000;4756.735000;0
20260401 181300;4756.455000;4757.135000;4756.455000;4756.895000;0
20260401 181400;4756.895000;4757.235000;4755.908000;4756.255000;0
20260401 181500;4756.295000;4760.988000;4754.305000;4758.618000;0
20260401 181600;4758.198000;4758.198000;4756.278000;4757.248000;0
20260401 181700;4757.368000;4758.898000;4752.325000;4758.898000;0
20260401 181800;4758.898000;4760.298000;4758.298000;4759.698000;0
20260401 181900;4759.798000;4759.798000;4757.798000;4758.798000;0
20260401 182000;4758.818000;4759.488000;4756.298000;4757.298000;0
20260401 182100;4756.898000;4757.898000;4756.898000;4757.418000;0
20260401 182200;4757.398000;4760.498000;4757.198000;4759.498000;0
20260401 182300;4759.298000;4765.745000;4756.381000;4764.215000;0
20260401 182400;4764.155000;4767.135000;4761.048000;4763.865000;0
20260401 182500;4763.398000;4770.015000;4762.605000;4766.328000;0
20260401 182600;4766.198000;4773.245000;4765.245000;4769.038000;0
20260401 182700;4769.048000;4773.725000;4767.601000;4773.325000;0
20260401 182800;4773.735000;4773.735000;4767.575000;4771.155000;0
20260401 182900;4771.155000;4773.655000;4771.155000;4772.795000;0
20260401 183000;4772.765000;4773.945000;4772.405000;4772.995000;0
20260401 183100;4772.935000;4774.955000;4770.905000;4774.875000;0
20260401 183200;4774.795000;4774.875000;4771.425000;4771.915000;0
20260401 183300;4771.915000;4774.345000;4771.398000;4772.998000;0
20260401 183400;4773.615000;4777.675000;4772.685000;4776.725000;0
20260401 183500;4776.645000;4781.035000;4774.648000;4779.085000;0
20260401 183600;4778.535000;4778.778000;4776.115000;4776.978000;0
20260401 183700;4777.598000;4777.655000;4774.445000;4774.805000;0
20260401 183800;4774.745000;4776.285000;4773.275000;4774.235000;0
20260401 183900;4774.235000;4774.645000;4773.605000;4773.978000;0
20260401 184000;4773.978000;4774.085000;4772.465000;4773.105000;0
20260401 184100;4772.895000;4773.378000;4770.215000;4772.675000;0
20260401 184200;4772.645000;4773.345000;4771.375000;4771.535000;0
20260401 184300;4771.535000;4772.985000;4771.298000;4772.498000;0
20260401 184400;4772.518000;4779.445000;4771.458000;4775.905000;0
20260401 184500;4775.875000;4778.685000;4775.695000;4778.095000;0
20260401 184600;4778.095000;4780.785000;4777.465000;4779.395000;0
20260401 184700;4779.395000;4779.895000;4778.905000;4779.155000;0
20260401 184800;4779.185000;4780.165000;4777.465000;4778.885000;0
20260401 184900;4778.845000;4780.295000;4778.445000;4780.005000;0
20260401 185000;4780.075000;4780.778000;4779.235000;4780.155000;0
20260401 185100;4780.185000;4782.555000;4775.485000;4775.495000;0
20260401 185200;4775.515000;4777.065000;4774.765000;4776.175000;0
20260401 185300;4776.145000;4778.685000;4775.605000;4777.265000;0
20260401 185400;4777.275000;4780.135000;4776.875000;4778.885000;0
20260401 185500;4778.845000;4779.325000;4778.145000;4778.905000;0
20260401 185600;4778.835000;4778.835000;4775.125000;4777.155000;0
20260401 185700;4777.135000;4777.515000;4775.595000;4775.595000;0
20260401 185800;4775.585000;4775.898000;4774.798000;4775.618000;0
20260401 185900;4775.758000;4775.978000;4774.918000;4775.878000;0
20260401 190000;4776.118000;4776.258000;4773.818000;4774.038000;0
20260401 190100;4774.238000;4775.518000;4772.875000;4775.078000;0
20260401 190200;4775.138000;4776.268000;4775.138000;4775.238000;0
20260401 190300;4775.268000;4775.318000;4773.898000;4773.958000;0
20260401 190400;4774.478000;4778.338000;4774.038000;4778.078000;0
20260401 190500;4777.998000;4782.858000;4777.998000;4782.338000;0
20260401 190600;4782.378000;4786.498000;4782.085000;4786.118000;0
20260401 190700;4786.118000;4786.118000;4784.555000;4785.318000;0
20260401 190800;4785.718000;4787.998000;4785.438000;4787.978000;0
20260401 190900;4788.018000;4788.608000;4786.378000;4786.838000;0
20260401 191000;4786.578000;4791.155000;4786.365000;4790.005000;0
20260401 191100;4789.815000;4789.815000;4787.745000;4788.375000;0
20260401 191200;4788.375000;4789.435000;4787.128000;4787.128000;0
20260401 191300;4787.128000;4788.025000;4787.128000;4787.765000;0
20260401 191400;4787.765000;4791.495000;4787.605000;4791.115000;0
20260401 191500;4791.135000;4795.438000;4789.975000;4791.785000;0
20260401 191600;4791.775000;4791.955000;4788.375000;4790.185000;0
20260401 191700;4790.155000;4792.135000;4789.545000;4791.775000;0
20260401 191800;4791.715000;4793.695000;4790.675000;4793.385000;0
20260401 191900;4793.415000;4798.785000;4792.935000;4795.805000;0
20260401 192000;4795.785000;4797.295000;4792.355000;4792.555000;0
20260401 192100;4792.818000;4797.665000;4792.765000;4796.925000;0
20260401 192200;4796.935000;4797.715000;4795.638000;4795.865000;0
20260401 192300;4795.835000;4795.835000;4794.175000;4794.175000;0
20260401 192400;4794.195000;4794.195000;4791.615000;4792.545000;0
20260401 192500;4792.525000;4793.345000;4791.975000;4793.285000;0
20260401 192600;4793.305000;4794.625000;4792.955000;4794.485000;0
20260401 192700;4794.435000;4795.815000;4793.975000;4795.135000;0
20260401 192800;4795.165000;4796.035000;4793.965000;4794.145000;0
20260401 192900;4794.218000;4795.115000;4793.515000;4794.525000;0
20260401 193000;4794.538000;4800.185000;4794.538000;4798.995000;0
20260401 193100;4798.975000;4798.995000;4795.775000;4796.575000;0
20260401 193200;4796.648000;4797.195000;4795.525000;4795.825000;0
20260401 193300;4795.765000;4797.795000;4792.098000;4792.225000;0
20260401 193400;4792.235000;4793.805000;4791.085000;4792.815000;0
20260401 193500;4792.785000;4793.195000;4789.445000;4789.785000;0
20260401 193600;4789.265000;4790.338000;4788.495000;4789.675000;0
20260401 193700;4789.695000;4789.725000;4787.855000;4788.995000;0
20260401 193800;4789.085000;4790.698000;4789.085000;4790.298000;0
20260401 193900;4790.278000;4791.625000;4789.925000;4791.575000;0
20260401 194000;4791.545000;4792.338000;4790.798000;4791.445000;0
20260401 194100;4791.498000;4793.318000;4791.098000;4793.158000;0
20260401 194200;4793.058000;4793.265000;4791.785000;4791.838000;0
20260401 194300;4791.558000;4791.828000;4791.028000;4791.175000;0
20260401 194400;4791.135000;4791.178000;4789.075000;4789.175000;0
20260401 194500;4789.155000;4789.415000;4781.398000;4781.538000;0
20260401 194600;4781.538000;4782.798000;4780.055000;4781.125000;0
20260401 194700;4781.095000;4783.688000;4780.415000;4781.818000;0
20260401 194800;4781.758000;4782.418000;4781.565000;4782.318000;0
20260401 194900;4782.258000;4784.198000;4782.145000;4783.718000;0
20260401 195000;4783.698000;4784.138000;4780.358000;4780.358000;0
20260401 195100;4780.278000;4781.035000;4777.765000;4779.425000;0
20260401 195200;4779.425000;4784.018000;4779.078000;4782.135000;0
20260401 195300;4782.158000;4784.385000;4782.158000;4783.605000;0
20260401 195400;4783.605000;4785.685000;4782.495000;4785.355000;0
20260401 195500;4785.335000;4785.645000;4783.875000;4784.035000;0
20260401 195600;4784.035000;4785.665000;4782.205000;4782.315000;0
20260401 195700;4782.315000;4785.865000;4782.125000;4785.755000;0
20260401 195800;4785.755000;4785.755000;4783.055000;4784.275000;0
20260401 195900;4784.275000;4785.865000;4783.658000;4783.698000;0
20260401 200000;4783.655000;4783.755000;4778.355000;4779.618000;0
20260401 200100;4779.638000;4782.325000;4778.398000;4780.348000;0
20260401 200200;4780.415000;4781.728000;4776.018000;4776.835000;0
20260401 200300;4776.815000;4779.135000;4774.755000;4776.885000;0
20260401 200400;4776.905000;4781.755000;4776.905000;4781.495000;0
20260401 200500;4781.465000;4784.785000;4780.635000;4783.245000;0
20260401 200600;4783.265000;4785.488000;4781.755000;4784.995000;0
20260401 200700;4784.965000;4785.965000;4782.025000;4785.535000;0
20260401 200800;4785.515000;4791.095000;4785.205000;4791.075000;0
20260401 200900;4791.005000;4791.065000;4787.675000;4789.995000;0
20260401 201000;4789.975000;4792.325000;4789.155000;4789.645000;0
20260401 201100;4789.715000;4792.295000;4789.045000;4789.955000;0
20260401 201200;4789.985000;4792.115000;4788.975000;4792.085000;0
20260401 201300;4792.075000;4792.835000;4791.375000;4792.775000;0
20260401 201400;4792.745000;4793.165000;4791.985000;4792.295000;0
20260401 201500;4792.325000;4794.495000;4790.685000;4794.335000;0
20260401 201600;4794.285000;4797.085000;4792.875000;4796.775000;0
20260401 201700;4796.775000;4798.525000;4795.075000;4795.645000;0
20260401 201800;4795.615000;4796.695000;4793.935000;4796.695000;0
20260401 201900;4796.025000;4796.025000;4793.735000;4795.065000;0
20260401 202000;4795.085000;4797.075000;4794.435000;4796.385000;0
20260401 202100;4796.385000;4796.385000;4792.498000;4792.628000;0
20260401 202200;4792.638000;4793.568000;4791.255000;4791.265000;0
20260401 202300;4791.265000;4795.055000;4790.835000;4794.535000;0
20260401 202400;4794.535000;4795.025000;4792.895000;4794.085000;0
20260401 202500;4793.995000;4794.375000;4791.575000;4793.335000;0
20260401 202600;4793.315000;4793.315000;4789.645000;4789.975000;0
20260401 202700;4789.865000;4791.345000;4788.315000;4788.655000;0
20260401 202800;4788.655000;4789.835000;4788.275000;4789.185000;0
20260401 202900;4789.185000;4790.595000;4788.955000;4789.465000;0
20260401 203000;4789.465000;4789.825000;4787.755000;4789.105000;0
20260401 203100;4789.105000;4789.165000;4784.778000;4785.248000;0
20260401 203200;4785.248000;4786.848000;4785.205000;4785.845000;0
20260401 203300;4785.815000;4788.605000;4785.815000;4787.948000;0
20260401 203400;4788.018000;4790.868000;4787.348000;4789.898000;0
20260401 203500;4789.798000;4789.798000;4785.065000;4786.315000;0
20260401 203600;4786.315000;4787.235000;4783.938000;4784.755000;0
20260401 203700;4784.785000;4788.695000;4784.785000;4788.635000;0
20260401 203800;4788.665000;4788.695000;4787.055000;4787.925000;0
20260401 203900;4787.895000;4791.185000;4787.895000;4791.155000;0
20260401 204000;4791.185000;4794.905000;4791.185000;4794.855000;0
20260401 204100;4794.825000;4795.715000;4792.055000;4795.415000;0
20260401 204200;4795.395000;4795.395000;4791.855000;4792.305000;0
20260401 204300;4792.335000;4793.745000;4789.495000;4789.815000;0
20260401 204400;4789.845000;4790.145000;4786.215000;4787.005000;0
20260401 204500;4787.098000;4788.735000;4783.615000;4784.025000;0
20260401 204600;4784.025000;4791.395000;4783.835000;4788.595000;0
20260401 204700;4788.615000;4791.715000;4787.708000;4789.385000;0
20260401 204800;4789.455000;4789.455000;4785.705000;4785.965000;0
20260401 204900;4786.085000;4788.895000;4786.035000;4787.465000;0
20260401 205000;4787.355000;4787.995000;4785.225000;4785.825000;0
20260401 205100;4786.455000;4786.945000;4785.165000;4785.795000;0
20260401 205200;4785.755000;4788.545000;4785.755000;4787.435000;0
20260401 205300;4787.455000;4789.435000;4786.745000;4787.135000;0
20260401 205400;4787.225000;4788.945000;4786.775000;4787.485000;0
20260401 205500;4787.425000;4788.305000;4784.798000;4784.965000;0
20260401 205600;4784.965000;4786.565000;4784.355000;4785.105000;0
20260401 205700;4785.085000;4785.985000;4783.225000;4785.965000;0
20260401 205800;4785.905000;4787.945000;4785.545000;4786.915000;0
20260401 205900;4786.885000;4788.625000;4783.895000;4784.375000;0
20260401 210000;4784.375000;4786.395000;4770.005000;4772.515000;0
20260401 210100;4772.525000;4776.415000;4769.715000;4772.625000;0
20260401 210200;4772.605000;4775.725000;4768.385000;4769.965000;0
20260401 210300;4769.935000;4770.478000;4747.108000;4749.348000;0
20260401 210400;4749.348000;4756.885000;4732.655000;4742.855000;0
20260401 210500;4742.945000;4748.295000;4729.605000;4736.965000;0
20260401 210600;4736.885000;4739.685000;4724.285000;4726.975000;0
20260401 210700;4726.725000;4737.675000;4724.045000;4729.905000;0
20260401 210800;4729.895000;4742.948000;4729.375000;4740.765000;0
20260401 210900;4740.745000;4746.795000;4738.395000;4746.495000;0
20260401 211000;4746.795000;4756.195000;4744.985000;4755.565000;0
20260401 211100;4755.565000;4764.685000;4755.145000;4757.465000;0
20260401 211200;4757.495000;4758.635000;4745.805000;4747.585000;0
20260401 211300;4747.545000;4755.355000;4746.515000;4750.465000;0
20260401 211400;4750.955000;4754.705000;4745.275000;4750.395000;0
20260401 211500;4750.415000;4751.055000;4744.135000;4747.835000;0
20260401 211600;4747.885000;4752.355000;4741.565000;4744.885000;0
20260401 211700;4744.825000;4748.855000;4728.548000;4729.295000;0
20260401 211800;4729.395000;4734.565000;4725.325000;4730.495000;0
20260401 211900;4729.535000;4730.785000;4723.725000;4727.175000;0
20260401 212000;4726.335000;4730.195000;4711.545000;4726.585000;0
20260401 212100;4726.345000;4734.285000;4716.785000;4719.265000;0
20260401 212200;4719.425000;4721.475000;4709.965000;4709.965000;0
20260401 212300;4710.905000;4723.315000;4710.365000;4723.315000;0
20260401 212400;4723.435000;4723.435000;4712.375000;4713.115000;0
20260401 212500;4713.275000;4715.935000;4695.385000;4700.695000;0
20260401 212600;4700.705000;4706.098000;4686.275000;4687.965000;0
20260401 212700;4688.615000;4694.498000;4686.155000;4688.498000;0
20260401 212800;4688.498000;4703.075000;4687.555000;4702.245000;0
20260401 212900;4702.425000;4703.325000;4693.305000;4696.405000;0
20260401 213000;4695.265000;4699.285000;4681.105000;4685.225000;0
20260401 213100;4685.235000;4685.235000;4671.898000;4671.898000;0
20260401 213200;4671.945000;4675.198000;4648.335000;4662.265000;0
20260401 213300;4662.575000;4673.075000;4661.085000;4662.138000;0
20260401 213400;4662.178000;4681.965000;4661.948000;4681.215000;0
20260401 213500;4681.098000;4681.098000;4673.965000;4676.885000;0
20260401 213600;4676.785000;4693.475000;4675.965000;4685.905000;0
20260401 213700;4685.915000;4695.065000;4684.625000;4690.665000;0
20260401 213800;4690.335000;4696.005000;4686.158000;4687.295000;0
20260401 213900;4687.315000;4697.355000;4685.518000;4697.015000;0
20260401 214000;4696.945000;4706.895000;4693.825000;4701.795000;0
20260401 214100;4701.895000;4708.255000;4700.615000;4702.635000;0
20260401 214200;4702.925000;4706.675000;4699.405000;4700.355000;0
20260401 214300;4700.335000;4700.335000;4693.385000;4695.495000;0
20260401 214400;4695.555000;4699.645000;4688.995000;4689.675000;0
20260401 214500;4689.585000;4694.345000;4688.828000;4689.645000;0
20260401 214600;4689.615000;4698.875000;4688.965000;4692.955000;0
20260401 214700;4692.875000;4692.875000;4684.495000;4686.865000;0
20260401 214800;4687.518000;4695.135000;4686.005000;4692.325000;0
20260401 214900;4692.395000;4699.475000;4691.885000;4696.545000;0
20260401 215000;4696.048000;4705.835000;4692.795000;4705.545000;0
20260401 215100;4705.525000;4711.285000;4704.865000;4709.455000;0
20260401 215200;4709.435000;4711.575000;4704.725000;4704.975000;0
20260401 215300;4704.825000;4708.865000;4698.758000;4700.835000;0
20260401 215400;4700.825000;4701.865000;4693.945000;4700.245000;0
20260401 215500;4700.465000;4704.485000;4698.238000;4700.905000;0
20260401 215600;4700.905000;4703.285000;4697.655000;4699.485000;0
20260401 215700;4699.685000;4701.845000;4694.415000;4695.155000;0
20260401 215800;4695.155000;4696.745000;4689.185000;4693.465000;0
20260401 215900;4693.485000;4699.365000;4691.645000;4696.185000;0
20260401 220000;4696.108000;4698.585000;4690.535000;4692.665000;0
20260401 220100;4692.005000;4694.815000;4688.535000;4692.275000;0
20260401 220200;4692.095000;4698.015000;4690.485000;4693.555000;0
20260401 220300;4693.625000;4696.205000;4689.405000;4690.475000;0
20260401 220400;4690.435000;4698.585000;4689.465000;4698.185000;0
20260401 220500;4698.195000;4699.975000;4692.355000;4692.465000;0
20260401 220600;4692.465000;4697.305000;4690.455000;4696.335000;0
20260401 220700;4696.315000;4703.655000;4693.095000;4700.315000;0
20260401 220800;4700.475000;4702.085000;4689.885000;4689.885000;0
20260401 220900;4689.535000;4694.855000;4688.505000;4690.575000;0
20260401 221000;4690.575000;4695.785000;4688.945000;4694.785000;0
20260401 221100;4694.825000;4694.825000;4679.168000;4679.168000;0
20260401 221200;4679.188000;4687.198000;4677.638000;4685.538000;0
20260401 221300;4685.608000;4688.198000;4680.348000;4687.248000;0
20260401 221400;4687.328000;4692.658000;4686.498000;4688.098000;0
20260401 221500;4688.128000;4702.318000;4687.458000;4696.498000;0
20260401 221600;4695.358000;4696.598000;4691.698000;4693.005000;0
20260401 221700;4693.005000;4696.958000;4691.398000;4696.698000;0
20260401 221800;4696.698000;4699.448000;4695.498000;4699.448000;0
20260401 221900;4699.448000;4699.448000;4688.948000;4689.938000;0
20260401 222000;4689.978000;4694.368000;4689.658000;4692.278000;0
20260401 222100;4692.018000;4692.518000;4687.978000;4691.358000;0
20260401 222200;4691.378000;4694.618000;4690.748000;4692.538000;0
20260401 222300;4692.558000;4695.108000;4690.398000;4692.898000;0
20260401 222400;4692.788000;4699.258000;4692.698000;4697.138000;0
20260401 222500;4697.138000;4698.508000;4695.898000;4696.308000;0
20260401 222600;4696.308000;4696.618000;4689.898000;4690.598000;0
20260401 222700;4690.598000;4691.568000;4687.698000;4690.705000;0
20260401 222800;4690.388000;4692.198000;4687.648000;4688.348000;0
20260401 222900;4688.768000;4690.768000;4687.448000;4689.298000;0
20260401 223000;4689.308000;4690.388000;4683.078000;4685.118000;0
20260401 223100;4685.208000;4686.698000;4677.748000;4679.098000;0
20260401 223200;4678.968000;4680.738000;4669.468000;4671.228000;0
20260401 223300;4671.268000;4673.778000;4667.318000;4671.878000;0
20260401 223400;4671.818000;4671.958000;4665.818000;4669.618000;0
20260401 223500;4669.658000;4670.198000;4663.485000;4666.698000;0
20260401 223600;4666.678000;4667.718000;4661.928000;4663.148000;0
20260401 223700;4663.148000;4664.268000;4656.948000;4658.828000;0
20260401 223800;4658.798000;4669.138000;4658.798000;4668.078000;0
20260401 223900;4667.998000;4668.038000;4654.838000;4658.958000;0
20260401 224000;4658.978000;4671.348000;4658.958000;4670.408000;0
20260401 224100;4670.848000;4675.738000;4668.248000;4675.638000;0
20260401 224200;4675.678000;4678.378000;4673.518000;4677.298000;0
20260401 224300;4677.388000;4681.618000;4675.438000;4677.988000;0
20260401 224400;4677.178000;4680.015000;4675.035000;4675.595000;0
20260401 224500;4675.615000;4683.435000;4675.315000;4681.845000;0
20260401 224600;4681.925000;4685.205000;4680.265000;4682.075000;0
20260401 224700;4682.085000;4682.965000;4678.785000;4678.915000;0
20260401 224800;4678.885000;4679.445000;4674.688000;4674.775000;0
20260401 224900;4674.905000;4678.108000;4674.775000;4676.088000;0
20260401 225000;4676.098000;4678.355000;4674.305000;4675.055000;0
20260401 225100;4675.105000;4676.695000;4672.748000;4673.465000;0
20260401 225200;4673.425000;4680.705000;4673.275000;4679.695000;0
20260401 225300;4679.715000;4680.295000;4674.475000;4675.505000;0
20260401 225400;4675.545000;4680.455000;4674.675000;4679.945000;0
20260401 225500;4679.975000;4686.145000;4677.175000;4685.215000;0
20260401 225600;4685.065000;4689.335000;4684.595000;4685.755000;0
20260401 225700;4685.815000;4688.525000;4684.455000;4686.905000;0
20260401 225800;4686.905000;4687.865000;4686.085000;4687.405000;0
20260401 225900;4687.385000;4688.615000;4686.245000;4686.785000;0
20260401 230000;4686.765000;4686.795000;4681.035000;4682.445000;0
20260401 230100;4682.465000;4682.985000;4680.845000;4682.485000;0
20260401 230200;4682.485000;4683.915000;4681.205000;4681.225000;0
20260401 230300;4681.245000;4682.585000;4679.255000;4679.955000;0
20260401 230400;4679.995000;4681.995000;4678.735000;4679.555000;0
20260401 230500;4679.525000;4681.585000;4677.895000;4680.955000;0
20260401 230600;4680.935000;4683.945000;4680.005000;4682.665000;0
20260401 230700;4682.705000;4685.085000;4678.765000;4678.895000;0
20260401 230800;4678.875000;4682.305000;4677.565000;4682.245000;0
20260401 230900;4682.055000;4682.905000;4680.265000;4681.915000;0
20260401 231000;4682.235000;4683.635000;4680.155000;4680.695000;0
20260401 231100;4680.615000;4687.695000;4680.615000;4687.295000;0
20260401 231200;4687.205000;4690.805000;4686.675000;4689.705000;0
20260401 231300;4689.725000;4689.975000;4685.935000;4688.565000;0
20260401 231400;4688.475000;4691.565000;4688.085000;4689.845000;0
20260401 231500;4689.875000;4692.125000;4689.265000;4691.885000;0
20260401 231600;4691.845000;4691.845000;4688.725000;4689.145000;0
20260401 231700;4689.155000;4690.555000;4688.045000;4689.525000;0
20260401 231800;4689.525000;4692.875000;4689.485000;4692.525000;0
20260401 231900;4692.495000;4694.485000;4690.555000;4690.555000;0
20260401 232000;4690.535000;4690.535000;4687.755000;4689.835000;0
20260401 232100;4689.925000;4695.485000;4689.015000;4695.415000;0
20260401 232200;4695.415000;4698.085000;4695.035000;4697.595000;0
20260401 232300;4697.535000;4698.095000;4695.985000;4697.285000;0
20260401 232400;4697.375000;4697.915000;4694.985000;4697.435000;0
20260401 232500;4697.295000;4697.625000;4695.675000;4695.875000;0
20260401 232600;4695.755000;4699.275000;4695.575000;4697.235000;0
20260401 232700;4697.175000;4697.678000;4695.475000;4696.695000;0
20260401 232800;4696.675000;4696.785000;4694.585000;4695.085000;0
20260401 232900;4695.045000;4695.045000;4691.535000;4691.535000;0
20260401 233000;4691.505000;4691.705000;4686.515000;4689.505000;0
20260401 233100;4689.455000;4690.675000;4687.815000;4689.865000;0
20260401 233200;4689.835000;4692.045000;4687.955000;4692.045000;0
20260401 233300;4692.045000;4692.445000;4688.685000;4690.085000;0
20260401 233400;4690.105000;4692.185000;4689.445000;4691.605000;0
20260401 233500;4691.285000;4692.395000;4689.555000;4690.955000;0
20260401 233600;4691.015000;4691.435000;4689.415000;4689.765000;0
20260401 233700;4689.795000;4690.185000;4687.075000;4687.845000;0
20260401 233800;4687.615000;4690.135000;4684.865000;4685.725000;0
20260401 233900;4685.785000;4688.285000;4685.485000;4686.665000;0
20260401 234000;4686.235000;4687.945000;4684.805000;4684.845000;0
20260401 234100;4684.785000;4684.855000;4683.275000;4684.455000;0
20260401 234200;4684.595000;4686.745000;4683.985000;4686.315000;0
20260401 234300;4686.265000;4689.965000;4685.915000;4689.175000;0
20260401 234400;4689.145000;4689.265000;4684.925000;4685.665000;0
20260401 234500;4685.695000;4687.525000;4683.165000;4683.685000;0
20260401 234600;4683.735000;4685.395000;4682.098000;4685.375000;0
20260401 234700;4685.305000;4685.305000;4680.705000;4683.365000;0
20260401 234800;4683.395000;4683.395000;4681.365000;4682.055000;0
20260401 234900;4682.105000;4682.895000;4677.875000;4677.915000;0
20260401 235000;4677.935000;4680.975000;4676.745000;4679.605000;0
20260401 235100;4679.465000;4680.635000;4677.185000;4677.545000;0
20260401 235200;4677.505000;4677.825000;4675.755000;4676.835000;0
20260401 235300;4676.865000;4678.015000;4675.745000;4676.135000;0
20260401 235400;4676.165000;4677.998000;4675.795000;4677.575000;0
20260401 235500;4677.545000;4679.315000;4676.295000;4677.435000;0
20260401 235600;4677.465000;4677.965000;4676.695000;4677.165000;0
20260401 235700;4677.135000;4677.315000;4675.695000;4676.665000;0
20260401 235800;4676.735000;4680.095000;4676.625000;4680.075000;0
20260401 235900;4680.055000;4680.055000;4676.005000;4676.185000;0
20260402 000000;4676.405000;4681.445000;4676.115000;4677.915000;0
20260402 000100;4677.405000;4680.095000;4675.265000;4679.845000;0
20260402 000200;4679.805000;4680.055000;4677.578000;4678.005000;0
20260402 000300;4677.965000;4678.855000;4675.658000;4675.795000;0
20260402 000400;4675.755000;4676.935000;4675.325000;4676.805000;0
20260402 000500;4676.775000;4676.795000;4671.145000;4672.285000;0
20260402 000600;4672.265000;4672.325000;4664.895000;4665.865000;0
20260402 000700;4665.725000;4670.265000;4665.375000;4669.275000;0
20260402 000800;4669.155000;4669.235000;4664.475000;4667.035000;0
20260402 000900;4667.165000;4670.665000;4666.975000;4670.655000;0
20260402 001000;4670.635000;4671.605000;4669.275000;4670.495000;0
20260402 001100;4670.605000;4670.895000;4667.445000;4667.615000;0
20260402 001200;4667.675000;4668.255000;4665.935000;4666.365000;0
20260402 001300;4666.405000;4671.905000;4665.845000;4670.885000;0
20260402 001400;4670.875000;4670.875000;4667.665000;4668.095000;0
20260402 001500;4668.165000;4671.435000;4667.825000;4670.265000;0
20260402 001600;4670.245000;4670.915000;4668.055000;4669.435000;0
20260402 001700;4669.385000;4670.815000;4668.005000;4670.745000;0
20260402 001800;4670.775000;4672.175000;4669.825000;4670.565000;0
20260402 001900;4670.535000;4671.095000;4667.365000;4667.825000;0
20260402 002000;4667.755000;4667.755000;4664.415000;4664.805000;0
20260402 002100;4664.455000;4665.185000;4662.505000;4663.655000;0
20260402 002200;4663.615000;4664.605000;4662.925000;4663.675000;0
20260402 002300;4663.645000;4665.475000;4662.675000;4662.675000;0
20260402 002400;4662.925000;4666.265000;4662.155000;4666.015000;0
20260402 002500;4666.235000;4668.605000;4665.575000;4666.185000;0
20260402 002600;4666.305000;4670.385000;4665.255000;4669.845000;0
20260402 002700;4669.825000;4671.835000;4667.805000;4667.895000;0
20260402 002800;4667.955000;4668.285000;4665.655000;4665.985000;0
20260402 002900;4666.015000;4666.665000;4664.285000;4666.025000;0
20260402 003000;4666.055000;4666.315000;4663.605000;4665.425000;0
20260402 003100;4665.115000;4669.465000;4664.475000;4669.345000;0
20260402 003200;4669.375000;4669.375000;4668.045000;4668.635000;0
20260402 003300;4668.745000;4669.485000;4667.595000;4668.005000;0
20260402 003400;4667.985000;4668.135000;4666.045000;4666.555000;0
20260402 003500;4666.505000;4669.045000;4665.715000;4665.785000;0
20260402 003600;4665.805000;4666.405000;4664.075000;4664.235000;0
20260402 003700;4664.525000;4666.925000;4664.325000;4665.935000;0
20260402 003800;4665.955000;4666.605000;4663.875000;4666.055000;0
20260402 003900;4666.035000;4666.035000;4664.305000;4664.705000;0
20260402 004000;4664.725000;4664.795000;4659.845000;4660.725000;0
20260402 004100;4660.775000;4661.935000;4658.935000;4659.295000;0
20260402 004200;4659.085000;4661.225000;4658.135000;4658.198000;0
20260402 004300;4658.158000;4661.995000;4657.958000;4660.255000;0
20260402 004400;4660.215000;4661.698000;4659.155000;4661.558000;0
20260402 004500;4661.538000;4661.695000;4658.478000;4661.305000;0
20260402 004600;4661.318000;4662.195000;4659.408000;4660.945000;0
20260402 004700;4660.925000;4661.198000;4656.835000;4659.655000;0
20260402 004800;4659.635000;4665.345000;4659.605000;4664.795000;0
20260402 004900;4664.775000;4665.125000;4663.185000;4665.055000;0
20260402 005000;4665.305000;4667.875000;4665.025000;4667.445000;0
20260402 005100;4667.065000;4669.415000;4667.035000;4667.445000;0
20260402 005200;4667.405000;4668.675000;4666.505000;4666.695000;0
20260402 005300;4666.735000;4669.725000;4666.415000;4669.415000;0
20260402 005400;4669.335000;4669.675000;4666.155000;4666.205000;0
20260402 005500;4666.155000;4666.445000;4664.645000;4666.135000;0
20260402 005600;4665.985000;4670.965000;4665.985000;4670.825000;0
20260402 005700;4670.765000;4673.175000;4670.765000;4672.605000;0
20260402 005800;4672.515000;4672.545000;4670.175000;4670.655000;0
20260402 005900;4670.675000;4672.665000;4670.295000;4672.445000;0
20260402 010000;4672.555000;4674.965000;4672.555000;4674.525000;0
20260402 010100;4674.475000;4674.745000;4672.975000;4674.625000;0
20260402 010200;4674.605000;4674.605000;4671.295000;4673.115000;0
20260402 010300;4673.095000;4674.935000;4672.845000;4674.515000;0
20260402 010400;4674.475000;4674.555000;4672.265000;4672.385000;0
20260402 010500;4672.465000;4672.915000;4670.775000;4670.915000;0
20260402 010600;4671.118000;4672.635000;4669.735000;4669.885000;0
20260402 010700;4669.605000;4670.215000;4668.335000;4669.575000;0
20260402 010800;4669.505000;4670.895000;4668.518000;4669.735000;0
20260402 010900;4669.715000;4669.735000;4666.085000;4668.385000;0
20260402 011000;4668.355000;4670.335000;4667.785000;4669.475000;0
20260402 011100;4669.585000;4669.665000;4667.895000;4668.765000;0
20260402 011200;4668.538000;4673.365000;4667.935000;4672.605000;0
20260402 011300;4672.735000;4673.025000;4670.045000;4670.915000;0
20260402 011400;4670.658000;4672.085000;4669.825000;4670.025000;0
20260402 011500;4670.055000;4672.455000;4670.055000;4671.295000;0
20260402 011600;4671.245000;4673.535000;4670.715000;4670.715000;0
20260402 011700;4670.695000;4673.105000;4669.865000;4671.565000;0
20260402 011800;4671.505000;4672.615000;4669.575000;4671.825000;0
20260402 011900;4672.495000;4673.565000;4671.415000;4672.135000;0
20260402 012000;4672.155000;4673.415000;4671.715000;4672.095000;0
20260402 012100;4672.345000;4672.445000;4669.045000;4669.615000;0
20260402 012200;4669.605000;4673.478000;4669.475000;4672.505000;0
20260402 012300;4673.155000;4673.285000;4671.525000;4672.865000;0
20260402 012400;4672.905000;4674.905000;4672.725000;4673.815000;0
20260402 012500;4673.795000;4677.645000;4673.515000;4676.985000;0
20260402 012600;4677.335000;4679.355000;4677.005000;4678.545000;0
20260402 012700;4678.695000;4680.325000;4678.615000;4678.915000;0
20260402 012800;4678.965000;4678.965000;4673.215000;4675.475000;0
20260402 012900;4675.425000;4677.105000;4674.155000;4677.105000;0
20260402 013000;4677.075000;4678.975000;4664.825000;4668.635000;0
20260402 013100;4668.595000;4670.615000;4665.695000;4669.315000;0
20260402 013200;4668.905000;4671.168000;4664.645000;4664.825000;0
20260402 013300;4664.855000;4664.955000;4644.425000;4644.558000;0
20260402 013400;4644.518000;4652.385000;4636.088000;4651.545000;0
20260402 013500;4651.515000;4652.755000;4647.675000;4652.285000;0
20260402 013600;4652.265000;4652.815000;4647.855000;4651.535000;0
20260402 013700;4651.465000;4651.465000;4643.595000;4644.995000;0
20260402 013800;4644.935000;4649.095000;4642.485000;4649.055000;0
20260402 013900;4648.995000;4651.775000;4645.985000;4646.225000;0
20260402 014000;4646.168000;4647.485000;4637.635000;4639.835000;0
20260402 014100;4639.435000;4641.595000;4636.915000;4637.535000;0
20260402 014200;4637.585000;4639.465000;4635.135000;4638.035000;0
20260402 014300;4638.055000;4639.255000;4633.195000;4636.235000;0
20260402 014400;4636.705000;4636.705000;4628.715000;4633.915000;0
20260402 014500;4634.305000;4635.135000;4622.595000;4627.195000;0
20260402 014600;4627.155000;4627.155000;4616.655000;4616.835000;0
20260402 014700;4617.075000;4618.015000;4605.225000;4608.515000;0
20260402 014800;4608.948000;4614.645000;4600.875000;4610.585000;0
20260402 014900;4610.325000;4613.485000;4590.955000;4590.955000;0
20260402 015000;4591.145000;4600.665000;4585.405000;4599.665000;0
20260402 015100;4599.688000;4599.905000;4590.825000;4596.575000;0
20260402 015200;4596.705000;4603.035000;4592.645000;4603.035000;0
20260402 015300;4603.165000;4608.445000;4600.975000;4605.895000;0
20260402 015400;4605.745000;4606.285000;4602.735000;4603.825000;0
20260402 015500;4603.795000;4604.125000;4594.495000;4599.435000;0
20260402 015600;4599.605000;4607.625000;4598.495000;4599.005000;0
20260402 015700;4599.025000;4599.055000;4594.675000;4597.265000;0
20260402 015800;4597.285000;4599.785000;4592.975000;4594.865000;0
20260402 015900;4594.815000;4596.205000;4589.735000;4593.815000;0
20260402 020000;4594.045000;4596.415000;4589.505000;4592.625000;0
20260402 020100;4592.655000;4593.585000;4586.475000;4586.625000;0
20260402 020200;4586.575000;4590.125000;4577.005000;4588.065000;0
20260402 020300;4588.165000;4588.165000;4581.145000;4586.035000;0
20260402 020400;4585.995000;4587.575000;4582.848000;4584.795000;0
20260402 020500;4584.825000;4589.005000;4579.965000;4581.025000;0
20260402 020600;4581.075000;4589.255000;4581.075000;4585.335000;0
20260402 020700;4585.315000;4588.915000;4574.125000;4576.125000;0
20260402 020800;4576.155000;4576.155000;4560.695000;4566.965000;0
20260402 020900;4566.985000;4569.735000;4564.378000;4567.585000;0
20260402 021000;4567.635000;4570.285000;4557.078000;4557.675000;0
20260402 021100;4557.695000;4562.695000;4553.158000;4559.475000;0
20260402 021200;4559.435000;4566.675000;4555.825000;4566.095000;0
20260402 021300;4566.135000;4580.115000;4565.855000;4576.435000;0
20260402 021400;4576.395000;4580.715000;4574.295000;4580.495000;0
20260402 021500;4580.475000;4585.445000;4579.175000;4582.668000;0
20260402 021600;4582.628000;4582.828000;4573.855000;4579.165000;0
20260402 021700;4579.215000;4586.315000;4578.555000;4585.915000;0
20260402 021800;4586.195000;4589.325000;4584.658000;4588.285000;0
20260402 021900;4588.305000;4591.505000;4587.505000;4590.385000;0
20260402 022000;4590.455000;4595.185000;4588.815000;4595.005000;0
20260402 022100;4595.025000;4598.825000;4594.055000;4596.025000;0
20260402 022200;4596.198000;4596.415000;4589.465000;4589.795000;0
20260402 022300;4589.825000;4593.945000;4586.315000;4591.225000;0
20260402 022400;4591.195000;4591.225000;4584.675000;4587.005000;0
20260402 022500;4587.035000;4589.615000;4583.385000;4586.775000;0
20260402 022600;4586.255000;4586.725000;4580.595000;4582.645000;0
20260402 022700;4582.665000;4587.805000;4582.625000;4587.805000;0
20260402 022800;4587.585000;4589.375000;4581.985000;4588.245000;0
20260402 022900;4588.815000;4591.825000;4586.315000;4591.095000;0
20260402 023000;4591.065000;4592.905000;4585.925000;4589.405000;0
20260402 023100;4589.815000;4591.075000;4586.035000;4590.955000;0
20260402 023200;4591.295000;4595.235000;4588.265000;4593.375000;0
20260402 023300;4593.315000;4595.095000;4591.265000;4595.095000;0
20260402 023400;4595.065000;4598.315000;4590.835000;4591.475000;0
20260402 023500;4591.575000;4593.565000;4587.165000;4588.195000;0
20260402 023600;4588.155000;4589.585000;4583.375000;4585.175000;0
20260402 023700;4585.355000;4592.505000;4583.345000;4592.485000;0
20260402 023800;4592.285000;4597.035000;4588.955000;4595.455000;0
20260402 023900;4595.455000;4595.475000;4590.625000;4594.375000;0
20260402 024000;4594.375000;4595.715000;4591.495000;4591.765000;0
20260402 024100;4591.745000;4592.835000;4587.605000;4588.125000;0
20260402 024200;4588.055000;4590.515000;4584.745000;4590.455000;0
20260402 024300;4590.425000;4591.145000;4583.085000;4583.155000;0
20260402 024400;4582.985000;4589.135000;4581.305000;4588.175000;0
20260402 024500;4588.135000;4588.135000;4583.985000;4586.025000;0
20260402 024600;4586.055000;4596.895000;4584.825000;4593.275000;0
20260402 024700;4593.585000;4599.705000;4593.015000;4596.765000;0
20260402 024800;4596.735000;4599.005000;4594.385000;4596.295000;0
20260402 024900;4596.295000;4599.905000;4595.885000;4599.035000;0
20260402 025000;4599.065000;4606.418000;4597.955000;4600.105000;0
20260402 025100;4600.085000;4603.475000;4599.825000;4602.275000;0
20260402 025200;4602.295000;4603.335000;4600.135000;4603.255000;0
20260402 025300;4603.225000;4608.465000;4603.225000;4607.285000;0
20260402 025400;4607.125000;4607.275000;4596.866000;4598.185000;0
20260402 025500;4598.215000;4599.865000;4591.595000;4598.245000;0
20260402 025600;4598.445000;4600.075000;4592.485000;4593.615000;0
20260402 025700;4593.555000;4596.855000;4591.575000;4595.355000;0
20260402 025800;4595.305000;4597.155000;4592.695000;4595.765000;0
20260402 025900;4595.735000;4600.055000;4594.095000;4599.065000;0
20260402 030000;4598.485000;4601.315000;4597.415000;4598.515000;0
20260402 030100;4598.168000;4600.315000;4596.915000;4598.085000;0
20260402 030200;4598.065000;4601.815000;4597.515000;4600.265000;0
20260402 030300;4600.215000;4606.305000;4600.065000;4605.115000;0
20260402 030400;4605.185000;4605.595000;4600.875000;4602.735000;0
20260402 030500;4602.705000;4606.245000;4597.845000;4604.285000;0
20260402 030600;4604.265000;4607.225000;4604.265000;4606.065000;0
20260402 030700;4606.055000;4608.015000;4604.225000;4607.585000;0
20260402 030800;4607.535000;4611.695000;4606.855000;4609.185000;0
20260402 030900;4609.155000;4611.695000;4607.835000;4607.865000;0
20260402 031000;4608.555000;4611.136000;4607.845000;4610.125000;0
20260402 031100;4610.105000;4616.125000;4608.815000;4616.125000;0
20260402 031200;4616.125000;4617.915000;4614.365000;4614.465000;0
20260402 031300;4614.495000;4617.895000;4613.165000;4615.915000;0
20260402 031400;4615.795000;4622.045000;4614.935000;4620.995000;0
20260402 031500;4620.975000;4620.975000;4617.325000;4620.575000;0
20260402 031600;4620.615000;4623.355000;4619.745000;4621.175000;0
20260402 031700;4621.175000;4625.305000;4620.955000;4625.305000;0
20260402 031800;4625.265000;4625.275000;4621.195000;4622.055000;0
20260402 031900;4622.245000;4623.975000;4622.105000;4623.515000;0
20260402 032000;4623.405000;4626.395000;4623.215000;4625.905000;0
20260402 032100;4626.135000;4627.145000;4621.515000;4621.535000;0
20260402 032200;4621.515000;4621.705000;4618.195000;4620.125000;0
20260402 032300;4620.145000;4624.255000;4619.095000;4619.605000;0
20260402 032400;4619.725000;4622.445000;4618.995000;4619.155000;0
20260402 032500;4618.985000;4621.215000;4617.525000;4620.305000;0
20260402 032600;4620.285000;4622.225000;4619.335000;4620.015000;0
20260402 032700;4619.995000;4621.445000;4619.765000;4621.325000;0
20260402 032800;4621.185000;4623.705000;4620.085000;4621.795000;0
20260402 032900;4621.885000;4622.245000;4619.295000;4620.365000;0
20260402 033000;4620.395000;4625.285000;4619.075000;4624.515000;0
20260402 033100;4624.715000;4626.555000;4623.115000;4624.555000;0
20260402 033200;4624.535000;4627.195000;4623.715000;4624.255000;0
20260402 033300;4624.235000;4628.025000;4622.765000;4627.845000;0
20260402 033400;4627.775000;4633.745000;4627.555000;4631.705000;0
20260402 033500;4631.655000;4631.655000;4626.785000;4627.495000;0
20260402 033600;4627.265000;4631.115000;4627.215000;4631.005000;0
20260402 033700;4631.035000;4634.645000;4630.715000;4632.975000;0
20260402 033800;4632.925000;4633.795000;4631.545000;4633.025000;0
20260402 033900;4633.005000;4636.765000;4631.745000;4634.375000;0
20260402 034000;4634.325000;4634.425000;4632.995000;4633.825000;0
20260402 034100;4633.875000;4641.545000;4633.845000;4640.235000;0
20260402 034200;4640.255000;4640.918000;4634.405000;4635.315000;0
20260402 034300;4635.155000;4637.745000;4632.815000;4633.755000;0
20260402 034400;4634.215000;4637.425000;4633.838000;4637.215000;0
20260402 034500;4637.015000;4638.325000;4636.555000;4636.885000;0
20260402 034600;4636.915000;4637.305000;4635.835000;4636.615000;0
20260402 034700;4636.585000;4638.965000;4636.145000;4638.805000;0
20260402 034800;4638.755000;4648.415000;4638.645000;4647.135000;0
20260402 034900;4646.935000;4650.985000;4646.375000;4648.445000;0
20260402 035000;4648.435000;4648.605000;4642.325000;4644.705000;0
20260402 035100;4644.725000;4648.405000;4643.685000;4645.545000;0
20260402 035200;4645.575000;4646.395000;4642.775000;4646.005000;0
20260402 035300;4646.055000;4647.405000;4643.415000;4644.045000;0
20260402 035400;4644.075000;4645.635000;4644.075000;4644.545000;0
20260402 035500;4644.605000;4645.705000;4640.655000;4641.695000;0
20260402 035600;4641.755000;4643.435000;4641.555000;4642.425000;0
20260402 035700;4642.455000;4642.965000;4641.455000;4642.445000;0
20260402 035800;4642.465000;4644.395000;4641.135000;4644.355000;0
20260402 035900;4644.385000;4644.675000;4641.995000;4642.485000;0
20260402 040000;4642.455000;4648.545000;4642.455000;4646.975000;0
20260402 040100;4647.005000;4648.555000;4643.115000;4643.615000;0
20260402 040200;4643.595000;4645.905000;4641.125000;4644.105000;0
20260402 040300;4644.135000;4645.075000;4641.685000;4643.895000;0
20260402 040400;4644.235000;4644.265000;4637.585000;4641.615000;0
20260402 040500;4641.615000;4641.615000;4632.775000;4635.045000;0
20260402 040600;4635.095000;4639.835000;4634.235000;4634.625000;0
20260402 040700;4634.655000;4635.905000;4632.155000;4634.305000;0
20260402 040800;4634.295000;4635.195000;4632.935000;4633.485000;0
20260402 040900;4633.425000;4634.785000;4630.095000;4632.685000;0
20260402 041000;4632.705000;4632.975000;4629.095000;4631.095000;0
20260402 041100;4631.145000;4632.315000;4628.685000;4629.995000;0
20260402 041200;4629.975000;4634.585000;4629.045000;4633.065000;0
20260402 041300;4633.045000;4639.795000;4632.515000;4639.765000;0
20260402 041400;4639.735000;4641.615000;4637.605000;4640.935000;0
20260402 041500;4640.905000;4641.225000;4637.845000;4638.575000;0
20260402 041600;4638.555000;4644.805000;4636.525000;4643.845000;0
20260402 041700;4643.785000;4644.715000;4641.245000;4643.345000;0
20260402 041800;4643.345000;4643.725000;4641.775000;4642.015000;0
20260402 041900;4641.985000;4642.205000;4640.525000;4641.635000;0
20260402 042000;4641.605000;4642.195000;4639.005000;4639.055000;0
20260402 042100;4639.035000;4639.255000;4631.635000;4632.185000;0
20260402 042200;4632.335000;4635.245000;4631.365000;4635.145000;0
20260402 042300;4635.125000;4636.315000;4634.735000;4636.075000;0
20260402 042400;4636.115000;4637.225000;4634.945000;4636.135000;0
20260402 042500;4636.175000;4637.175000;4633.225000;4634.785000;0
20260402 042600;4634.925000;4635.305000;4632.005000;4633.075000;0
20260402 042700;4632.845000;4634.625000;4631.315000;4632.415000;0
20260402 042800;4632.525000;4633.825000;4631.205000;4632.985000;0
20260402 042900;4633.205000;4634.815000;4631.395000;4634.185000;0
20260402 043000;4634.105000;4636.218000;4631.315000;4634.875000;0
20260402 043100;4634.765000;4638.348000;4634.275000;4635.865000;0
20260402 043200;4635.845000;4636.965000;4634.585000;4635.955000;0
20260402 043300;4635.975000;4638.125000;4635.585000;4635.835000;0
20260402 043400;4635.905000;4638.515000;4635.515000;4637.985000;0
20260402 043500;4637.965000;4640.665000;4636.225000;4640.645000;0
20260402 043600;4640.665000;4641.015000;4638.265000;4639.055000;0
20260402 043700;4639.075000;4643.725000;4638.805000;4642.825000;0
20260402 043800;4642.805000;4643.595000;4638.965000;4639.615000;0
20260402 043900;4639.585000;4641.635000;4638.895000;4639.235000;0
20260402 044000;4639.395000;4639.955000;4638.025000;4639.955000;0
20260402 044100;4639.975000;4641.375000;4639.235000;4639.365000;0
20260402 044200;4639.345000;4640.685000;4636.108000;4636.555000;0
20260402 044300;4636.485000;4638.925000;4636.475000;4638.875000;0
20260402 044400;4638.845000;4639.775000;4630.415000;4630.415000;0
20260402 044500;4630.435000;4631.525000;4625.095000;4629.475000;0
20260402 044600;4629.525000;4634.275000;4629.135000;4631.275000;0
20260402 044700;4631.255000;4632.135000;4628.585000;4628.665000;0
20260402 044800;4628.695000;4633.095000;4628.505000;4632.745000;0
20260402 044900;4632.705000;4633.075000;4627.005000;4627.445000;0
20260402 045000;4627.375000;4629.285000;4624.595000;4624.645000;0
20260402 045100;4624.925000;4629.075000;4624.695000;4628.005000;0
20260402 045200;4627.975000;4628.645000;4626.575000;4627.435000;0
20260402 045300;4627.455000;4627.995000;4625.535000;4627.655000;0
20260402 045400;4628.475000;4628.995000;4625.165000;4626.985000;0
20260402 045500;4626.955000;4628.145000;4626.485000;4627.765000;0
20260402 045600;4627.745000;4628.585000;4622.575000;4623.955000;0
20260402 045700;4623.935000;4624.245000;4621.625000;4622.765000;0
20260402 045800;4622.735000;4625.095000;4616.568000;4619.035000;0
20260402 045900;4619.055000;4621.985000;4617.945000;4620.645000;0
20260402 050000;4620.625000;4624.638000;4619.405000;4621.205000;0
20260402 050100;4621.265000;4622.265000;4617.645000;4617.645000;0
20260402 050200;4617.685000;4619.475000;4617.475000;4619.315000;0
20260402 050300;4619.285000;4619.565000;4614.185000;4615.335000;0
20260402 050400;4615.265000;4618.795000;4613.035000;4618.475000;0
20260402 050500;4618.455000;4618.455000;4612.745000;4614.045000;0
20260402 050600;4614.075000;4616.755000;4613.665000;4616.595000;0
20260402 050700;4616.625000;4620.065000;4616.435000;4618.615000;0
20260402 050800;4618.585000;4621.005000;4617.935000;4619.575000;0
20260402 050900;4619.555000;4619.855000;4616.095000;4616.965000;0
20260402 051000;4617.135000;4618.415000;4614.525000;4618.105000;0
20260402 051100;4618.075000;4623.345000;4618.055000;4623.175000;0
20260402 051200;4622.745000;4623.675000;4621.918000;4622.085000;0
20260402 051300;4622.125000;4622.665000;4619.955000;4620.065000;0
20260402 051400;4620.035000;4625.155000;4619.915000;4623.565000;0
20260402 051500;4623.565000;4623.865000;4621.828000;4623.625000;0
20260402 051600;4623.595000;4629.945000;4623.485000;4629.355000;0
20260402 051700;4629.385000;4631.765000;4626.905000;4627.205000;0
20260402 051800;4627.175000;4628.535000;4625.805000;4627.435000;0
20260402 051900;4627.405000;4627.425000;4624.045000;4625.385000;0
20260402 052000;4625.365000;4627.165000;4624.805000;4627.015000;0
20260402 052100;4627.085000;4631.625000;4627.085000;4630.775000;0
20260402 052200;4630.745000;4631.325000;4630.305000;4630.615000;0
20260402 052300;4630.565000;4630.565000;4627.035000;4627.665000;0
20260402 052400;4627.425000;4629.445000;4626.405000;4626.405000;0
20260402 052500;4626.365000;4629.445000;4626.245000;4627.755000;0
20260402 052600;4627.685000;4628.705000;4623.535000;4623.855000;0
20260402 052700;4623.835000;4623.855000;4619.995000;4622.215000;0
20260402 052800;4622.255000;4622.825000;4619.665000;4622.695000;0
20260402 052900;4622.675000;4622.675000;4617.005000;4620.685000;0
20260402 053000;4620.655000;4621.955000;4615.355000;4619.965000;0
20260402 053100;4619.865000;4623.105000;4618.155000;4621.185000;0
20260402 053200;4621.165000;4622.955000;4620.715000;4622.535000;0
20260402 053300;4622.515000;4625.285000;4622.015000;4622.305000;0
20260402 053400;4622.305000;4624.275000;4620.425000;4622.005000;0
20260402 053500;4621.805000;4624.585000;4620.505000;4622.035000;0
20260402 053600;4622.055000;4623.525000;4621.925000;4622.995000;0
20260402 053700;4622.915000;4622.915000;4615.335000;4616.715000;0
20260402 053800;4616.695000;4620.255000;4616.425000;4619.385000;0
20260402 053900;4619.355000;4622.435000;4619.325000;4622.295000;0
20260402 054000;4622.335000;4624.505000;4622.215000;4622.985000;0
20260402 054100;4622.955000;4624.155000;4622.055000;4622.535000;0
20260402 054200;4622.485000;4623.155000;4619.695000;4620.625000;0
20260402 054300;4621.045000;4622.135000;4620.585000;4621.555000;0
20260402 054400;4621.115000;4622.375000;4620.735000;4621.255000;0
20260402 054500;4621.235000;4622.095000;4618.345000;4618.795000;0
20260402 054600;4618.815000;4621.515000;4617.498000;4619.565000;0
20260402 054700;4620.095000;4621.365000;4619.948000;4620.495000;0
20260402 054800;4620.525000;4622.715000;4620.125000;4620.955000;0
20260402 054900;4620.985000;4620.985000;4618.665000;4620.055000;0
20260402 055000;4619.998000;4621.415000;4619.835000;4621.085000;0
20260402 055100;4621.445000;4624.605000;4621.015000;4622.535000;0
20260402 055200;4622.465000;4622.875000;4618.705000;4622.235000;0
20260402 055300;4622.215000;4625.295000;4619.695000;4625.035000;0
20260402 055400;4625.105000;4626.765000;4622.315000;4625.495000;0
20260402 055500;4625.455000;4628.185000;4624.585000;4626.355000;0
20260402 055600;4626.385000;4626.415000;4621.855000;4622.705000;0
20260402 055700;4622.635000;4625.225000;4620.595000;4624.045000;0
20260402 055800;4624.375000;4624.855000;4620.595000;4621.045000;0
20260402 055900;4621.025000;4623.105000;4620.675000;4621.505000;0
20260402 060000;4621.745000;4622.315000;4618.215000;4619.155000;0
20260402 060100;4619.115000;4624.865000;4619.115000;4624.335000;0
20260402 060200;4623.728000;4625.245000;4623.315000;4625.015000;0
20260402 060300;4625.035000;4626.915000;4624.185000;4625.795000;0
20260402 060400;4625.825000;4627.835000;4623.285000;4625.988000;0
20260402 060500;4626.188000;4634.915000;4626.188000;4632.135000;0
20260402 060600;4632.105000;4632.205000;4627.795000;4628.485000;0
20260402 060700;4628.345000;4632.045000;4628.345000;4631.205000;0
20260402 060800;4631.175000;4631.205000;4627.765000;4628.905000;0
20260402 060900;4628.818000;4632.105000;4628.755000;4630.595000;0
20260402 061000;4630.525000;4630.655000;4627.495000;4628.575000;0
20260402 061100;4628.525000;4632.235000;4626.935000;4627.085000;0
20260402 061200;4627.055000;4628.795000;4626.635000;4628.055000;0
20260402 061300;4628.025000;4630.685000;4626.835000;4626.835000;0
20260402 061400;4627.255000;4628.165000;4624.225000;4624.835000;0
20260402 061500;4624.875000;4626.595000;4624.645000;4624.665000;0
20260402 061600;4624.615000;4624.625000;4620.185000;4620.585000;0
20260402 061700;4620.525000;4620.525000;4615.255000;4615.255000;0
20260402 061800;4615.215000;4617.935000;4612.495000;4615.365000;0
20260402 061900;4615.295000;4615.785000;4614.115000;4614.615000;0
20260402 062000;4614.575000;4615.635000;4611.405000;4611.965000;0
20260402 062100;4611.995000;4614.305000;4611.185000;4611.625000;0
20260402 062200;4611.655000;4611.705000;4603.485000;4606.825000;0
20260402 062300;4606.995000;4614.685000;4606.995000;4613.175000;0
20260402 062400;4613.155000;4617.275000;4612.205000;4615.665000;0
20260402 062500;4615.685000;4620.685000;4615.585000;4619.375000;0
20260402 062600;4619.485000;4620.575000;4618.435000;4619.285000;0
20260402 062700;4619.315000;4619.925000;4615.675000;4616.655000;0
20260402 062800;4616.685000;4616.695000;4615.245000;4616.255000;0
20260402 062900;4616.225000;4618.955000;4616.205000;4618.175000;0
20260402 063000;4618.155000;4619.755000;4617.305000;4619.025000;0
20260402 063100;4618.695000;4619.025000;4616.995000;4618.635000;0
20260402 063200;4618.655000;4618.655000;4614.565000;4616.495000;0
20260402 063300;4616.465000;4617.865000;4615.035000;4615.525000;0
20260402 063400;4615.315000;4616.475000;4613.155000;4614.035000;0
20260402 063500;4614.005000;4616.475000;4613.435000;4616.185000;0
20260402 063600;4616.155000;4617.525000;4615.185000;4616.395000;0
20260402 063700;4616.425000;4618.505000;4615.845000;4617.655000;0
20260402 063800;4617.635000;4617.885000;4616.655000;4616.755000;0
20260402 063900;4616.865000;4616.935000;4613.545000;4613.905000;0
20260402 064000;4614.445000;4620.053000;4614.425000;4615.335000;0
20260402 064100;4615.325000;4617.165000;4615.045000;4615.355000;0
20260402 064200;4615.375000;4629.195000;4615.375000;4626.875000;0
20260402 064300;4626.835000;4631.125000;4625.605000;4626.925000;0
20260402 064400;4626.865000;4627.115000;4623.125000;4624.085000;0
20260402 064500;4624.045000;4625.975000;4624.045000;4624.955000;0
20260402 064600;4624.925000;4624.925000;4621.848000;4621.945000;0
20260402 064700;4621.935000;4624.835000;4621.565000;4622.985000;0
20260402 064800;4622.535000;4628.565000;4622.335000;4627.545000;0
20260402 064900;4627.465000;4629.205000;4627.025000;4628.145000;0
20260402 065000;4628.025000;4628.265000;4623.845000;4623.975000;0
20260402 065100;4623.935000;4624.145000;4619.098000;4621.325000;0
20260402 065200;4621.275000;4623.325000;4620.475000;4623.275000;0
20260402 065300;4623.295000;4623.735000;4621.515000;4621.515000;0
20260402 065400;4621.555000;4621.885000;4619.585000;4620.385000;0
20260402 065500;4620.295000;4624.405000;4619.905000;4623.975000;0
20260402 065600;4623.945000;4624.635000;4620.935000;4622.515000;0
20260402 065700;4622.488000;4623.595000;4619.665000;4620.555000;0
20260402 065800;4620.585000;4625.855000;4620.585000;4624.635000;0
20260402 065900;4624.655000;4624.825000;4620.265000;4620.265000;0
20260402 070000;4620.295000;4622.015000;4618.885000;4619.635000;0
20260402 070100;4619.595000;4619.785000;4616.535000;4618.155000;0
20260402 070200;4618.185000;4623.955000;4617.475000;4623.835000;0
20260402 070300;4623.865000;4625.895000;4622.545000;4624.615000;0
20260402 070400;4624.515000;4626.845000;4622.845000;4626.395000;0
20260402 070500;4626.355000;4626.355000;4623.245000;4624.675000;0
20260402 070600;4624.875000;4626.135000;4623.195000;4623.245000;0
20260402 070700;4623.315000;4625.275000;4622.735000;4625.275000;0
20260402 070800;4625.245000;4627.555000;4622.815000;4623.855000;0
20260402 070900;4623.788000;4625.935000;4623.725000;4625.495000;0
20260402 071000;4625.525000;4626.225000;4624.405000;4624.695000;0
20260402 071100;4624.655000;4625.915000;4624.138000;4625.845000;0
20260402 071200;4625.865000;4628.995000;4625.845000;4628.615000;0
20260402 071300;4628.695000;4629.715000;4626.995000;4627.105000;0
20260402 071400;4627.065000;4627.365000;4624.895000;4627.275000;0
20260402 071500;4627.805000;4628.315000;4624.125000;4626.155000;0
20260402 071600;4626.175000;4626.315000;4624.035000;4625.825000;0
20260402 071700;4625.725000;4626.005000;4624.565000;4625.485000;0
20260402 071800;4625.465000;4625.465000;4623.035000;4623.595000;0
20260402 071900;4623.795000;4626.295000;4623.355000;4624.295000;0
20260402 072000;4624.245000;4625.615000;4623.385000;4625.075000;0
20260402 072100;4625.045000;4628.085000;4624.725000;4627.165000;0
20260402 072200;4627.275000;4628.415000;4626.235000;4627.945000;0
20260402 072300;4627.975000;4628.185000;4625.055000;4625.545000;0
20260402 072400;4625.575000;4625.675000;4623.885000;4625.215000;0
20260402 072500;4625.165000;4630.475000;4625.105000;4628.945000;0
20260402 072600;4624.925000;4624.925000;4618.535000;4619.015000;0
20260402 072700;4619.045000;4622.395000;4617.965000;4622.335000;0
20260402 072800;4622.355000;4622.375000;4617.965000;4618.055000;0
20260402 072900;4618.075000;4619.935000;4613.945000;4614.635000;0
20260402 073000;4614.605000;4616.825000;4608.495000;4615.895000;0
20260402 073100;4615.925000;4616.895000;4609.425000;4610.805000;0
20260402 073200;4610.785000;4610.825000;4608.125000;4609.955000;0
20260402 073300;4609.755000;4614.825000;4608.915000;4611.795000;0
20260402 073400;4611.845000;4613.485000;4611.005000;4613.255000;0
20260402 073500;4613.315000;4616.845000;4612.685000;4616.455000;0
20260402 073600;4616.285000;4616.325000;4613.585000;4616.325000;0
20260402 073700;4616.295000;4616.295000;4614.605000;4616.025000;0
20260402 073800;4616.055000;4617.425000;4615.725000;4616.285000;0
20260402 073900;4616.385000;4616.835000;4608.475000;4608.545000;0
20260402 074000;4608.505000;4608.505000;4603.985000;4605.985000;0
20260402 074100;4605.955000;4606.615000;4602.395000;4602.755000;0
20260402 074200;4602.785000;4602.785000;4595.655000;4595.765000;0
20260402 074300;4595.745000;4598.655000;4592.445000;4597.885000;0
20260402 074400;4597.865000;4600.255000;4596.855000;4599.745000;0
20260402 074500;4599.685000;4601.475000;4597.105000;4598.485000;0
20260402 074600;4598.505000;4601.635000;4598.505000;4600.195000;0
20260402 074700;4600.165000;4600.165000;4595.918000;4599.095000;0
20260402 074800;4599.135000;4601.435000;4597.728000;4599.675000;0
20260402 074900;4599.705000;4604.525000;4598.795000;4603.895000;0
20260402 075000;4603.875000;4607.075000;4603.715000;4606.725000;0
20260402 075100;4606.645000;4611.835000;4606.645000;4607.335000;0
20260402 075200;4607.355000;4607.865000;4601.235000;4602.915000;0
20260402 075300;4602.945000;4603.675000;4600.975000;4601.045000;0
20260402 075400;4601.125000;4603.555000;4600.005000;4601.285000;0
20260402 075500;4601.015000;4602.915000;4600.245000;4600.865000;0
20260402 075600;4600.845000;4603.305000;4600.605000;4603.065000;0
20260402 075700;4602.995000;4602.995000;4599.045000;4599.375000;0
20260402 075800;4599.395000;4601.525000;4598.125000;4601.145000;0
20260402 075900;4601.135000;4601.985000;4598.805000;4599.875000;0
20260402 080000;4599.875000;4601.405000;4597.555000;4597.735000;0
20260402 080100;4597.755000;4601.185000;4597.065000;4597.275000;0
20260402 080200;4597.275000;4597.275000;4594.315000;4596.105000;0
20260402 080300;4596.135000;4604.615000;4595.855000;4603.605000;0
20260402 080400;4603.645000;4606.955000;4602.545000;4606.775000;0
20260402 080500;4607.115000;4610.375000;4606.575000;4608.535000;0
20260402 080600;4608.565000;4609.175000;4606.065000;4608.215000;0
20260402 080700;4608.255000;4608.555000;4606.085000;4606.175000;0
20260402 080800;4606.175000;4606.465000;4602.475000;4602.805000;0
20260402 080900;4602.865000;4604.065000;4601.965000;4603.175000;0
20260402 081000;4603.175000;4603.965000;4599.695000;4602.478000;0
20260402 081100;4602.655000;4602.855000;4599.345000;4601.065000;0
20260402 081200;4601.095000;4604.075000;4598.295000;4603.505000;0
20260402 081300;4603.655000;4608.195000;4603.265000;4607.055000;0
20260402 081400;4607.065000;4612.725000;4607.065000;4612.335000;0
20260402 081500;4612.355000;4614.925000;4610.195000;4613.125000;0
20260402 081600;4613.105000;4615.525000;4610.345000;4610.465000;0
20260402 081700;4610.445000;4612.645000;4609.375000;4611.805000;0
20260402 081800;4611.775000;4616.335000;4611.115000;4613.755000;0
20260402 081900;4613.725000;4614.075000;4611.015000;4613.515000;0
20260402 082000;4613.475000;4618.115000;4611.635000;4616.105000;0
20260402 082100;4616.075000;4623.195000;4615.405000;4622.995000;0
20260402 082200;4622.945000;4626.865000;4622.695000;4625.895000;0
20260402 082300;4625.855000;4628.585000;4624.985000;4625.095000;0
20260402 082400;4625.125000;4628.835000;4624.235000;4627.975000;0
20260402 082500;4627.945000;4630.035000;4626.455000;4627.465000;0
20260402 082600;4627.445000;4627.645000;4624.035000;4625.255000;0
20260402 082700;4625.125000;4625.505000;4623.515000;4624.905000;0
20260402 082800;4624.925000;4626.725000;4623.365000;4625.715000;0
20260402 082900;4625.695000;4627.155000;4625.045000;4625.445000;0
20260402 083000;4625.365000;4626.565000;4621.695000;4622.835000;0
20260402 083100;4622.815000;4624.075000;4621.375000;4621.845000;0
20260402 083200;4621.895000;4622.745000;4619.375000;4620.378000;0
20260402 083300;4620.375000;4623.865000;4619.285000;4619.575000;0
20260402 083400;4619.655000;4623.895000;4618.915000;4621.705000;0
20260402 083500;4621.915000;4624.065000;4619.775000;4623.655000;0
20260402 083600;4623.655000;4623.975000;4620.248000;4621.895000;0
20260402 083700;4621.895000;4622.525000;4620.285000;4621.685000;0
20260402 083800;4621.645000;4624.375000;4621.275000;4623.755000;0
20260402 083900;4623.785000;4623.885000;4620.815000;4621.145000;0
20260402 084000;4621.135000;4621.955000;4617.835000;4618.665000;0
20260402 084100;4618.665000;4621.325000;4618.555000;4620.365000;0
20260402 084200;4620.395000;4620.915000;4618.755000;4619.255000;0
20260402 084300;4619.195000;4619.745000;4615.545000;4618.185000;0
20260402 084400;4618.745000;4619.685000;4617.775000;4618.005000;0
20260402 084500;4618.495000;4620.815000;4618.025000;4620.055000;0
20260402 084600;4620.075000;4624.315000;4618.545000;4619.235000;0
20260402 084700;4619.205000;4619.275000;4613.485000;4614.585000;0
20260402 084800;4614.605000;4618.955000;4614.605000;4617.885000;0
20260402 084900;4617.865000;4620.655000;4617.175000;4619.265000;0
20260402 085000;4619.235000;4621.175000;4618.225000;4620.795000;0
20260402 085100;4620.745000;4621.715000;4618.265000;4618.915000;0
20260402 085200;4618.865000;4626.105000;4618.805000;4626.105000;0
20260402 085300;4626.015000;4626.515000;4620.835000;4622.565000;0
20260402 085400;4622.525000;4623.035000;4619.625000;4619.865000;0
20260402 085500;4619.885000;4621.365000;4615.775000;4616.075000;0
20260402 085600;4616.015000;4616.835000;4611.395000;4611.395000;0
20260402 085700;4611.405000;4613.015000;4609.575000;4610.005000;0
20260402 085800;4610.055000;4610.065000;4603.698000;4605.645000;0
20260402 085900;4605.665000;4606.005000;4600.058000;4601.598000;0
20260402 090000;4601.695000;4602.555000;4580.685000;4584.695000;0
20260402 090100;4584.585000;4596.785000;4583.305000;4596.145000;0
20260402 090200;4596.175000;4600.258000;4581.258000;4581.718000;0
20260402 090300;4581.998000;4588.615000;4581.098000;4586.945000;0
20260402 090400;4586.955000;4595.655000;4586.525000;4594.678000;0
20260402 090500;4594.618000;4606.705000;4592.498000;4605.675000;0
20260402 090600;4605.695000;4613.885000;4603.345000;4607.265000;0
20260402 090700;4607.195000;4612.045000;4604.095000;4604.418000;0
20260402 090800;4604.345000;4605.338000;4600.465000;4600.715000;0
20260402 090900;4600.695000;4602.115000;4599.385000;4599.745000;0
20260402 091000;4599.805000;4601.295000;4591.685000;4596.718000;0
20260402 091100;4596.845000;4596.865000;4592.245000;4594.738000;0
20260402 091200;4594.715000;4595.815000;4589.725000;4590.335000;0
20260402 091300;4590.315000;4591.635000;4585.005000;4590.505000;0
20260402 091400;4590.475000;4592.025000;4586.755000;4587.225000;0
20260402 091500;4587.195000;4594.465000;4586.495000;4592.315000;0
20260402 091600;4592.295000;4594.695000;4590.085000;4591.545000;0
20260402 091700;4591.425000;4592.175000;4584.645000;4590.165000;0
20260402 091800;4590.145000;4590.265000;4585.518000;4588.525000;0
20260402 091900;4588.695000;4591.295000;4587.695000;4590.855000;0
20260402 092000;4590.835000;4591.475000;4587.395000;4588.545000;0
20260402 092100;4588.625000;4591.715000;4587.635000;4588.295000;0
20260402 092200;4588.435000;4597.525000;4588.295000;4594.825000;0
20260402 092300;4594.925000;4595.475000;4580.928000;4582.625000;0
20260402 092400;4582.458000;4589.515000;4580.625000;4582.778000;0
20260402 092500;4582.838000;4588.518000;4582.635000;4586.705000;0
20260402 092600;4586.665000;4593.055000;4586.118000;4593.035000;0
20260402 092700;4593.055000;4597.135000;4591.225000;4595.805000;0
20260402 092800;4595.835000;4597.325000;4594.035000;4596.845000;0
20260402 092900;4596.935000;4600.065000;4595.935000;4597.185000;0
20260402 093000;4597.265000;4602.825000;4596.375000;4602.518000;0
20260402 093100;4602.578000;4607.425000;4600.418000;4605.815000;0
20260402 093200;4605.795000;4605.795000;4596.215000;4596.945000;0
20260402 093300;4596.695000;4602.505000;4593.585000;4601.555000;0
20260402 093400;4601.405000;4602.175000;4597.905000;4599.615000;0
20260402 093500;4599.695000;4600.425000;4594.305000;4596.655000;0
20260402 093600;4596.645000;4601.055000;4595.165000;4595.515000;0
20260402 093700;4595.535000;4599.375000;4590.535000;4593.115000;0
20260402 093800;4592.605000;4598.505000;4591.345000;4596.405000;0
20260402 093900;4596.435000;4596.535000;4589.635000;4589.735000;0
20260402 094000;4589.775000;4592.025000;4585.818000;4589.435000;0
20260402 094100;4589.495000;4602.245000;4589.275000;4601.665000;0
20260402 094200;4601.475000;4601.975000;4593.295000;4594.275000;0
20260402 094300;4594.145000;4598.205000;4593.995000;4596.585000;0
20260402 094400;4596.565000;4602.255000;4596.295000;4601.915000;0
20260402 094500;4601.745000;4608.735000;4600.205000;4604.345000;0
20260402 094600;4604.305000;4613.325000;4603.795000;4613.135000;0
20260402 094700;4613.085000;4620.335000;4611.955000;4620.005000;0
20260402 094800;4619.945000;4629.185000;4619.495000;4628.925000;0
20260402 094900;4628.945000;4636.485000;4624.325000;4634.095000;0
20260402 095000;4634.185000;4638.795000;4631.465000;4633.685000;0
20260402 095100;4633.495000;4638.235000;4633.445000;4635.385000;0
20260402 095200;4635.235000;4635.825000;4629.075000;4632.495000;0
20260402 095300;4632.425000;4643.048000;4632.165000;4635.195000;0
20260402 095400;4635.165000;4638.295000;4633.465000;4635.345000;0
20260402 095500;4635.195000;4637.805000;4632.165000;4633.745000;0
20260402 095600;4633.705000;4638.605000;4632.005000;4637.815000;0
20260402 095700;4637.715000;4648.115000;4637.245000;4647.375000;0
20260402 095800;4647.255000;4651.135000;4645.185000;4645.365000;0
20260402 095900;4645.325000;4647.635000;4642.665000;4645.595000;0
20260402 100000;4646.035000;4650.055000;4635.065000;4641.905000;0
20260402 100100;4641.855000;4641.855000;4631.131000;4635.585000;0
20260402 100200;4635.385000;4643.545000;4633.825000;4636.075000;0
20260402 100300;4636.025000;4641.415000;4634.605000;4641.265000;0
20260402 100400;4641.255000;4644.855000;4638.325000;4641.835000;0
20260402 100500;4641.725000;4644.635000;4637.025000;4644.295000;0
20260402 100600;4644.325000;4650.925000;4642.428000;4650.385000;0
20260402 100700;4650.438000;4650.945000;4645.255000;4645.915000;0
20260402 100800;4645.618000;4649.678000;4645.185000;4649.355000;0
20260402 100900;4649.335000;4650.235000;4646.095000;4647.715000;0
20260402 101000;4647.575000;4650.005000;4646.145000;4647.865000;0
20260402 101100;4647.845000;4659.265000;4647.245000;4656.025000;0
20260402 101200;4655.855000;4655.865000;4648.725000;4651.085000;0
20260402 101300;4651.035000;4653.165000;4647.335000;4652.975000;0
20260402 101400;4652.975000;4653.185000;4646.315000;4647.495000;0
20260402 101500;4647.465000;4654.445000;4645.515000;4654.145000;0
20260402 101600;4654.165000;4661.745000;4652.115000;4653.835000;0
20260402 101700;4653.825000;4657.435000;4652.775000;4656.695000;0
20260402 101800;4657.365000;4662.305000;4654.115000;4660.195000;0
20260402 101900;4660.175000;4663.485000;4657.505000;4660.308000;0
20260402 102000;4659.965000;4664.025000;4658.685000;4659.555000;0
20260402 102100;4659.475000;4662.735000;4659.215000;4662.355000;0
20260402 102200;4662.325000;4665.855000;4660.885000;4665.655000;0
20260402 102300;4665.615000;4671.835000;4664.725000;4669.805000;0
20260402 102400;4669.625000;4675.625000;4669.168000;4674.915000;0
20260402 102500;4674.915000;4675.565000;4664.568000;4665.148000;0
20260402 102600;4665.158000;4669.305000;4663.585000;4663.778000;0
20260402 102700;4663.408000;4664.388000;4659.995000;4660.448000;0
20260402 102800;4660.448000;4666.025000;4660.275000;4665.895000;0
20260402 102900;4665.808000;4665.808000;4661.245000;4664.855000;0
20260402 103000;4664.535000;4666.665000;4661.135000;4661.915000;0
20260402 103100;4661.735000;4665.275000;4660.885000;4661.835000;0
20260402 103200;4661.835000;4663.925000;4658.765000;4660.635000;0
20260402 103300;4660.645000;4665.715000;4659.948000;4665.715000;0
20260402 103400;4665.525000;4673.285000;4663.545000;4669.765000;0
20260402 103500;4669.705000;4683.215000;4668.225000;4683.215000;0
20260402 103600;4683.215000;4692.815000;4679.025000;4682.988000;0
20260402 103700;4682.865000;4695.585000;4680.815000;4686.078000;0
20260402 103800;4685.898000;4686.075000;4673.718000;4674.295000;0
20260402 103900;4674.215000;4690.778000;4672.425000;4687.398000;0
20260402 104000;4686.848000;4690.938000;4684.465000;4688.505000;0
20260402 104100;4689.015000;4691.245000;4679.555000;4680.275000;0
20260402 104200;4680.358000;4690.395000;4680.358000;4689.235000;0
20260402 104300;4689.725000;4699.635000;4686.135000;4692.038000;0
20260402 104400;4691.738000;4698.158000;4687.298000;4693.375000;0
20260402 104500;4692.705000;4693.405000;4688.148000;4688.148000;0
20260402 104600;4688.148000;4690.345000;4683.615000;4686.135000;0
20260402 104700;4686.065000;4691.675000;4682.535000;4691.255000;0
20260402 104800;4691.215000;4692.955000;4684.565000;4685.255000;0
20260402 104900;4685.285000;4686.065000;4679.415000;4680.635000;0
20260402 105000;4680.605000;4681.515000;4672.105000;4676.278000;0
20260402 105100;4676.278000;4678.015000;4674.135000;4677.005000;0
20260402 105200;4676.915000;4683.085000;4675.398000;4683.085000;0
20260402 105300;4683.055000;4684.515000;4677.955000;4678.645000;0
20260402 105400;4678.725000;4684.645000;4678.395000;4683.725000;0
20260402 105500;4684.025000;4687.165000;4680.205000;4685.875000;0
20260402 105600;4685.645000;4687.958000;4683.025000;4684.218000;0
20260402 105700;4684.218000;4686.498000;4680.345000;4686.045000;0
20260402 105800;4686.075000;4689.525000;4685.305000;4687.498000;0
20260402 105900;4687.418000;4688.238000;4680.755000;4681.098000;0
20260402 110000;4681.045000;4683.498000;4675.305000;4675.668000;0
20260402 110100;4675.708000;4679.958000;4675.468000;4677.355000;0
20260402 110200;4677.245000;4678.245000;4671.238000;4671.618000;0
20260402 110300;4671.618000;4677.325000;4669.325000;4675.235000;0
20260402 110400;4675.275000;4680.755000;4672.455000;4680.635000;0
20260402 110500;4681.185000;4682.065000;4671.918000;4673.045000;0
20260402 110600;4672.955000;4677.428000;4672.025000;4673.208000;0
20260402 110700;4672.928000;4674.095000;4668.285000;4668.835000;0
20260402 110800;4668.965000;4672.318000;4667.975000;4668.595000;0
20260402 110900;4668.575000;4670.775000;4666.965000;4670.385000;0
20260402 111000;4670.355000;4675.698000;4668.525000;4674.185000;0
20260402 111100;4674.155000;4677.275000;4673.615000;4674.558000;0
20260402 111200;4674.558000;4680.098000;4674.218000;4678.655000;0
20260402 111300;4678.498000;4679.258000;4675.525000;4676.115000;0
20260402 111400;4676.095000;4676.095000;4669.058000;4671.915000;0
20260402 111500;4671.945000;4677.658000;4671.805000;4676.155000;0
20260402 111600;4676.265000;4680.198000;4675.835000;4679.218000;0
20260402 111700;4678.938000;4681.618000;4674.925000;4676.225000;0
20260402 111800;4676.255000;4677.335000;4671.205000;4673.998000;0
20260402 111900;4673.998000;4674.865000;4671.595000;4672.158000;0
20260402 112000;4672.215000;4672.235000;4662.875000;4663.045000;0
20260402 112100;4663.315000;4667.878000;4663.265000;4667.535000;0
20260402 112200;4667.475000;4668.645000;4659.638000;4660.538000;0
20260402 112300;4660.538000;4663.338000;4659.048000;4659.978000;0
20260402 112400;4659.618000;4662.518000;4659.118000;4661.758000;0
20260402 112500;4661.818000;4664.658000;4657.898000;4664.418000;0
20260402 112600;4664.378000;4669.598000;4664.318000;4669.198000;0
20260402 112700;4669.425000;4673.958000;4666.198000;4673.855000;0
20260402 112800;4673.745000;4676.068000;4673.695000;4675.735000;0
20260402 112900;4675.565000;4675.648000;4670.685000;4672.045000;0
20260402 113000;4672.208000;4674.188000;4670.078000;4670.328000;0
20260402 113100;4670.568000;4670.648000;4668.118000;4669.015000;0
20260402 113200;4669.105000;4671.898000;4667.788000;4671.038000;0
20260402 113300;4671.128000;4671.348000;4668.988000;4671.158000;0
20260402 113400;4671.118000;4674.818000;4669.835000;4674.645000;0
20260402 113500;4674.695000;4674.985000;4670.135000;4672.225000;0
20260402 113600;4672.155000;4674.445000;4671.745000;4673.285000;0
20260402 113700;4673.395000;4675.565000;4672.445000;4674.125000;0
20260402 113800;4674.185000;4674.185000;4670.365000;4672.098000;0
20260402 113900;4671.805000;4673.098000;4667.448000;4669.915000;0
20260402 114000;4669.715000;4669.848000;4665.285000;4665.938000;0
20260402 114100;4666.008000;4667.418000;4663.235000;4665.328000;0
20260402 114200;4665.365000;4667.025000;4662.965000;4663.548000;0
20260402 114300;4663.725000;4664.875000;4661.878000;4663.858000;0
20260402 114400;4663.808000;4667.778000;4663.498000;4665.498000;0
20260402 114500;4665.668000;4666.178000;4658.828000;4659.778000;0
20260402 114600;4659.908000;4663.998000;4658.978000;4662.778000;0
20260402 114700;4662.808000;4663.935000;4660.198000;4663.208000;0
20260402 114800;4663.208000;4665.198000;4658.788000;4660.848000;0
20260402 114900;4660.808000;4660.935000;4658.165000;4658.628000;0
20260402 115000;4658.628000;4659.228000;4654.198000;4655.825000;0
20260402 115100;4655.915000;4657.618000;4652.208000;4653.015000;0
20260402 115200;4653.375000;4659.645000;4652.525000;4659.165000;0
20260402 115300;4659.065000;4659.065000;4654.375000;4655.185000;0
20260402 115400;4655.235000;4662.358000;4655.095000;4661.685000;0
20260402 115500;4661.658000;4663.918000;4659.918000;4663.858000;0
20260402 115600;4663.878000;4663.958000;4655.738000;4656.118000;0
20260402 115700;4656.118000;4657.825000;4652.865000;4657.235000;0
20260402 115800;4657.255000;4659.685000;4656.615000;4658.285000;0
20260402 115900;4658.315000;4661.385000;4658.258000;4660.745000;0
20260402 120000;4660.715000;4664.415000;4659.415000;4659.425000;0
20260402 120100;4659.465000;4666.635000;4659.465000;4665.695000;0
20260402 120200;4665.665000;4668.245000;4665.045000;4667.265000;0
20260402 120300;4667.245000;4667.395000;4664.435000;4664.565000;0
20260402 120400;4664.525000;4664.965000;4659.835000;4661.445000;0
20260402 120500;4661.415000;4665.065000;4661.075000;4662.815000;0
20260402 120600;4662.885000;4662.885000;4659.205000;4659.215000;0
20260402 120700;4659.185000;4660.175000;4655.765000;4655.795000;0
20260402 120800;4655.825000;4657.925000;4647.835000;4648.435000;0
20260402 120900;4648.455000;4658.725000;4648.125000;4657.775000;0
20260402 121000;4657.858000;4658.618000;4652.945000;4653.358000;0
20260402 121100;4653.358000;4653.998000;4650.738000;4651.195000;0
20260402 121200;4651.265000;4654.375000;4651.245000;4652.795000;0
20260402 121300;4652.635000;4656.435000;4652.115000;4655.755000;0
20260402 121400;4655.755000;4655.755000;4653.405000;4654.665000;0
20260402 121500;4654.365000;4656.525000;4653.065000;4654.655000;0
20260402 121600;4654.695000;4656.745000;4653.795000;4654.015000;0
20260402 121700;4654.265000;4655.325000;4651.805000;4653.295000;0
20260402 121800;4653.295000;4654.315000;4649.795000;4652.655000;0
20260402 121900;4652.865000;4653.405000;4645.815000;4646.085000;0
20260402 122000;4646.255000;4648.605000;4642.618000;4648.325000;0
20260402 122100;4648.385000;4652.175000;4648.185000;4651.115000;0
20260402 122200;4651.095000;4655.925000;4650.465000;4655.415000;0
20260402 122300;4655.415000;4655.855000;4652.685000;4653.665000;0
20260402 122400;4653.695000;4654.705000;4651.225000;4651.225000;0
20260402 122500;4651.255000;4653.145000;4650.165000;4650.815000;0
20260402 122600;4650.935000;4654.635000;4650.555000;4653.765000;0
20260402 122700;4653.765000;4654.035000;4652.255000;4653.625000;0
20260402 122800;4653.965000;4655.955000;4653.065000;4653.645000;0
20260402 122900;4653.585000;4653.675000;4650.265000;4650.405000;0
20260402 123000;4650.385000;4653.625000;4650.275000;4653.445000;0
20260402 123100;4653.485000;4655.505000;4653.205000;4654.375000;0
20260402 123200;4654.375000;4661.785000;4653.805000;4660.605000;0
20260402 123300;4660.425000;4660.775000;4655.815000;4656.605000;0
20260402 123400;4656.625000;4663.555000;4654.925000;4657.895000;0
20260402 123500;4657.915000;4663.565000;4657.915000;4663.385000;0
20260402 123600;4663.605000;4666.075000;4659.575000;4666.075000;0
20260402 123700;4666.195000;4667.885000;4663.645000;4664.575000;0
20260402 123800;4664.735000;4665.195000;4659.765000;4662.045000;0
20260402 123900;4662.105000;4665.465000;4661.458000;4663.595000;0
20260402 124000;4663.485000;4669.585000;4662.985000;4664.075000;0
20260402 124100;4664.705000;4666.555000;4662.435000;4665.185000;0
20260402 124200;4665.125000;4668.105000;4664.825000;4665.955000;0
20260402 124300;4665.845000;4666.935000;4664.565000;4666.325000;0
20260402 124400;4666.325000;4668.355000;4658.298000;4658.545000;0
20260402 124500;4658.045000;4659.645000;4656.355000;4658.575000;0
20260402 124600;4658.535000;4662.195000;4658.535000;4659.505000;0
20260402 124700;4659.565000;4661.465000;4657.775000;4661.345000;0
20260402 124800;4661.335000;4661.335000;4657.855000;4658.795000;0
20260402 124900;4658.815000;4660.638000;4658.765000;4660.035000;0
20260402 125000;4660.085000;4666.575000;4659.445000;4661.958000;0
20260402 125100;4661.898000;4661.978000;4658.918000;4660.685000;0
20260402 125200;4660.725000;4660.985000;4659.145000;4660.178000;0
20260402 125300;4660.198000;4665.698000;4659.518000;4665.698000;0
20260402 125400;4665.498000;4670.248000;4663.428000;4663.915000;0
20260402 125500;4663.915000;4664.255000;4661.398000;4663.825000;0
20260402 125600;4663.935000;4664.055000;4661.245000;4661.265000;0
20260402 125700;4661.285000;4663.165000;4661.045000;4662.035000;0
20260402 125800;4662.005000;4662.285000;4658.845000;4659.215000;0
20260402 125900;4659.245000;4663.298000;4658.685000;4658.685000;0
20260402 130000;4658.715000;4660.485000;4656.705000;4657.045000;0
20260402 130100;4657.018000;4657.675000;4655.788000;4656.845000;0
20260402 130200;4656.758000;4659.385000;4656.345000;4659.265000;0
20260402 130300;4659.305000;4664.475000;4657.145000;4662.935000;0
20260402 130400;4662.995000;4663.705000;4661.245000;4663.195000;0
20260402 130500;4663.175000;4664.145000;4661.615000;4663.085000;0
20260402 130600;4663.115000;4667.065000;4662.525000;4667.035000;0
20260402 130700;4666.995000;4667.995000;4665.008000;4666.315000;0
20260402 130800;4666.345000;4666.695000;4660.215000;4660.415000;0
20260402 130900;4660.475000;4663.545000;4660.205000;4662.565000;0
20260402 131000;4662.655000;4663.735000;4661.545000;4661.715000;0
20260402 131100;4661.818000;4663.015000;4660.165000;4660.445000;0
20260402 131200;4660.575000;4660.965000;4657.545000;4660.215000;0
20260402 131300;4660.235000;4662.425000;4659.075000;4661.835000;0
20260402 131400;4661.835000;4663.975000;4661.395000;4663.715000;0
20260402 131500;4663.678000;4665.085000;4662.635000;4663.605000;0
20260402 131600;4663.595000;4665.425000;4662.725000;4663.698000;0
20260402 131700;4663.605000;4663.875000;4660.475000;4661.655000;0
20260402 131800;4661.685000;4662.878000;4660.745000;4661.085000;0
20260402 131900;4661.105000;4662.025000;4659.505000;4661.925000;0
20260402 132000;4662.215000;4662.875000;4660.595000;4660.735000;0
20260402 132100;4660.718000;4660.975000;4658.935000;4660.375000;0
20260402 132200;4660.395000;4661.315000;4659.185000;4661.275000;0
20260402 132300;4661.295000;4663.855000;4660.115000;4663.835000;0
20260402 132400;4663.765000;4665.465000;4662.575000;4663.545000;0
20260402 132500;4663.875000;4663.895000;4659.775000;4659.775000;0
20260402 132600;4659.805000;4660.185000;4658.185000;4659.325000;0
20260402 132700;4659.138000;4659.238000;4656.675000;4658.245000;0
20260402 132800;4658.275000;4659.258000;4651.695000;4652.998000;0
20260402 132900;4653.018000;4654.095000;4650.748000;4651.565000;0
20260402 133000;4651.538000;4651.795000;4646.565000;4646.785000;0
20260402 133100;4646.475000;4651.958000;4645.798000;4649.318000;0
20260402 133200;4649.585000;4651.465000;4648.955000;4649.658000;0
20260402 133300;4649.718000;4653.778000;4649.595000;4651.025000;0
20260402 133400;4651.005000;4653.615000;4649.665000;4651.338000;0
20260402 133500;4651.338000;4652.118000;4647.898000;4649.355000;0
20260402 133600;4649.325000;4651.345000;4648.858000;4650.305000;0
20260402 133700;4650.585000;4651.775000;4649.698000;4649.998000;0
20260402 133800;4649.998000;4651.545000;4649.485000;4650.255000;0
20260402 133900;4650.305000;4653.318000;4649.938000;4653.135000;0
20260402 134000;4653.125000;4656.695000;4653.125000;4655.585000;0
20260402 134100;4655.555000;4657.115000;4654.895000;4655.125000;0
20260402 134200;4655.125000;4656.115000;4652.275000;4655.615000;0
20260402 134300;4655.655000;4656.545000;4654.655000;4655.255000;0
20260402 134400;4655.235000;4657.985000;4655.195000;4657.485000;0
20260402 134500;4657.505000;4658.755000;4655.285000;4655.965000;0
20260402 134600;4655.965000;4656.525000;4653.835000;4655.975000;0
20260402 134700;4655.975000;4656.425000;4653.695000;4654.385000;0
20260402 134800;4654.355000;4654.495000;4650.378000;4650.605000;0
20260402 134900;4650.465000;4650.705000;4646.105000;4647.475000;0
20260402 135000;4647.625000;4651.775000;4647.165000;4651.185000;0
20260402 135100;4651.095000;4651.488000;4649.145000;4650.175000;0
20260402 135200;4650.155000;4650.885000;4645.535000;4647.115000;0
20260402 135300;4647.055000;4649.845000;4646.275000;4648.085000;0
20260402 135400;4648.065000;4650.475000;4647.275000;4649.955000;0
20260402 135500;4649.955000;4652.125000;4648.675000;4650.145000;0
20260402 135600;4650.145000;4651.055000;4649.155000;4650.298000;0
20260402 135700;4650.298000;4651.205000;4649.288000;4651.125000;0
20260402 135800;4651.145000;4651.235000;4647.875000;4648.098000;0
20260402 135900;4648.175000;4649.298000;4646.698000;4648.495000;0
20260402 140000;4648.825000;4653.045000;4648.695000;4650.805000;0
20260402 140100;4650.785000;4651.795000;4647.215000;4649.435000;0
20260402 140200;4649.415000;4651.275000;4648.695000;4650.575000;0
20260402 140300;4650.615000;4652.765000;4649.615000;4650.838000;0
20260402 140400;4650.855000;4653.195000;4650.355000;4653.195000;0
20260402 140500;4653.355000;4658.445000;4652.675000;4656.295000;0
20260402 140600;4656.145000;4656.695000;4653.975000;4656.065000;0
20260402 140700;4656.045000;4656.845000;4655.058000;4655.195000;0
20260402 140800;4655.175000;4655.405000;4653.535000;4654.605000;0
20260402 140900;4654.505000;4656.015000;4654.505000;4655.755000;0
20260402 141000;4655.785000;4658.385000;4654.615000;4657.445000;0
20260402 141100;4657.415000;4658.595000;4657.065000;4657.395000;0
20260402 141200;4657.415000;4657.495000;4654.295000;4654.798000;0
20260402 141300;4654.798000;4654.938000;4653.695000;4654.475000;0
20260402 141400;4654.455000;4654.525000;4652.698000;4653.205000;0
20260402 141500;4653.418000;4654.565000;4651.785000;4653.538000;0
20260402 141600;4653.385000;4654.318000;4651.785000;4653.445000;0
20260402 141700;4653.405000;4655.865000;4652.995000;4655.025000;0
20260402 141800;4654.995000;4656.075000;4653.635000;4654.785000;0
20260402 141900;4655.045000;4655.195000;4652.755000;4653.625000;0
20260402 142000;4653.595000;4655.525000;4653.275000;4655.515000;0
20260402 142100;4655.485000;4656.495000;4654.585000;4656.205000;0
20260402 142200;4656.285000;4656.285000;4653.285000;4655.065000;0
20260402 142300;4655.255000;4655.275000;4653.175000;4653.775000;0
20260402 142400;4653.805000;4655.035000;4651.295000;4651.295000;0
20260402 142500;4651.245000;4651.835000;4650.375000;4651.745000;0
20260402 142600;4651.745000;4653.045000;4651.105000;4652.555000;0
20260402 142700;4652.525000;4652.825000;4650.435000;4651.135000;0
20260402 142800;4651.135000;4652.335000;4649.755000;4650.855000;0
20260402 142900;4650.895000;4651.935000;4649.935000;4651.455000;0
20260402 143000;4651.425000;4656.915000;4651.425000;4656.815000;0
20260402 143100;4656.825000;4657.525000;4655.415000;4655.995000;0
20260402 143200;4656.195000;4656.765000;4654.795000;4655.258000;0
20260402 143300;4655.258000;4656.898000;4654.698000;4655.898000;0
20260402 143400;4655.875000;4658.955000;4655.875000;4658.498000;0
20260402 143500;4658.415000;4659.445000;4656.725000;4658.685000;0
20260402 143600;4658.705000;4659.405000;4657.695000;4659.315000;0
20260402 143700;4659.365000;4659.595000;4657.568000;4659.565000;0
20260402 143800;4659.545000;4659.545000;4654.855000;4654.915000;0
20260402 143900;4654.935000;4655.898000;4654.098000;4655.065000;0
20260402 144000;4654.915000;4659.245000;4654.818000;4659.245000;0
20260402 144100;4659.215000;4663.315000;4657.735000;4661.105000;0
20260402 144200;4660.785000;4662.345000;4660.555000;4661.555000;0
20260402 144300;4661.535000;4661.625000;4658.845000;4659.985000;0
20260402 144400;4660.115000;4662.595000;4660.115000;4662.495000;0
20260402 144500;4662.455000;4663.815000;4661.865000;4663.645000;0
20260402 144600;4663.445000;4666.915000;4663.178000;4665.965000;0
20260402 144700;4665.985000;4667.135000;4665.765000;4666.455000;0
20260402 144800;4666.325000;4668.515000;4665.365000;4666.275000;0
20260402 144900;4666.315000;4668.885000;4665.865000;4668.835000;0
20260402 145000;4668.695000;4670.055000;4665.925000;4665.925000;0
20260402 145100;4665.915000;4667.725000;4662.965000;4663.855000;0
20260402 145200;4663.825000;4668.955000;4663.095000;4668.885000;0
20260402 145300;4668.875000;4669.685000;4667.985000;4668.945000;0
20260402 145400;4668.965000;4669.085000;4667.045000;4667.878000;0
20260402 145500;4667.885000;4668.425000;4666.885000;4667.498000;0
20260402 145600;4667.545000;4668.215000;4666.548000;4667.725000;0
20260402 145700;4667.695000;4669.658000;4667.595000;4669.658000;0
20260402 145800;4669.618000;4671.698000;4669.298000;4671.298000;0
20260402 145900;4671.318000;4671.398000;4667.558000;4668.138000;0
20260402 150000;4668.138000;4671.855000;4668.138000;4671.065000;0
20260402 150100;4671.115000;4672.815000;4670.855000;4672.745000;0
20260402 150200;4672.725000;4675.595000;4672.725000;4673.465000;0
20260402 150300;4673.725000;4674.155000;4672.175000;4672.495000;0
20260402 150400;4672.495000;4672.495000;4669.138000;4671.955000;0
20260402 150500;4671.865000;4677.345000;4671.858000;4677.105000;0
20260402 150600;4677.085000;4677.585000;4675.198000;4676.285000;0
20260402 150700;4676.358000;4677.418000;4675.725000;4677.418000;0
20260402 150800;4677.485000;4679.515000;4676.025000;4677.988000;0
20260402 150900;4677.988000;4679.285000;4677.105000;4679.285000;0
20260402 151000;4679.235000;4680.955000;4678.318000;4680.835000;0
20260402 151100;4680.835000;4681.535000;4679.075000;4680.065000;0
20260402 151200;4680.095000;4680.245000;4675.928000;4676.068000;0
20260402 151300;4676.085000;4676.105000;4673.835000;4674.878000;0
20260402 151400;4674.878000;4674.878000;4673.368000;4674.178000;0
20260402 151500;4674.188000;4674.558000;4670.958000;4671.218000;0
20260402 151600;4671.218000;4671.885000;4670.088000;4670.945000;0
20260402 151700;4670.995000;4672.885000;4670.595000;4670.595000;0
20260402 151800;4670.598000;4671.238000;4669.395000;4669.858000;0
20260402 151900;4669.638000;4670.878000;4668.625000;4669.728000;0
20260402 152000;4669.738000;4669.738000;4668.098000;4669.035000;0
20260402 152100;4669.015000;4669.698000;4668.108000;4668.255000;0
20260402 152200;4668.298000;4670.058000;4666.518000;4670.058000;0
20260402 152300;4669.975000;4677.678000;4668.058000;4676.998000;0
20260402 152400;4676.625000;4676.625000;4671.198000;4672.618000;0
20260402 152500;4672.538000;4673.478000;4670.485000;4671.775000;0
20260402 152600;4671.778000;4672.965000;4669.758000;4670.998000;0
20260402 152700;4671.158000;4672.355000;4670.445000;4671.045000;0
20260402 152800;4670.908000;4670.945000;4665.835000;4665.965000;0
20260402 152900;4665.915000;4666.295000;4663.898000;4664.818000;0
20260402 153000;4664.785000;4665.738000;4661.578000;4664.978000;0
20260402 153100;4665.038000;4666.098000;4663.118000;4664.975000;0
20260402 153200;4664.805000;4666.845000;4663.998000;4664.885000;0
20260402 153300;4664.925000;4666.098000;4663.085000;4663.465000;0
20260402 153400;4663.378000;4664.315000;4662.935000;4663.375000;0
20260402 153500;4663.345000;4665.995000;4663.305000;4663.578000;0
20260402 153600;4663.575000;4664.785000;4662.778000;4662.778000;0
20260402 153700;4662.798000;4664.055000;4661.418000;4661.418000;0
20260402 153800;4661.398000;4662.955000;4661.175000;4662.138000;0
20260402 153900;4662.048000;4664.005000;4661.228000;4663.998000;0
20260402 154000;4663.998000;4666.885000;4663.495000;4666.058000;0
20260402 154100;4666.055000;4668.125000;4665.528000;4667.145000;0
20260402 154200;4667.185000;4667.955000;4665.795000;4667.045000;0
20260402 154300;4667.055000;4667.345000;4666.035000;4667.295000;0
20260402 154400;4667.295000;4667.315000;4665.435000;4665.685000;0
20260402 154500;4665.595000;4668.105000;4665.595000;4667.035000;0
20260402 154600;4666.985000;4667.805000;4665.445000;4667.785000;0
20260402 154700;4667.755000;4669.095000;4667.055000;4668.765000;0
20260402 154800;4668.735000;4669.815000;4667.678000;4668.245000;0
20260402 154900;4668.265000;4669.095000;4667.578000;4668.445000;0
20260402 155000;4669.055000;4672.435000;4669.055000;4670.225000;0
20260402 155100;4670.198000;4672.035000;4668.685000;4672.035000;0
20260402 155200;4672.035000;4673.645000;4670.805000;4672.745000;0
20260402 155300;4672.775000;4674.098000;4672.745000;4673.498000;0
20260402 155400;4673.485000;4675.298000;4673.485000;4674.955000;0
20260402 155500;4675.005000;4675.645000;4671.805000;4674.245000;0
20260402 155600;4674.255000;4674.405000;4672.805000;4673.395000;0
20260402 155700;4673.415000;4673.505000;4671.995000;4673.375000;0
20260402 155800;4673.058000;4675.875000;4673.058000;4674.805000;0
20260402 155900;4674.785000;4676.275000;4671.365000;4671.695000;0
20260402 160000;4671.745000;4674.475000;4671.615000;4674.075000;0
20260402 160100;4674.115000;4676.055000;4673.605000;4675.315000;0
20260402 160200;4675.315000;4675.435000;4673.395000;4674.285000;0
20260402 160300;4674.255000;4675.775000;4674.255000;4675.385000;0
20260402 160400;4675.355000;4676.215000;4674.275000;4674.665000;0
20260402 160500;4674.648000;4675.748000;4673.948000;4674.548000;0
20260402 160600;4674.548000;4674.548000;4673.298000;4674.148000;0
20260402 160700;4674.148000;4674.748000;4673.448000;4674.748000;0
20260402 160800;4674.748000;4674.748000;4673.248000;4673.348000;0
20260402 160900;4673.255000;4673.948000;4672.898000;4673.648000;0
20260402 161000;4673.748000;4675.448000;4673.648000;4675.248000;0
20260402 161100;4675.248000;4676.548000;4675.115000;4675.648000;0
20260402 161200;4675.648000;4675.748000;4673.135000;4673.348000;0
20260402 161300;4673.035000;4673.395000;4671.825000;4673.148000;0
20260402 161400;4673.175000;4673.665000;4672.145000;4673.455000;0
20260402 161500;4672.998000;4673.965000;4672.665000;4673.095000;0
20260402 161600;4673.095000;4673.748000;4672.258000;4673.275000;0
20260402 161700;4673.248000;4674.048000;4670.385000;4670.465000;0
20260402 161800;4669.878000;4670.448000;4666.875000;4667.195000;0
20260402 161900;4667.268000;4668.948000;4666.985000;4667.345000;0
20260402 162000;4667.365000;4667.405000;4665.975000;4667.005000;0
20260402 162100;4666.975000;4666.975000;4664.535000;4665.475000;0
20260402 162200;4665.925000;4666.385000;4664.025000;4664.315000;0
20260402 162300;4664.335000;4665.475000;4664.305000;4665.335000;0
20260402 162400;4665.335000;4666.945000;4665.335000;4666.215000;0
20260402 162500;4666.185000;4669.025000;4665.975000;4668.635000;0
20260402 162600;4668.675000;4670.085000;4668.215000;4668.845000;0
20260402 162700;4668.895000;4669.235000;4668.365000;4668.705000;0
20260402 162800;4668.615000;4669.135000;4667.235000;4667.705000;0
20260402 162900;4667.705000;4669.115000;4667.385000;4667.505000;0
20260402 163000;4667.505000;4670.245000;4667.485000;4669.195000;0
20260402 163100;4669.215000;4670.825000;4669.075000;4669.905000;0
20260402 163200;4669.885000;4671.135000;4669.635000;4670.555000;0
20260402 163300;4670.555000;4672.075000;4669.715000;4671.485000;0
20260402 163400;4671.595000;4671.955000;4671.075000;4671.905000;0
20260402 163500;4671.905000;4672.935000;4671.525000;4672.725000;0
20260402 163600;4672.715000;4672.885000;4670.855000;4671.445000;0
20260402 163700;4671.435000;4671.605000;4670.398000;4671.125000;0
20260402 163800;4671.685000;4672.185000;4671.075000;4671.075000;0
20260402 163900;4671.035000;4671.345000;4670.625000;4671.115000;0
20260402 164000;4671.095000;4671.375000;4670.325000;4670.365000;0
20260402 164100;4670.385000;4670.435000;4669.235000;4669.275000;0
20260402 164200;4669.275000;4669.435000;4668.075000;4668.075000;0
20260402 164300;4668.285000;4668.895000;4667.655000;4668.845000;0
20260402 164400;4668.865000;4669.915000;4668.135000;4668.715000;0
20260402 164500;4668.615000;4670.515000;4667.345000;4669.485000;0
20260402 164600;4669.505000;4673.075000;4669.275000;4671.525000;0
20260402 164700;4670.985000;4671.165000;4669.915000;4670.295000;0
20260402 164800;4670.325000;4671.005000;4669.775000;4670.955000;0
20260402 164900;4670.995000;4671.238000;4669.615000;4670.455000;0
20260402 165000;4670.485000;4672.715000;4669.165000;4671.145000;0
20260402 165100;4671.055000;4671.105000;4670.338000;4670.475000;0
20260402 165200;4670.455000;4671.435000;4669.515000;4670.025000;0
20260402 165300;4669.765000;4671.115000;4666.275000;4669.645000;0
20260402 165400;4669.605000;4671.925000;4669.535000;4671.805000;0
20260402 165500;4671.745000;4673.115000;4671.515000;4672.335000;0
20260402 165600;4672.305000;4673.285000;4671.275000;4673.245000;0
20260402 165700;4673.195000;4676.285000;4673.025000;4675.245000;0
20260402 165800;4675.275000;4677.605000;4675.275000;4675.805000;0
20260405 180000;4651.645000;4653.825000;4629.805000;4633.495000;0
20260405 180100;4633.535000;4664.715000;4631.415000;4656.545000;0
20260405 180200;4656.555000;4657.795000;4635.855000;4645.515000;0
20260405 180300;4643.355000;4646.345000;4632.705000;4633.805000;0
20260405 180400;4634.015000;4641.545000;4630.655000;4636.825000;0
20260405 180500;4636.815000;4638.475000;4629.298000;4635.435000;0
20260405 180600;4635.435000;4638.875000;4629.355000;4632.065000;0
20260405 180700;4631.995000;4638.445000;4630.575000;4634.465000;0
20260405 180800;4634.605000;4638.275000;4634.048000;4636.675000;0
20260405 180900;4636.615000;4636.645000;4631.298000;4633.198000;0
20260405 181000;4633.135000;4633.198000;4616.155000;4617.395000;0
20260405 181100;4617.535000;4625.155000;4613.835000;4622.025000;0
20260405 181200;4621.975000;4629.835000;4620.415000;4628.895000;0
20260405 181300;4628.415000;4630.995000;4625.455000;4628.835000;0
20260405 181400;4628.865000;4634.405000;4628.525000;4629.545000;0
20260405 181500;4629.445000;4639.015000;4629.445000;4631.985000;0
20260405 181600;4632.235000;4636.915000;4628.925000;4636.405000;0
20260405 181700;4636.375000;4639.995000;4634.475000;4639.195000;0
20260405 181800;4639.215000;4640.478000;4636.725000;4638.385000;0
20260405 181900;4638.098000;4638.098000;4630.565000;4635.455000;0
20260405 182000;4634.945000;4639.475000;4632.245000;4634.115000;0
20260405 182100;4634.325000;4637.315000;4633.965000;4635.185000;0
20260405 182200;4634.735000;4640.845000;4634.425000;4640.275000;0
20260405 182300;4640.395000;4641.445000;4637.265000;4641.395000;0
20260405 182400;4641.305000;4641.415000;4639.705000;4640.755000;0
20260405 182500;4640.965000;4641.535000;4637.468000;4638.595000;0
20260405 182600;4638.545000;4638.545000;4633.968000;4634.018000;0
20260405 182700;4634.018000;4637.268000;4633.398000;4634.898000;0
20260405 182800;4634.678000;4636.768000;4634.678000;4635.898000;0
20260405 182900;4635.805000;4635.808000;4634.098000;4635.498000;0
20260405 183000;4635.558000;4635.558000;4631.315000;4631.315000;0
20260405 183100;4631.305000;4639.315000;4631.305000;4638.858000;0
20260405 183200;4638.905000;4640.968000;4638.548000;4639.708000;0
20260405 183300;4639.718000;4640.398000;4637.158000;4637.568000;0
20260405 183400;4637.245000;4638.308000;4632.308000;4634.525000;0
20260405 183500;4634.598000;4636.758000;4633.358000;4635.665000;0
20260405 183600;4635.698000;4637.388000;4634.205000;4635.915000;0
20260405 183700;4635.865000;4637.165000;4633.775000;4634.075000;0
20260405 183800;4634.185000;4639.448000;4634.145000;4638.605000;0
20260405 183900;4638.615000;4641.228000;4638.225000;4641.218000;0
20260405 184000;4641.288000;4645.338000;4640.815000;4643.008000;0
20260405 184100;4643.038000;4643.665000;4642.315000;4642.768000;0
20260405 184200;4642.778000;4643.418000;4639.348000;4640.118000;0
20260405 184300;4640.128000;4640.208000;4637.398000;4637.398000;0
20260405 184400;4637.398000;4642.135000;4637.398000;4641.998000;0
20260405 184500;4641.998000;4646.398000;4641.315000;4646.228000;0
20260405 184600;4646.248000;4650.058000;4645.105000;4647.038000;0
20260405 184700;4646.608000;4646.608000;4606.885000;4620.195000;0
20260405 184800;4620.175000;4647.278000;4616.135000;4637.975000;0
20260405 184900;4637.955000;4647.305000;4637.365000;4642.108000;0
20260405 185000;4642.108000;4646.115000;4640.085000;4641.735000;0
20260405 185100;4641.685000;4643.938000;4640.745000;4641.678000;0
20260405 185200;4641.688000;4643.798000;4641.425000;4643.178000;0
20260405 185300;4643.198000;4648.415000;4643.108000;4647.238000;0
20260405 185400;4647.268000;4647.268000;4616.225000;4628.645000;0
20260405 185500;4628.735000;4652.708000;4628.735000;4633.565000;0
20260405 185600;4633.605000;4639.225000;4631.395000;4636.025000;0
20260405 185700;4636.055000;4641.455000;4634.138000;4640.505000;0
20260405 185800;4640.505000;4645.448000;4638.918000;4644.058000;0
20260405 185900;4644.018000;4646.138000;4641.218000;4644.778000;0
20260405 190000;4644.485000;4649.118000;4644.425000;4648.998000;0
20260405 190100;4648.998000;4650.258000;4641.245000;4644.058000;0
20260405 190200;4643.985000;4643.985000;4634.255000;4639.238000;0
20260405 190300;4639.358000;4642.478000;4634.318000;4639.358000;0
20260405 190400;4639.018000;4639.118000;4633.618000;4636.018000;0
20260405 190500;4635.918000;4637.218000;4632.538000;4634.558000;0
20260405 190600;4632.375000;4640.078000;4632.375000;4636.738000;0
20260405 190700;4636.718000;4637.418000;4633.345000;4634.838000;0
20260405 190800;4634.818000;4635.418000;4630.598000;4631.998000;0
20260405 190900;4632.058000;4632.078000;4628.878000;4629.888000;0
20260405 191000;4629.918000;4633.725000;4628.525000;4633.725000;0
20260405 191100;4633.315000;4633.375000;4628.295000;4630.695000;0
20260405 191200;4630.705000;4632.565000;4628.125000;4629.205000;0
20260405 191300;4628.775000;4629.605000;4626.655000;4628.885000;0
20260405 191400;4628.895000;4632.165000;4626.815000;4632.135000;0
20260405 191500;4632.145000;4633.318000;4631.245000;4631.755000;0
20260405 191600;4631.848000;4633.595000;4628.105000;4628.935000;0
20260405 191700;4628.945000;4630.558000;4627.615000;4629.855000;0
20260405 191800;4629.775000;4629.985000;4626.915000;4627.685000;0
20260405 191900;4627.705000;4628.115000;4624.005000;4624.325000;0
20260405 192000;4624.365000;4624.705000;4621.815000;4621.995000;0
20260405 192100;4622.025000;4623.765000;4621.985000;4622.315000;0
20260405 192200;4622.325000;4625.465000;4622.325000;4625.095000;0
20260405 192300;4624.518000;4624.545000;4619.875000;4620.465000;0
20260405 192400;4620.435000;4621.075000;4618.665000;4619.435000;0
20260405 192500;4619.435000;4619.618000;4609.145000;4618.898000;0
20260405 192600;4618.938000;4619.638000;4612.965000;4614.545000;0
20260405 192700;4614.525000;4614.535000;4609.755000;4612.698000;0
20260405 192800;4612.685000;4616.118000;4611.495000;4611.815000;0
20260405 192900;4611.888000;4612.415000;4608.155000;4609.118000;0
20260405 193000;4609.118000;4612.085000;4604.378000;4611.278000;0
20260405 193100;4611.198000;4615.675000;4609.735000;4612.565000;0
20260405 193200;4612.475000;4614.685000;4609.655000;4611.725000;0
20260405 193300;4611.715000;4612.185000;4608.565000;4610.215000;0
20260405 193400;4610.268000;4615.405000;4609.155000;4614.825000;0
20260405 193500;4615.775000;4616.025000;4613.495000;4614.345000;0
20260405 193600;4614.335000;4615.525000;4613.385000;4614.875000;0
20260405 193700;4614.845000;4616.955000;4612.195000;4615.408000;0
20260405 193800;4616.025000;4616.215000;4611.635000;4613.405000;0
20260405 193900;4613.405000;4613.975000;4611.355000;4613.835000;0
20260405 194000;4613.795000;4613.885000;4609.725000;4610.375000;0
20260405 194100;4610.355000;4611.025000;4606.855000;4608.135000;0
20260405 194200;4608.235000;4608.905000;4606.435000;4608.445000;0
20260405 194300;4608.465000;4609.045000;4605.115000;4606.335000;0
20260405 194400;4606.455000;4607.305000;4605.155000;4606.795000;0
20260405 194500;4606.825000;4612.298000;4606.815000;4611.685000;0
20260405 194600;4611.625000;4612.765000;4610.455000;4612.645000;0
20260405 194700;4612.625000;4615.215000;4612.325000;4613.595000;0
20260405 194800;4613.575000;4613.905000;4611.285000;4611.625000;0
20260405 194900;4611.625000;4613.155000;4610.125000;4613.025000;0
20260405 195000;4613.035000;4617.195000;4612.358000;4616.385000;0
20260405 195100;4616.375000;4619.228000;4615.565000;4617.585000;0
20260405 195200;4617.515000;4618.165000;4615.775000;4616.935000;0
20260405 195300;4616.965000;4618.305000;4615.545000;4618.145000;0
20260405 195400;4617.725000;4618.555000;4615.895000;4616.725000;0
20260405 195500;4616.695000;4616.805000;4613.075000;4614.165000;0
20260405 195600;4614.185000;4614.595000;4612.115000;4613.838000;0
20260405 195700;4613.848000;4615.645000;4610.385000;4613.785000;0
20260405 195800;4613.435000;4613.495000;4609.335000;4612.025000;0
20260405 195900;4611.708000;4612.288000;4609.885000;4610.078000;0
20260405 200000;4610.078000;4612.275000;4606.535000;4610.098000;0
20260405 200100;4610.118000;4616.785000;4609.225000;4613.565000;0
20260405 200200;4613.535000;4618.215000;4613.115000;4616.035000;0
20260405 200300;4616.005000;4620.005000;4615.985000;4617.865000;0
20260405 200400;4617.885000;4623.305000;4616.445000;4622.655000;0
20260405 200500;4622.835000;4625.195000;4617.155000;4619.225000;0
20260405 200600;4619.215000;4621.788000;4617.918000;4621.788000;0
20260405 200700;4621.788000;4625.838000;4618.768000;4621.895000;0
20260405 200800;4621.925000;4626.058000;4621.925000;4625.048000;0
20260405 200900;4625.048000;4625.598000;4620.055000;4622.795000;0
20260405 201000;4622.835000;4622.835000;4620.355000;4620.865000;0
20260405 201100;4620.925000;4622.555000;4619.995000;4622.535000;0
20260405 201200;4622.865000;4624.825000;4621.565000;4623.445000;0
20260405 201300;4623.415000;4626.398000;4623.415000;4625.255000;0
20260405 201400;4625.285000;4626.315000;4624.895000;4625.745000;0
20260405 201500;4625.775000;4628.495000;4625.095000;4627.995000;0
20260405 201600;4628.055000;4628.905000;4621.025000;4622.065000;0
20260405 201700;4622.075000;4622.555000;4619.015000;4619.585000;0
20260405 201800;4619.575000;4621.375000;4619.105000;4620.425000;0
20260405 201900;4620.405000;4620.405000;4613.585000;4614.405000;0
20260405 202000;4614.405000;4617.645000;4612.885000;4615.205000;0
20260405 202100;4615.235000;4617.805000;4614.575000;4617.015000;0
20260405 202200;4617.215000;4619.535000;4615.535000;4617.755000;0
20260405 202300;4617.735000;4621.125000;4617.685000;4620.655000;0
20260405 202400;4620.615000;4620.775000;4615.965000;4616.555000;0
20260405 202500;4616.545000;4617.635000;4614.265000;4614.455000;0
20260405 202600;4614.455000;4615.345000;4610.255000;4612.125000;0
20260405 202700;4612.095000;4615.055000;4600.385000;4603.805000;0
20260405 202800;4603.265000;4604.525000;4600.895000;4601.685000;0
20260405 202900;4601.695000;4604.775000;4600.655000;4603.055000;0
20260405 203000;4603.035000;4606.325000;4602.675000;4605.665000;0
20260405 203100;4605.655000;4606.635000;4604.515000;4605.505000;0
20260405 203200;4605.525000;4607.835000;4604.795000;4607.015000;0
20260405 203300;4607.025000;4610.405000;4607.025000;4607.915000;0
20260405 203400;4607.895000;4610.435000;4607.108000;4609.015000;0
20260405 203500;4609.075000;4610.345000;4605.435000;4608.165000;0
20260405 203600;4608.265000;4610.605000;4608.085000;4610.295000;0
20260405 203700;4610.275000;4611.945000;4608.225000;4608.245000;0
20260405 203800;4608.205000;4612.585000;4608.115000;4610.345000;0
20260405 203900;4610.325000;4610.695000;4608.765000;4610.105000;0
20260405 204000;4610.085000;4613.505000;4609.915000;4613.255000;0
20260405 204100;4613.255000;4619.915000;4612.525000;4619.375000;0
20260405 204200;4619.335000;4619.995000;4618.245000;4619.475000;0
20260405 204300;4619.515000;4621.165000;4617.925000;4620.225000;0
20260405 204400;4620.285000;4621.295000;4616.205000;4618.725000;0
20260405 204500;4618.705000;4619.375000;4616.455000;4618.995000;0
20260405 204600;4619.035000;4620.675000;4617.885000;4619.895000;0
20260405 204700;4619.945000;4621.205000;4617.915000;4618.335000;0
20260405 204800;4618.305000;4619.305000;4617.555000;4617.555000;0
20260405 204900;4617.635000;4617.765000;4616.555000;4617.305000;0
20260405 205000;4617.355000;4619.135000;4616.805000;4618.355000;0
20260405 205100;4618.335000;4618.885000;4617.565000;4617.635000;0
20260405 205200;4617.645000;4618.125000;4615.935000;4616.715000;0
20260405 205300;4616.685000;4616.705000;4615.545000;4615.635000;0
20260405 205400;4615.615000;4621.055000;4615.325000;4621.055000;0
20260405 205500;4620.955000;4622.745000;4620.165000;4622.435000;0
20260405 205600;4622.445000;4623.365000;4619.105000;4621.375000;0
20260405 205700;4621.355000;4625.645000;4620.075000;4625.645000;0
20260405 205800;4625.235000;4625.995000;4624.585000;4624.875000;0
20260405 205900;4624.865000;4624.895000;4620.558000;4622.105000;0
20260405 210000;4622.175000;4626.975000;4622.175000;4625.645000;0
20260405 210100;4625.745000;4631.115000;4625.545000;4631.115000;0
20260405 210200;4631.135000;4632.235000;4628.295000;4628.645000;0
20260405 210300;4628.555000;4630.735000;4628.295000;4630.345000;0
20260405 210400;4630.385000;4631.635000;4628.975000;4630.715000;0
20260405 210500;4630.745000;4632.318000;4627.015000;4632.318000;0
20260405 210600;4632.298000;4637.645000;4632.225000;4635.678000;0
20260405 210700;4635.655000;4639.358000;4634.205000;4639.125000;0
20260405 210800;4639.138000;4640.198000;4637.725000;4638.395000;0
20260405 210900;4638.358000;4638.358000;4635.785000;4637.238000;0
20260405 211000;4637.218000;4640.618000;4637.218000;4639.645000;0
20260405 211100;4639.678000;4639.898000;4637.498000;4639.075000;0
20260405 211200;4639.218000;4640.175000;4638.505000;4639.465000;0
20260405 211300;4639.478000;4642.335000;4638.865000;4640.318000;0
20260405 211400;4640.378000;4642.018000;4640.305000;4641.285000;0
20260405 211500;4641.325000;4642.725000;4639.535000;4640.295000;0
20260405 211600;4640.455000;4640.475000;4629.855000;4632.215000;0
20260405 211700;4632.185000;4632.265000;4628.775000;4629.935000;0
20260405 211800;4629.935000;4630.435000;4626.735000;4626.765000;0
20260405 211900;4626.735000;4627.295000;4624.425000;4624.505000;0
20260405 212000;4624.515000;4624.545000;4619.995000;4622.725000;0
20260405 212100;4622.445000;4633.395000;4621.705000;4631.805000;0
20260405 212200;4631.775000;4633.418000;4631.225000;4633.025000;0
20260405 212300;4632.845000;4634.585000;4632.425000;4633.955000;0
20260405 212400;4634.155000;4634.385000;4632.058000;4632.268000;0
20260405 212500;4632.348000;4635.298000;4632.328000;4634.298000;0
20260405 212600;4634.078000;4637.118000;4633.318000;4636.048000;0
20260405 212700;4636.078000;4637.448000;4635.338000;4637.318000;0
20260405 212800;4637.328000;4640.605000;4637.098000;4640.235000;0
20260405 212900;4640.265000;4640.698000;4639.215000;4640.515000;0
20260405 213000;4640.445000;4640.718000;4630.738000;4632.105000;0
20260405 213100;4632.075000;4632.848000;4628.985000;4629.475000;0
20260405 213200;4629.375000;4631.565000;4627.755000;4628.925000;0
20260405 213300;4628.955000;4629.625000;4626.465000;4627.155000;0
20260405 213400;4627.125000;4628.358000;4626.805000;4628.305000;0
20260405 213500;4628.265000;4631.755000;4625.725000;4631.385000;0
20260405 213600;4631.355000;4631.925000;4629.635000;4629.705000;0
20260405 213700;4629.705000;4630.235000;4627.735000;4627.855000;0
20260405 213800;4628.255000;4634.783000;4627.365000;4633.635000;0
20260405 213900;4633.635000;4635.348000;4633.635000;4634.768000;0
20260405 214000;4634.718000;4634.778000;4628.065000;4628.785000;0
20260405 214100;4628.735000;4628.985000;4622.765000;4624.455000;0
20260405 214200;4624.425000;4627.705000;4624.395000;4626.595000;0
20260405 214300;4626.615000;4628.875000;4626.485000;4628.505000;0
20260405 214400;4628.475000;4629.505000;4625.895000;4627.415000;0
20260405 214500;4627.435000;4628.225000;4627.375000;4627.715000;0
20260405 214600;4627.715000;4628.695000;4624.725000;4624.725000;0
20260405 214700;4624.745000;4625.555000;4624.225000;4624.545000;0
20260405 214800;4624.545000;4625.085000;4622.875000;4624.715000;0
20260405 214900;4624.715000;4625.275000;4622.605000;4622.975000;0
20260405 215000;4622.925000;4623.325000;4621.145000;4622.635000;0
20260405 215100;4622.515000;4623.995000;4621.165000;4623.195000;0
20260405 215200;4623.175000;4623.675000;4621.965000;4622.645000;0
20260405 215300;4622.635000;4625.445000;4621.475000;4623.865000;0
20260405 215400;4623.835000;4626.055000;4623.345000;4625.985000;0
20260405 215500;4625.245000;4625.755000;4622.125000;4623.885000;0
20260405 215600;4623.885000;4624.145000;4622.445000;4624.035000;0
20260405 215700;4623.935000;4625.775000;4623.255000;4625.595000;0
20260405 215800;4625.575000;4626.255000;4624.395000;4624.855000;0
20260405 215900;4624.755000;4627.198000;4624.428000;4625.495000;0
20260405 220000;4625.545000;4628.925000;4624.415000;4627.715000;0
20260405 220100;4627.745000;4630.615000;4626.185000;4630.615000;0
20260405 220200;4630.615000;4631.145000;4625.445000;4626.455000;0
20260405 220300;4626.455000;4627.855000;4623.505000;4627.225000;0
20260405 220400;4627.255000;4629.705000;4627.255000;4629.155000;0
20260405 220500;4629.275000;4630.505000;4628.395000;4628.975000;0
20260405 220600;4628.915000;4629.695000;4627.875000;4628.905000;0
20260405 220700;4628.965000;4629.795000;4627.605000;4629.465000;0
20260405 220800;4629.575000;4629.715000;4626.335000;4627.265000;0
20260405 220900;4627.315000;4633.455000;4627.315000;4631.825000;0
20260405 221000;4631.955000;4635.155000;4630.595000;4634.955000;0
20260405 221100;4635.005000;4639.875000;4634.895000;4639.675000;0
20260405 221200;4639.375000;4639.725000;4638.055000;4638.365000;0
20260405 221300;4638.385000;4639.005000;4637.095000;4638.855000;0
20260405 221400;4638.855000;4638.975000;4635.885000;4635.885000;0
20260405 221500;4636.215000;4638.255000;4636.195000;4638.025000;0
20260405 221600;4638.045000;4646.275000;4638.045000;4645.325000;0
20260405 221700;4645.345000;4656.355000;4645.265000;4652.015000;0
20260405 221800;4652.045000;4655.965000;4652.025000;4654.415000;0
20260405 221900;4654.538000;4665.125000;4653.978000;4662.865000;0
20260405 222000;4662.945000;4668.765000;4662.535000;4668.415000;0
20260405 222100;4668.445000;4671.415000;4666.885000;4670.725000;0
20260405 222200;4670.695000;4671.295000;4667.315000;4671.128000;0
20260405 222300;4671.138000;4671.435000;4666.738000;4668.908000;0
20260405 222400;4668.918000;4668.918000;4664.275000;4664.835000;0
20260405 222500;4664.795000;4667.325000;4662.675000;4663.485000;0
20260405 222600;4663.465000;4665.895000;4660.765000;4665.565000;0
20260405 222700;4665.565000;4666.135000;4661.765000;4662.685000;0
20260405 222800;4662.675000;4663.755000;4661.315000;4663.375000;0
20260405 222900;4663.345000;4663.585000;4659.005000;4660.785000;0
20260405 223000;4660.815000;4665.645000;4660.375000;4664.485000;0
20260405 223100;4664.485000;4666.178000;4659.795000;4661.295000;0
20260405 223200;4661.085000;4661.325000;4656.135000;4656.425000;0
20260405 223300;4656.395000;4658.795000;4653.825000;4656.155000;0
20260405 223400;4656.115000;4656.345000;4653.545000;4654.015000;0
20260405 223500;4653.995000;4654.215000;4644.025000;4644.095000;0
20260405 223600;4644.135000;4649.255000;4643.908000;4647.845000;0
20260405 223700;4647.815000;4650.355000;4646.185000;4649.305000;0
20260405 223800;4649.285000;4650.655000;4648.295000;4650.565000;0
20260405 223900;4650.605000;4652.115000;4649.695000;4650.925000;0
20260405 224000;4650.945000;4652.675000;4648.555000;4650.275000;0
20260405 224100;4650.398000;4651.655000;4649.535000;4651.325000;0
20260405 224200;4651.378000;4652.605000;4650.405000;4652.105000;0
20260405 224300;4652.075000;4654.375000;4651.825000;4652.105000;0
20260405 224400;4652.075000;4652.075000;4650.035000;4650.695000;0
20260405 224500;4650.798000;4652.895000;4650.798000;4652.538000;0
20260405 224600;4652.598000;4653.238000;4650.735000;4650.965000;0
20260405 224700;4651.225000;4651.725000;4650.375000;4650.678000;0
20260405 224800;4650.635000;4654.688000;4650.578000;4653.765000;0
20260405 224900;4653.745000;4654.215000;4651.265000;4651.918000;0
20260405 225000;4651.905000;4653.385000;4651.635000;4652.085000;0
20260405 225100;4652.118000;4655.845000;4652.065000;4654.165000;0
20260405 225200;4654.135000;4655.595000;4653.755000;4654.965000;0
20260405 225300;4655.018000;4655.265000;4647.195000;4652.225000;0
20260405 225400;4652.245000;4653.345000;4650.145000;4650.215000;0
20260405 225500;4650.185000;4651.715000;4649.955000;4651.025000;0
20260405 225600;4651.055000;4651.425000;4649.405000;4649.425000;0
20260405 225700;4649.395000;4650.405000;4648.005000;4649.955000;0
20260405 225800;4650.265000;4651.415000;4649.405000;4649.635000;0
20260405 225900;4649.615000;4649.615000;4646.985000;4647.685000;0
20260405 230000;4647.625000;4647.865000;4644.715000;4644.765000;0
20260405 230100;4644.078000;4645.865000;4642.805000;4643.845000;0
20260405 230200;4643.865000;4644.335000;4637.935000;4638.685000;0
20260405 230300;4638.615000;4640.165000;4630.435000;4633.565000;0
20260405 230400;4633.545000;4636.575000;4633.545000;4634.225000;0
20260405 230500;4634.255000;4635.145000;4629.585000;4630.105000;0
20260405 230600;4629.635000;4632.915000;4629.635000;4629.985000;0
20260405 230700;4629.775000;4631.445000;4628.985000;4631.095000;0
20260405 230800;4631.138000;4634.015000;4630.235000;4630.525000;0
20260405 230900;4630.495000;4632.585000;4629.385000;4630.695000;0
20260405 231000;4630.665000;4637.023000;4629.245000;4635.095000;0
20260405 231100;4635.155000;4635.965000;4633.165000;4633.425000;0
20260405 231200;4633.435000;4635.135000;4631.158000;4632.445000;0
20260405 231300;4632.405000;4632.545000;4630.155000;4630.435000;0
20260405 231400;4630.465000;4632.815000;4628.615000;4632.815000;0
20260405 231500;4633.035000;4635.775000;4632.095000;4634.995000;0
20260405 231600;4634.975000;4635.015000;4632.065000;4634.315000;0
20260405 231700;4634.345000;4636.045000;4634.285000;4635.635000;0
20260405 231800;4635.655000;4635.718000;4632.175000;4633.645000;0
20260405 231900;4633.625000;4634.005000;4626.555000;4626.595000;0
20260405 232000;4626.585000;4628.485000;4625.115000;4628.255000;0
20260405 232100;4628.235000;4629.965000;4626.755000;4628.675000;0
20260405 232200;4628.655000;4629.315000;4626.835000;4627.805000;0
20260405 232300;4627.825000;4630.005000;4627.805000;4628.665000;0
20260405 232400;4628.665000;4631.655000;4628.655000;4630.815000;0
20260405 232500;4630.805000;4632.938000;4630.805000;4632.545000;0
20260405 232600;4632.585000;4633.598000;4629.805000;4630.415000;0
20260405 232700;4630.535000;4631.988000;4630.385000;4631.205000;0
20260405 232800;4631.295000;4631.445000;4629.655000;4630.385000;0
20260405 232900;4630.425000;4630.515000;4629.545000;4629.995000;0
20260405 233000;4630.245000;4630.785000;4628.985000;4629.205000;0
20260405 233100;4629.335000;4632.035000;4629.205000;4630.255000;0
20260405 233200;4630.285000;4631.345000;4625.905000;4627.555000;0
20260405 233300;4627.535000;4627.965000;4625.495000;4627.335000;0
20260405 233400;4627.255000;4631.165000;4627.075000;4631.165000;0
20260405 233500;4631.135000;4632.245000;4630.595000;4631.215000;0
20260405 233600;4631.195000;4632.905000;4631.085000;4632.745000;0
20260405 233700;4632.775000;4633.285000;4631.545000;4632.375000;0
20260405 233800;4632.355000;4633.045000;4631.605000;4632.155000;0
20260405 233900;4632.175000;4632.235000;4628.895000;4628.905000;0
20260405 234000;4628.885000;4628.885000;4625.685000;4627.845000;0
20260405 234100;4627.875000;4627.925000;4625.185000;4626.895000;0
20260405 234200;4626.835000;4631.125000;4626.805000;4630.115000;0
20260405 234300;4630.145000;4631.115000;4629.615000;4631.058000;0
20260405 234400;4631.058000;4632.805000;4630.955000;4632.455000;0
20260405 234500;4632.435000;4632.455000;4630.645000;4631.565000;0
20260405 234600;4631.515000;4633.265000;4630.455000;4633.045000;0
20260405 234700;4633.045000;4633.435000;4632.778000;4633.315000;0
20260405 234800;4633.335000;4633.385000;4631.925000;4632.125000;0
20260405 234900;4632.105000;4634.495000;4631.795000;4634.415000;0
20260405 235000;4634.395000;4637.115000;4633.875000;4636.095000;0
20260405 235100;4636.155000;4636.235000;4635.225000;4635.435000;0
20260405 235200;4635.415000;4636.275000;4634.065000;4636.275000;0
20260405 235300;4636.315000;4638.015000;4635.835000;4635.835000;0
20260405 235400;4635.805000;4635.805000;4633.355000;4635.205000;0
20260405 235500;4635.235000;4636.685000;4635.065000;4635.835000;0
20260405 235600;4635.855000;4639.005000;4635.345000;4638.995000;0
20260405 235700;4638.965000;4641.785000;4638.785000;4640.945000;0
20260405 235800;4641.078000;4641.615000;4639.945000;4640.955000;0
20260405 235900;4640.935000;4640.935000;4638.865000;4640.215000;0
20260406 000000;4640.195000;4641.505000;4639.635000;4640.305000;0
20260406 000100;4640.335000;4643.978000;4639.675000;4642.155000;0
20260406 000200;4642.505000;4643.875000;4642.505000;4643.225000;0
20260406 000300;4643.225000;4644.845000;4642.775000;4644.445000;0
20260406 000400;4644.618000;4647.878000;4644.318000;4647.645000;0
20260406 000500;4647.675000;4647.845000;4645.825000;4646.755000;0
20260406 000600;4646.818000;4647.695000;4646.095000;4646.285000;0
20260406 000700;4646.255000;4646.765000;4642.655000;4643.615000;0
20260406 000800;4643.585000;4645.205000;4643.365000;4645.205000;0
20260406 000900;4645.175000;4646.545000;4644.105000;4646.325000;0
20260406 001000;4646.305000;4646.385000;4643.715000;4644.405000;0
20260406 001100;4644.435000;4645.695000;4643.955000;4645.685000;0
20260406 001200;4645.715000;4648.335000;4645.575000;4647.815000;0
20260406 001300;4647.845000;4648.025000;4646.215000;4646.505000;0
20260406 001400;4646.535000;4646.535000;4642.305000;4643.205000;0
20260406 001500;4643.225000;4644.505000;4643.055000;4643.865000;0
20260406 001600;4643.885000;4644.755000;4642.625000;4643.365000;0
20260406 001700;4643.395000;4644.385000;4642.765000;4643.345000;0
20260406 001800;4643.305000;4645.015000;4643.275000;4645.015000;0
20260406 001900;4644.985000;4644.985000;4642.695000;4643.225000;0
20260406 002000;4643.245000;4644.165000;4642.645000;4643.055000;0
20260406 002100;4643.235000;4643.885000;4642.705000;4643.215000;0
20260406 002200;4643.185000;4643.185000;4642.065000;4642.105000;0
20260406 002300;4642.075000;4642.845000;4641.605000;4641.605000;0
20260406 002400;4641.205000;4642.505000;4640.925000;4641.775000;0
20260406 002500;4641.795000;4642.825000;4641.495000;4642.505000;0
20260406 002600;4642.705000;4644.065000;4642.475000;4643.975000;0
20260406 002700;4644.005000;4644.195000;4642.975000;4643.935000;0
20260406 002800;4643.935000;4645.725000;4643.715000;4645.665000;0
20260406 002900;4645.665000;4646.535000;4645.175000;4646.495000;0
20260406 003000;4646.495000;4646.675000;4643.135000;4643.575000;0
20260406 003100;4643.555000;4645.755000;4642.765000;4645.725000;0
20260406 003200;4645.675000;4646.475000;4644.795000;4645.045000;0
20260406 003300;4644.995000;4645.355000;4643.205000;4643.295000;0
20260406 003400;4643.315000;4648.385000;4643.195000;4648.205000;0
20260406 003500;4648.165000;4649.105000;4648.165000;4649.105000;0
20260406 003600;4649.165000;4650.225000;4648.445000;4649.815000;0
20260406 003700;4649.715000;4650.985000;4648.385000;4650.895000;0
20260406 003800;4650.685000;4651.015000;4649.345000;4649.465000;0
20260406 003900;4649.335000;4649.565000;4648.035000;4648.035000;0
20260406 004000;4648.095000;4649.675000;4647.165000;4649.055000;0
20260406 004100;4649.045000;4649.665000;4648.075000;4649.635000;0
20260406 004200;4649.655000;4650.255000;4649.215000;4649.755000;0
20260406 004300;4649.795000;4650.015000;4649.355000;4650.015000;0
20260406 004400;4649.985000;4649.985000;4648.228000;4648.675000;0
20260406 004500;4648.715000;4649.105000;4646.625000;4648.125000;0
20260406 004600;4648.105000;4649.115000;4647.725000;4648.255000;0
20260406 004700;4648.285000;4649.295000;4648.175000;4649.295000;0
20260406 004800;4649.315000;4651.265000;4649.315000;4650.235000;0
20260406 004900;4650.335000;4651.675000;4650.335000;4651.675000;0
20260406 005000;4651.695000;4653.595000;4651.695000;4653.305000;0
20260406 005100;4653.215000;4653.625000;4652.935000;4653.335000;0
20260406 005200;4653.315000;4653.655000;4652.985000;4653.055000;0
20260406 005300;4653.015000;4653.625000;4652.805000;4653.375000;0
20260406 005400;4653.315000;4655.938000;4652.735000;4655.785000;0
20260406 005500;4655.815000;4656.765000;4655.675000;4655.855000;0
20260406 005600;4655.795000;4656.045000;4654.465000;4655.355000;0
20260406 005700;4655.375000;4658.355000;4655.375000;4658.225000;0
20260406 005800;4658.175000;4658.595000;4658.055000;4658.515000;0
20260406 005900;4658.455000;4659.755000;4658.425000;4658.785000;0
20260406 010000;4658.805000;4661.075000;4658.805000;4661.045000;0
20260406 010100;4660.985000;4663.745000;4657.805000;4660.825000;0
20260406 010200;4660.875000;4660.945000;4657.565000;4658.255000;0
20260406 010300;4658.225000;4661.135000;4658.028000;4661.065000;0
20260406 010400;4660.985000;4663.095000;4660.825000;4662.715000;0
20260406 010500;4662.765000;4665.015000;4662.725000;4665.015000;0
20260406 010600;4665.055000;4665.055000;4661.995000;4664.285000;0
20260406 010700;4664.265000;4668.795000;4663.775000;4668.795000;0
20260406 010800;4668.755000;4669.105000;4667.415000;4668.525000;0
20260406 010900;4668.465000;4670.815000;4668.465000;4670.735000;0
20260406 011000;4670.735000;4675.435000;4669.415000;4675.435000;0
20260406 011100;4675.305000;4676.615000;4673.265000;4673.945000;0
20260406 011200;4673.915000;4674.445000;4670.995000;4671.055000;0
20260406 011300;4671.575000;4673.838000;4670.965000;4671.675000;0
20260406 011400;4671.625000;4674.735000;4671.625000;4673.335000;0
20260406 011500;4673.395000;4675.555000;4673.155000;4674.905000;0
20260406 011600;4674.975000;4677.225000;4674.825000;4676.985000;0
20260406 011700;4676.965000;4677.155000;4674.715000;4676.875000;0
20260406 011800;4676.895000;4677.785000;4675.655000;4676.165000;0
20260406 011900;4676.155000;4677.395000;4674.815000;4677.085000;0
20260406 012000;4677.055000;4678.445000;4675.475000;4675.525000;0
20260406 012100;4675.485000;4675.955000;4674.475000;4674.575000;0
20260406 012200;4674.545000;4675.145000;4673.305000;4673.365000;0
20260406 012300;4673.225000;4673.225000;4667.875000;4672.245000;0
20260406 012400;4672.295000;4673.655000;4672.255000;4673.375000;0
20260406 012500;4673.195000;4673.545000;4667.575000;4668.125000;0
20260406 012600;4668.075000;4668.685000;4667.045000;4667.465000;0
20260406 012700;4667.445000;4668.555000;4666.795000;4668.335000;0
20260406 012800;4668.295000;4670.655000;4666.615000;4667.365000;0
20260406 012900;4667.385000;4668.775000;4666.765000;4666.995000;0
20260406 013000;4667.015000;4668.095000;4664.755000;4664.845000;0
20260406 013100;4664.875000;4667.895000;4664.545000;4667.525000;0
20260406 013200;4667.335000;4668.675000;4664.345000;4665.455000;0
20260406 013300;4665.485000;4666.535000;4665.345000;4665.615000;0
20260406 013400;4665.585000;4667.265000;4665.455000;4667.155000;0
20260406 013500;4667.005000;4667.785000;4666.595000;4667.225000;0
20260406 013600;4667.195000;4667.535000;4666.325000;4666.915000;0
20260406 013700;4666.935000;4666.975000;4666.195000;4666.225000;0
20260406 013800;4666.195000;4666.805000;4665.505000;4666.245000;0
20260406 013900;4666.225000;4666.265000;4665.255000;4665.535000;0
20260406 014000;4665.555000;4666.825000;4662.725000;4662.725000;0
20260406 014100;4662.755000;4664.345000;4660.795000;4664.005000;0
20260406 014200;4663.965000;4664.605000;4661.935000;4662.325000;0
20260406 014300;4662.285000;4662.815000;4661.495000;4662.685000;0
20260406 014400;4662.635000;4662.655000;4661.168000;4661.285000;0
20260406 014500;4661.165000;4662.055000;4661.165000;4661.995000;0
20260406 014600;4661.905000;4661.905000;4659.165000;4660.115000;0
20260406 014700;4660.135000;4662.855000;4659.835000;4662.845000;0
20260406 014800;4662.815000;4662.815000;4659.195000;4659.435000;0
20260406 014900;4659.545000;4660.035000;4659.405000;4659.775000;0
20260406 015000;4659.735000;4660.155000;4658.505000;4659.485000;0
20260406 015100;4659.465000;4664.538000;4659.345000;4663.175000;0
20260406 015200;4663.158000;4663.525000;4662.245000;4663.435000;0
20260406 015300;4663.345000;4665.155000;4663.135000;4664.585000;0
20260406 015400;4664.605000;4666.825000;4664.515000;4666.745000;0
20260406 015500;4666.635000;4667.295000;4663.458000;4663.458000;0
20260406 015600;4663.405000;4663.405000;4659.578000;4659.838000;0
20260406 015700;4659.625000;4659.625000;4655.538000;4655.758000;0
20260406 015800;4655.758000;4658.135000;4655.018000;4656.178000;0
20260406 015900;4656.158000;4656.178000;4650.998000;4652.258000;0
20260406 020000;4652.258000;4653.018000;4642.995000;4650.565000;0
20260406 020100;4650.605000;4651.635000;4648.995000;4649.275000;0
20260406 020200;4649.275000;4650.215000;4648.565000;4648.645000;0
20260406 020300;4648.635000;4649.355000;4646.485000;4648.375000;0
20260406 020400;4648.345000;4652.705000;4648.155000;4652.445000;0
20260406 020500;4652.515000;4655.225000;4652.515000;4654.925000;0
20260406 020600;4654.885000;4658.495000;4654.865000;4656.585000;0
20260406 020700;4656.638000;4658.905000;4656.615000;4658.185000;0
20260406 020800;4658.125000;4659.215000;4657.635000;4658.725000;0
20260406 020900;4658.905000;4659.155000;4657.445000;4657.745000;0
20260406 021000;4657.775000;4659.955000;4656.485000;4659.715000;0
20260406 021100;4659.655000;4659.935000;4658.825000;4659.605000;0
20260406 021200;4659.635000;4660.255000;4658.838000;4659.425000;0
20260406 021300;4659.465000;4659.775000;4658.965000;4659.025000;0
20260406 021400;4658.945000;4661.525000;4658.945000;4660.555000;0
20260406 021500;4660.565000;4661.845000;4659.575000;4661.105000;0
20260406 021600;4661.055000;4661.605000;4658.105000;4658.875000;0
20260406 021700;4659.445000;4660.275000;4658.655000;4660.015000;0
20260406 021800;4659.955000;4660.295000;4659.575000;4659.845000;0
20260406 021900;4659.865000;4660.335000;4657.885000;4658.605000;0
20260406 022000;4658.635000;4659.035000;4657.605000;4658.475000;0
20260406 022100;4658.048000;4659.285000;4657.515000;4659.235000;0
20260406 022200;4659.225000;4660.095000;4655.478000;4656.505000;0
20260406 022300;4656.138000;4656.505000;4653.285000;4654.115000;0
20260406 022400;4654.138000;4655.558000;4653.505000;4654.865000;0
20260406 022500;4654.818000;4655.118000;4652.285000;4654.565000;0
20260406 022600;4654.615000;4657.185000;4654.265000;4656.835000;0
20260406 022700;4657.025000;4657.895000;4655.818000;4655.918000;0
20260406 022800;4655.918000;4656.998000;4655.558000;4655.558000;0
20260406 022900;4655.578000;4657.038000;4654.718000;4656.998000;0
20260406 023000;4656.978000;4657.138000;4655.858000;4656.198000;0
20260406 023100;4656.025000;4658.588000;4655.218000;4658.238000;0
20260406 023200;4658.298000;4659.698000;4657.658000;4658.958000;0
20260406 023300;4658.878000;4659.338000;4658.078000;4658.418000;0
20260406 023400;4658.358000;4658.938000;4657.458000;4657.778000;0
20260406 023500;4657.778000;4658.538000;4657.218000;4657.938000;0
20260406 023600;4657.878000;4658.438000;4655.535000;4656.445000;0
20260406 023700;4656.465000;4656.695000;4652.918000;4652.918000;0
20260406 023800;4652.958000;4653.218000;4651.478000;4652.178000;0
20260406 023900;4652.178000;4654.898000;4652.118000;4654.535000;0
20260406 024000;4654.515000;4655.715000;4653.618000;4653.635000;0
20260406 024100;4653.638000;4654.445000;4652.995000;4653.855000;0
20260406 024200;4653.835000;4655.475000;4653.675000;4655.345000;0
20260406 024300;4655.265000;4658.065000;4655.185000;4657.415000;0
20260406 024400;4657.385000;4657.495000;4655.245000;4655.325000;0
20260406 024500;4655.295000;4656.725000;4654.625000;4655.255000;0
20260406 024600;4655.225000;4655.225000;4653.415000;4655.015000;0
20260406 024700;4654.985000;4656.675000;4653.745000;4654.798000;0
20260406 024800;4654.855000;4656.735000;4654.855000;4656.535000;0
20260406 024900;4656.575000;4656.595000;4655.725000;4656.338000;0
20260406 025000;4656.355000;4664.025000;4655.278000;4663.915000;0
20260406 025100;4663.895000;4665.675000;4662.205000;4664.505000;0
20260406 025200;4664.715000;4667.465000;4662.895000;4665.265000;0
20260406 025300;4665.245000;4665.245000;4660.738000;4662.855000;0
20260406 025400;4662.955000;4663.025000;4660.865000;4661.965000;0
20260406 025500;4662.475000;4662.565000;4659.915000;4660.205000;0
20260406 025600;4660.075000;4661.575000;4659.995000;4660.845000;0
20260406 025700;4660.725000;4663.275000;4658.275000;4663.275000;0
20260406 025800;4663.235000;4664.465000;4661.915000;4662.425000;0
20260406 025900;4662.385000;4665.905000;4662.285000;4665.765000;0
20260406 030000;4665.745000;4666.445000;4663.465000;4664.325000;0
20260406 030100;4663.965000;4664.335000;4659.898000;4661.955000;0
20260406 030200;4661.985000;4662.295000;4661.675000;4662.075000;0
20260406 030300;4662.105000;4664.045000;4660.535000;4660.535000;0
20260406 030400;4660.725000;4660.885000;4658.075000;4658.595000;0
20260406 030500;4658.275000;4659.225000;4656.895000;4659.215000;0
20260406 030600;4659.235000;4659.715000;4657.015000;4659.045000;0
20260406 030700;4659.005000;4659.565000;4657.685000;4658.165000;0
20260406 030800;4658.145000;4659.245000;4657.115000;4658.755000;0
20260406 030900;4658.445000;4658.505000;4655.275000;4656.445000;0
20260406 031000;4656.545000;4656.555000;4654.765000;4655.985000;0
20260406 031100;4656.125000;4656.195000;4652.465000;4652.645000;0
20260406 031200;4652.675000;4652.675000;4649.285000;4650.595000;0
20260406 031300;4650.575000;4651.505000;4649.835000;4651.015000;0
20260406 031400;4650.845000;4651.655000;4647.755000;4651.655000;0
20260406 031500;4652.025000;4654.045000;4650.435000;4653.475000;0
20260406 031600;4653.445000;4655.365000;4650.555000;4650.785000;0
20260406 031700;4650.765000;4652.855000;4649.925000;4650.335000;0
20260406 031800;4650.295000;4650.518000;4646.145000;4649.165000;0
20260406 031900;4649.185000;4650.405000;4648.615000;4649.295000;0
20260406 032000;4649.315000;4649.985000;4648.895000;4649.755000;0
20260406 032100;4649.795000;4649.835000;4649.015000;4649.405000;0
20260406 032200;4649.375000;4649.685000;4648.195000;4648.775000;0
20260406 032300;4648.505000;4649.165000;4646.775000;4649.035000;0
20260406 032400;4649.055000;4649.255000;4644.825000;4645.095000;0
20260406 032500;4645.075000;4646.385000;4644.735000;4645.915000;0
20260406 032600;4645.945000;4646.865000;4645.525000;4646.765000;0
20260406 032700;4646.805000;4647.205000;4645.625000;4646.425000;0
20260406 032800;4646.385000;4650.045000;4645.995000;4649.855000;0
20260406 032900;4649.885000;4650.545000;4648.995000;4650.545000;0
20260406 033000;4650.515000;4651.895000;4649.945000;4650.875000;0
20260406 033100;4650.878000;4652.405000;4650.515000;4651.865000;0
20260406 033200;4651.895000;4652.055000;4650.675000;4652.015000;0
20260406 033300;4652.135000;4653.535000;4651.895000;4652.015000;0
20260406 033400;4652.035000;4653.155000;4651.945000;4653.055000;0
20260406 033500;4653.058000;4656.375000;4652.855000;4654.925000;0
20260406 033600;4654.955000;4656.155000;4653.815000;4655.755000;0
20260406 033700;4655.958000;4656.915000;4655.385000;4656.245000;0
20260406 033800;4656.315000;4656.355000;4654.485000;4655.855000;0
20260406 033900;4655.695000;4657.395000;4654.475000;4656.565000;0
20260406 034000;4656.535000;4657.815000;4656.258000;4656.715000;0
20260406 034100;4656.515000;4659.355000;4656.355000;4659.175000;0
20260406 034200;4659.205000;4663.835000;4659.095000;4663.665000;0
20260406 034300;4664.335000;4665.485000;4663.635000;4664.165000;0
20260406 034400;4664.165000;4664.495000;4662.348000;4664.125000;0
20260406 034500;4664.095000;4665.255000;4663.095000;4663.115000;0
20260406 034600;4663.305000;4664.605000;4662.285000;4662.925000;0
20260406 034700;4662.905000;4664.205000;4662.505000;4663.135000;0
20260406 034800;4663.115000;4665.855000;4663.005000;4665.755000;0
20260406 034900;4665.715000;4671.795000;4665.425000;4671.795000;0
20260406 035000;4671.825000;4676.765000;4671.825000;4676.315000;0
20260406 035100;4676.345000;4681.055000;4675.855000;4678.245000;0
20260406 035200;4678.275000;4683.175000;4676.475000;4681.498000;0
20260406 035300;4681.455000;4683.185000;4680.465000;4682.585000;0
20260406 035400;4682.615000;4685.615000;4678.555000;4680.625000;0
20260406 035500;4680.695000;4684.435000;4680.145000;4683.745000;0
20260406 035600;4683.705000;4686.195000;4683.675000;4685.745000;0
20260406 035700;4685.725000;4687.555000;4683.985000;4684.555000;0
20260406 035800;4684.895000;4688.055000;4683.605000;4687.335000;0
20260406 035900;4687.315000;4688.019000;4682.395000;4684.485000;0
20260406 040000;4684.445000;4685.695000;4680.668000;4685.345000;0
20260406 040100;4685.325000;4686.955000;4683.255000;4685.585000;0
20260406 040200;4685.535000;4687.665000;4684.115000;4686.615000;0
20260406 040300;4686.595000;4688.475000;4685.215000;4688.475000;0
20260406 040400;4688.455000;4694.125000;4687.345000;4693.265000;0
20260406 040500;4692.985000;4693.105000;4686.278000;4687.045000;0
20260406 040600;4686.935000;4688.205000;4684.355000;4685.425000;0
20260406 040700;4685.195000;4685.215000;4683.578000;4684.575000;0
20260406 040800;4684.575000;4685.125000;4682.098000;4683.525000;0
20260406 040900;4683.515000;4684.985000;4683.015000;4684.325000;0
20260406 041000;4684.275000;4684.975000;4683.395000;4684.375000;0
20260406 041100;4684.345000;4686.751000;4683.535000;4686.115000;0
20260406 041200;4686.065000;4688.505000;4685.655000;4688.015000;0
20260406 041300;4688.055000;4690.965000;4687.905000;4689.675000;0
20260406 041400;4689.655000;4691.795000;4689.305000;4689.455000;0
20260406 041500;4689.435000;4692.345000;4688.515000;4688.575000;0
20260406 041600;4688.555000;4691.125000;4686.758000;4690.195000;0
20260406 041700;4690.545000;4690.995000;4688.825000;4689.095000;0
20260406 041800;4689.045000;4689.495000;4686.775000;4686.785000;0
20260406 041900;4686.815000;4687.405000;4685.155000;4686.375000;0
20260406 042000;4686.415000;4687.145000;4684.245000;4685.415000;0
20260406 042100;4685.455000;4687.525000;4684.625000;4685.565000;0
20260406 042200;4685.545000;4686.275000;4685.005000;4686.255000;0
20260406 042300;4686.285000;4689.525000;4686.285000;4689.525000;0
20260406 042400;4689.365000;4693.115000;4688.255000;4692.625000;0
20260406 042500;4692.585000;4695.555000;4691.385000;4695.295000;0
20260406 042600;4694.985000;4694.985000;4692.825000;4693.615000;0
20260406 042700;4693.495000;4694.145000;4691.785000;4692.595000;0
20260406 042800;4692.625000;4692.865000;4689.675000;4690.055000;0
20260406 042900;4690.035000;4692.705000;4690.035000;4691.015000;0
20260406 043000;4690.645000;4693.215000;4689.745000;4690.575000;0
20260406 043100;4690.525000;4691.955000;4689.855000;4691.065000;0
20260406 043200;4691.095000;4692.675000;4689.808000;4691.205000;0
20260406 043300;4691.175000;4692.645000;4690.908000;4692.135000;0
20260406 043400;4692.155000;4694.415000;4692.135000;4694.335000;0
20260406 043500;4693.905000;4693.965000;4692.145000;4693.305000;0
20260406 043600;4693.245000;4695.395000;4690.745000;4691.075000;0
20260406 043700;4691.045000;4692.755000;4690.275000;4692.175000;0
20260406 043800;4692.195000;4693.805000;4691.835000;4693.445000;0
20260406 043900;4693.475000;4693.865000;4689.815000;4689.965000;0
20260406 044000;4689.955000;4691.525000;4689.905000;4691.045000;0
20260406 044100;4691.065000;4691.315000;4689.808000;4689.808000;0
20260406 044200;4689.885000;4691.055000;4689.808000;4690.615000;0
20260406 044300;4690.595000;4691.765000;4690.005000;4691.665000;0
20260406 044400;4691.635000;4693.345000;4691.215000;4692.825000;0
20260406 044500;4692.635000;4695.675000;4692.385000;4694.765000;0
20260406 044600;4694.725000;4696.455000;4693.485000;4696.355000;0
20260406 044700;4696.595000;4696.785000;4692.645000;4694.135000;0
20260406 044800;4693.815000;4695.845000;4692.798000;4695.395000;0
20260406 044900;4695.295000;4696.505000;4694.485000;4696.505000;0
20260406 045000;4696.485000;4696.985000;4694.225000;4694.835000;0
20260406 045100;4694.835000;4695.435000;4693.155000;4693.975000;0
20260406 045200;4694.015000;4694.185000;4691.545000;4692.335000;0
20260406 045300;4692.395000;4692.765000;4691.255000;4691.725000;0
20260406 045400;4691.705000;4694.245000;4691.705000;4693.765000;0
20260406 045500;4693.735000;4694.085000;4692.985000;4693.075000;0
20260406 045600;4693.105000;4696.475000;4693.105000;4694.615000;0
20260406 045700;4694.545000;4696.595000;4694.475000;4696.455000;0
20260406 045800;4696.425000;4697.975000;4695.885000;4696.325000;0
20260406 045900;4696.305000;4697.425000;4695.155000;4695.555000;0
20260406 050000;4695.885000;4702.498000;4695.865000;4697.915000;0
20260406 050100;4697.955000;4698.765000;4696.675000;4697.965000;0
20260406 050200;4697.935000;4699.995000;4697.595000;4698.358000;0
20260406 050300;4698.318000;4701.155000;4698.278000;4700.015000;0
20260406 050400;4699.975000;4700.758000;4696.978000;4698.658000;0
20260406 050500;4698.558000;4701.675000;4698.358000;4700.495000;0
20260406 050600;4700.435000;4702.855000;4700.375000;4702.385000;0
20260406 050700;4702.245000;4702.925000;4699.658000;4701.095000;0
20260406 050800;4701.145000;4701.265000;4698.445000;4699.238000;0
20260406 050900;4699.178000;4700.198000;4698.148000;4698.858000;0
20260406 051000;4698.798000;4698.798000;4698.148000;4698.458000;0
20260406 051100;4698.438000;4699.185000;4697.015000;4698.395000;0
20260406 051200;4698.345000;4699.058000;4697.845000;4698.435000;0
20260406 051300;4698.365000;4700.378000;4698.325000;4698.998000;0
20260406 051400;4698.958000;4701.078000;4698.958000;4700.898000;0
20260406 051500;4700.845000;4701.398000;4699.538000;4699.538000;0
20260406 051600;4699.555000;4703.365000;4699.438000;4699.895000;0
20260406 051700;4699.915000;4703.055000;4699.915000;4700.135000;0
20260406 051800;4700.338000;4700.745000;4698.095000;4699.255000;0
20260406 051900;4699.015000;4700.005000;4698.555000;4700.005000;0
20260406 052000;4699.975000;4700.975000;4699.405000;4699.665000;0
20260406 052100;4699.725000;4701.075000;4698.855000;4700.465000;0
20260406 052200;4700.485000;4701.725000;4700.485000;4700.805000;0
20260406 052300;4700.825000;4700.875000;4696.965000;4697.095000;0
20260406 052400;4697.125000;4702.555000;4697.005000;4701.085000;0
20260406 052500;4701.055000;4702.775000;4700.775000;4700.855000;0
20260406 052600;4700.805000;4701.615000;4699.615000;4700.105000;0
20260406 052700;4700.075000;4702.265000;4699.805000;4699.825000;0
20260406 052800;4699.855000;4701.685000;4699.795000;4700.905000;0
20260406 052900;4700.785000;4702.795000;4700.405000;4702.095000;0
20260406 053000;4702.135000;4703.845000;4702.115000;4702.205000;0
20260406 053100;4702.275000;4704.405000;4701.075000;4702.965000;0
20260406 053200;4703.105000;4703.565000;4700.555000;4703.365000;0
20260406 053300;4703.415000;4704.415000;4702.535000;4702.675000;0
20260406 053400;4702.705000;4703.735000;4701.625000;4703.365000;0
20260406 053500;4703.325000;4703.695000;4702.055000;4703.295000;0
20260406 053600;4703.325000;4703.975000;4702.255000;4703.025000;0
20260406 053700;4702.975000;4702.975000;4702.045000;4702.095000;0
20260406 053800;4702.075000;4702.845000;4701.725000;4702.315000;0
20260406 053900;4702.295000;4702.595000;4701.575000;4702.315000;0
20260406 054000;4702.285000;4702.775000;4701.835000;4702.505000;0
20260406 054100;4702.525000;4702.875000;4702.135000;4702.235000;0
20260406 054200;4702.255000;4704.945000;4702.255000;4704.945000;0
20260406 054300;4704.915000;4706.255000;4704.215000;4704.555000;0
20260406 054400;4704.615000;4705.315000;4703.055000;4703.215000;0
20260406 054500;4703.195000;4704.935000;4701.835000;4702.015000;0
20260406 054600;4702.025000;4703.335000;4701.738000;4703.125000;0
20260406 054700;4703.095000;4703.095000;4700.098000;4700.098000;0
20260406 054800;4700.165000;4701.885000;4700.098000;4701.575000;0
20260406 054900;4701.525000;4701.585000;4700.098000;4700.255000;0
20260406 055000;4700.285000;4700.425000;4692.185000;4696.355000;0
20260406 055100;4696.325000;4699.275000;4696.305000;4698.725000;0
20260406 055200;4698.545000;4699.505000;4697.265000;4698.025000;0
20260406 055300;4698.065000;4699.395000;4695.795000;4695.835000;0
20260406 055400;4695.975000;4695.975000;4691.458000;4693.515000;0
20260406 055500;4693.595000;4694.865000;4692.275000;4694.445000;0
20260406 055600;4694.465000;4694.465000;4691.675000;4693.065000;0
20260406 055700;4693.105000;4693.485000;4691.118000;4692.105000;0
20260406 055800;4691.905000;4692.715000;4690.585000;4692.335000;0
20260406 055900;4692.245000;4695.015000;4692.175000;4693.345000;0
20260406 060000;4693.375000;4694.515000;4692.675000;4694.405000;0
20260406 060100;4694.445000;4695.435000;4692.955000;4695.025000;0
20260406 060200;4694.955000;4697.305000;4694.925000;4696.585000;0
20260406 060300;4696.555000;4696.635000;4692.975000;4694.855000;0
20260406 060400;4694.815000;4697.245000;4694.765000;4697.195000;0
20260406 060500;4697.155000;4697.335000;4695.095000;4695.095000;0
20260406 060600;4695.145000;4696.465000;4693.995000;4696.045000;0
20260406 060700;4696.015000;4696.445000;4693.305000;4693.555000;0
20260406 060800;4693.845000;4693.905000;4691.175000;4692.595000;0
20260406 060900;4692.625000;4694.965000;4691.575000;4693.125000;0
20260406 061000;4693.145000;4696.475000;4692.105000;4696.045000;0
20260406 061100;4696.205000;4696.205000;4692.605000;4692.755000;0
20260406 061200;4692.745000;4692.815000;4691.075000;4691.825000;0
20260406 061300;4691.795000;4692.015000;4690.548000;4691.055000;0
20260406 061400;4691.105000;4691.405000;4685.795000;4686.515000;0
20260406 061500;4686.495000;4688.185000;4685.905000;4687.895000;0
20260406 061600;4687.795000;4690.125000;4687.565000;4689.855000;0
20260406 061700;4689.755000;4689.845000;4688.775000;4689.165000;0
20260406 061800;4688.685000;4689.495000;4688.035000;4689.495000;0
20260406 061900;4689.515000;4690.605000;4689.515000;4690.245000;0
20260406 062000;4690.075000;4690.905000;4689.105000;4690.835000;0
20260406 062100;4690.815000;4692.705000;4690.765000;4692.705000;0
20260406 062200;4692.505000;4692.765000;4689.295000;4690.455000;0
20260406 062300;4690.438000;4691.925000;4690.305000;4691.325000;0
20260406 062400;4691.285000;4691.285000;4689.018000;4689.155000;0
20260406 062500;4689.115000;4689.545000;4687.635000;4688.045000;0
20260406 062600;4688.075000;4688.425000;4686.455000;4686.605000;0
20260406 062700;4686.975000;4687.945000;4686.305000;4686.945000;0
20260406 062800;4687.025000;4687.535000;4686.705000;4687.535000;0
20260406 062900;4687.585000;4689.555000;4687.255000;4689.535000;0
20260406 063000;4689.505000;4690.065000;4688.785000;4689.735000;0
20260406 063100;4689.775000;4690.875000;4689.705000;4690.865000;0
20260406 063200;4690.815000;4692.425000;4690.405000;4692.305000;0
20260406 063300;4692.345000;4693.565000;4692.135000;4693.175000;0
20260406 063400;4693.215000;4693.215000;4689.035000;4689.605000;0
20260406 063500;4689.635000;4690.135000;4687.635000;4687.635000;0
20260406 063600;4687.595000;4688.515000;4687.425000;4688.075000;0
20260406 063700;4688.095000;4690.178000;4688.095000;4690.178000;0
20260406 063800;4690.668000;4691.265000;4690.195000;4690.195000;0
20260406 063900;4690.005000;4691.835000;4689.585000;4691.695000;0
20260406 064000;4691.755000;4694.795000;4691.715000;4693.998000;0
20260406 064100;4694.125000;4694.925000;4694.055000;4694.545000;0
20260406 064200;4694.515000;4695.045000;4694.365000;4694.965000;0
20260406 064300;4694.945000;4695.255000;4693.275000;4695.255000;0
20260406 064400;4695.285000;4696.535000;4695.075000;4695.125000;0
20260406 064500;4695.165000;4695.545000;4692.835000;4694.005000;0
20260406 064600;4694.035000;4694.585000;4684.048000;4686.725000;0
20260406 064700;4686.795000;4689.855000;4686.715000;4688.345000;0
20260406 064800;4688.395000;4692.895000;4688.305000;4692.865000;0
20260406 064900;4692.845000;4692.845000;4691.345000;4692.385000;0
20260406 065000;4692.415000;4693.515000;4691.205000;4693.435000;0
20260406 065100;4693.415000;4693.675000;4690.715000;4691.625000;0
20260406 065200;4691.705000;4693.075000;4691.655000;4691.745000;0
20260406 065300;4691.705000;4694.245000;4691.275000;4693.745000;0
20260406 065400;4693.715000;4693.785000;4690.765000;4690.775000;0
20260406 065500;4690.835000;4692.135000;4690.595000;4690.885000;0
20260406 065600;4691.445000;4692.525000;4690.215000;4690.245000;0
20260406 065700;4690.225000;4690.715000;4688.675000;4690.265000;0
20260406 065800;4690.285000;4690.375000;4688.475000;4689.595000;0
20260406 065900;4689.535000;4690.385000;4688.885000;4689.425000;0
20260406 070000;4689.955000;4690.765000;4688.885000;4690.555000;0
20260406 070100;4690.535000;4693.365000;4690.405000;4692.225000;0
20260406 070200;4692.185000;4695.665000;4691.775000;4694.775000;0
20260406 070300;4694.815000;4695.735000;4694.345000;4694.645000;0
20260406 070400;4694.725000;4695.405000;4692.725000;4692.765000;0
20260406 070500;4692.795000;4694.185000;4692.665000;4694.095000;0
20260406 070600;4694.125000;4694.375000;4693.425000;4693.455000;0
20260406 070700;4693.335000;4694.205000;4691.575000;4694.205000;0
20260406 070800;4694.235000;4696.518000;4693.998000;4694.605000;0
20260406 070900;4694.635000;4695.135000;4691.605000;4692.275000;0
20260406 071000;4692.305000;4693.245000;4692.005000;4692.235000;0
20260406 071100;4692.035000;4692.095000;4689.105000;4689.215000;0
20260406 071200;4689.165000;4690.155000;4688.575000;4689.695000;0
20260406 071300;4689.865000;4690.195000;4688.905000;4689.515000;0
20260406 071400;4689.535000;4690.685000;4689.015000;4689.255000;0
20260406 071500;4689.275000;4690.215000;4688.325000;4688.425000;0
20260406 071600;4688.445000;4689.605000;4687.855000;4689.345000;0
20260406 071700;4689.365000;4690.865000;4688.925000;4690.385000;0
20260406 071800;4690.455000;4690.885000;4688.825000;4689.945000;0
20260406 071900;4689.915000;4691.565000;4689.915000;4691.405000;0
20260406 072000;4691.235000;4692.075000;4689.825000;4689.945000;0
20260406 072100;4689.975000;4690.745000;4688.475000;4688.885000;0
20260406 072200;4688.915000;4688.915000;4685.115000;4685.485000;0
20260406 072300;4685.525000;4688.615000;4685.525000;4687.975000;0
20260406 072400;4687.945000;4688.465000;4687.255000;4687.845000;0
20260406 072500;4687.795000;4689.075000;4686.345000;4686.415000;0
20260406 072600;4686.305000;4687.465000;4686.075000;4686.365000;0
20260406 072700;4686.385000;4689.095000;4686.255000;4688.925000;0
20260406 072800;4688.895000;4690.425000;4688.795000;4689.885000;0
20260406 072900;4689.785000;4689.785000;4688.205000;4688.225000;0
20260406 073000;4688.245000;4688.695000;4686.985000;4688.045000;0
20260406 073100;4687.965000;4688.805000;4687.295000;4688.215000;0
20260406 073200;4688.145000;4688.765000;4687.825000;4688.755000;0
20260406 073300;4688.745000;4690.825000;4688.395000;4690.485000;0
20260406 073400;4690.455000;4690.605000;4687.925000;4689.075000;0
20260406 073500;4689.035000;4689.035000;4686.425000;4687.245000;0
20260406 073600;4687.578000;4688.375000;4687.105000;4687.655000;0
20260406 073700;4687.835000;4689.425000;4686.145000;4686.618000;0
20260406 073800;4686.605000;4686.758000;4685.085000;4685.465000;0
20260406 073900;4685.578000;4692.275000;4685.038000;4689.258000;0
20260406 074000;4689.615000;4693.518000;4689.438000;4692.755000;0
20260406 074100;4692.778000;4694.195000;4690.515000;4690.525000;0
20260406 074200;4690.545000;4691.005000;4689.035000;4690.315000;0
20260406 074300;4690.395000;4690.395000;4688.995000;4689.675000;0
20260406 074400;4690.015000;4690.015000;4685.025000;4685.025000;0
20260406 074500;4684.885000;4685.435000;4682.465000;4683.658000;0
20260406 074600;4683.678000;4684.058000;4681.865000;4683.105000;0
20260406 074700;4683.135000;4685.415000;4682.375000;4683.535000;0
20260406 074800;4683.565000;4683.955000;4681.035000;4682.775000;0
20260406 074900;4682.735000;4682.885000;4681.895000;4682.465000;0
20260406 075000;4682.505000;4682.605000;4680.075000;4680.955000;0
20260406 075100;4680.995000;4681.925000;4678.515000;4681.925000;0
20260406 075200;4681.745000;4683.255000;4681.285000;4682.795000;0
20260406 075300;4682.725000;4683.225000;4682.035000;4682.065000;0
20260406 075400;4682.035000;4683.095000;4681.085000;4683.095000;0
20260406 075500;4683.545000;4684.295000;4682.835000;4683.645000;0
20260406 075600;4683.128000;4683.128000;4679.505000;4680.125000;0
20260406 075700;4680.085000;4680.165000;4677.835000;4678.555000;0
20260406 075800;4678.485000;4679.155000;4677.135000;4677.325000;0
20260406 075900;4677.395000;4678.355000;4676.755000;4677.655000;0
20260406 080000;4677.615000;4681.425000;4677.615000;4680.755000;0
20260406 080100;4680.775000;4681.965000;4679.755000;4681.675000;0
20260406 080200;4681.675000;4683.415000;4681.325000;4682.715000;0
20260406 080300;4682.605000;4683.305000;4681.635000;4682.815000;0
20260406 080400;4682.785000;4683.045000;4681.645000;4681.675000;0
20260406 080500;4681.655000;4685.575000;4681.605000;4684.195000;0
20260406 080600;4684.225000;4686.425000;4683.765000;4683.935000;0
20260406 080700;4683.895000;4684.135000;4679.995000;4680.205000;0
20260406 080800;4680.135000;4680.325000;4677.895000;4678.685000;0
20260406 080900;4679.025000;4680.715000;4678.915000;4679.065000;0
20260406 081000;4679.095000;4679.465000;4677.698000;4678.025000;0
20260406 081100;4678.045000;4678.145000;4673.635000;4674.185000;0
20260406 081200;4674.275000;4675.975000;4673.695000;4674.585000;0
20260406 081300;4674.625000;4674.705000;4671.075000;4671.595000;0
20260406 081400;4671.625000;4673.195000;4671.445000;4672.275000;0
20260406 081500;4672.235000;4672.405000;4669.535000;4670.085000;0
20260406 081600;4669.975000;4672.375000;4669.015000;4671.815000;0
20260406 081700;4671.875000;4672.425000;4670.795000;4670.885000;0
20260406 081800;4670.965000;4673.815000;4670.675000;4672.575000;0
20260406 081900;4672.585000;4672.945000;4671.285000;4672.795000;0
20260406 082000;4672.845000;4672.905000;4667.505000;4668.145000;0
20260406 082100;4668.415000;4669.015000;4664.525000;4664.525000;0
20260406 082200;4664.505000;4667.315000;4662.315000;4662.458000;0
20260406 082300;4662.525000;4665.475000;4661.275000;4664.405000;0
20260406 082400;4664.385000;4664.805000;4662.725000;4663.675000;0
20260406 082500;4663.705000;4664.005000;4659.485000;4660.565000;0
20260406 082600;4660.585000;4664.245000;4660.555000;4663.275000;0
20260406 082700;4663.235000;4665.895000;4662.355000;4665.815000;0
20260406 082800;4665.765000;4667.515000;4665.385000;4666.295000;0
20260406 082900;4666.275000;4666.405000;4664.595000;4665.795000;0
20260406 083000;4665.825000;4668.345000;4665.345000;4668.345000;0
20260406 083100;4668.325000;4672.625000;4668.205000;4671.585000;0
20260406 083200;4671.625000;4672.765000;4670.675000;4672.695000;0
20260406 083300;4672.725000;4675.385000;4672.375000;4675.155000;0
20260406 083400;4675.155000;4675.495000;4671.835000;4673.305000;0
20260406 083500;4673.285000;4675.075000;4669.855000;4672.138000;0
20260406 083600;4672.118000;4674.375000;4670.458000;4674.345000;0
20260406 083700;4674.575000;4677.038000;4674.018000;4676.318000;0
20260406 083800;4676.325000;4677.225000;4675.465000;4675.465000;0
20260406 083900;4675.398000;4676.555000;4675.218000;4676.175000;0
20260406 084000;4676.215000;4678.385000;4675.145000;4675.145000;0
20260406 084100;4675.145000;4675.285000;4673.165000;4675.158000;0
20260406 084200;4675.178000;4675.775000;4674.658000;4675.185000;0
20260406 084300;4675.095000;4675.765000;4674.195000;4675.178000;0
20260406 084400;4675.158000;4676.685000;4673.548000;4676.595000;0
20260406 084500;4676.575000;4679.265000;4676.555000;4677.698000;0
20260406 084600;4677.638000;4677.758000;4676.558000;4676.875000;0
20260406 084700;4676.945000;4677.505000;4675.805000;4676.095000;0
20260406 084800;4676.125000;4679.635000;4676.125000;4679.425000;0
20260406 084900;4679.385000;4681.005000;4678.425000;4678.455000;0
20260406 085000;4678.375000;4678.635000;4677.265000;4678.225000;0
20260406 085100;4678.205000;4678.535000;4676.075000;4676.075000;0
20260406 085200;4676.055000;4676.385000;4674.008000;4675.295000;0
20260406 085300;4675.315000;4676.125000;4674.395000;4676.025000;0
20260406 085400;4675.685000;4677.655000;4675.685000;4676.895000;0
20260406 085500;4676.865000;4678.235000;4676.375000;4678.235000;0
20260406 085600;4678.205000;4678.205000;4674.455000;4675.245000;0
20260406 085700;4675.225000;4675.615000;4673.798000;4674.825000;0
20260406 085800;4674.865000;4675.395000;4674.055000;4674.695000;0
20260406 085900;4674.725000;4675.558000;4674.225000;4675.515000;0
20260406 090000;4675.505000;4677.135000;4675.115000;4675.735000;0
20260406 090100;4675.615000;4675.698000;4673.475000;4674.558000;0
20260406 090200;4674.595000;4677.215000;4673.075000;4674.785000;0
20260406 090300;4674.805000;4674.805000;4672.615000;4673.205000;0
20260406 090400;4673.185000;4673.258000;4670.775000;4671.405000;0
20260406 090500;4671.398000;4672.055000;4662.778000;4668.805000;0
20260406 090600;4668.745000;4669.718000;4667.345000;4667.715000;0
20260406 090700;4667.735000;4667.735000;4662.005000;4662.445000;0
20260406 090800;4662.435000;4665.525000;4661.795000;4662.758000;0
20260406 090900;4662.758000;4670.015000;4662.675000;4669.915000;0
20260406 091000;4669.465000;4670.445000;4668.185000;4669.025000;0
20260406 091100;4669.045000;4670.575000;4668.505000;4668.935000;0
20260406 091200;4668.955000;4670.415000;4668.305000;4670.415000;0
20260406 091300;4670.415000;4671.085000;4667.295000;4667.365000;0
20260406 091400;4667.385000;4669.135000;4666.935000;4668.325000;0
20260406 091500;4668.285000;4669.025000;4666.935000;4668.985000;0
20260406 091600;4668.695000;4669.425000;4666.625000;4669.015000;0
20260406 091700;4669.045000;4669.045000;4666.998000;4667.775000;0
20260406 091800;4667.675000;4668.555000;4667.085000;4667.985000;0
20260406 091900;4667.975000;4668.005000;4663.605000;4663.795000;0
20260406 092000;4663.685000;4665.535000;4663.045000;4664.865000;0
20260406 092100;4664.845000;4665.295000;4659.455000;4660.995000;0
20260406 092200;4660.975000;4668.085000;4660.055000;4667.065000;0
20260406 092300;4667.015000;4670.225000;4667.015000;4668.765000;0
20260406 092400;4668.805000;4672.555000;4668.735000;4672.515000;0
20260406 092500;4672.495000;4673.115000;4668.465000;4668.565000;0
20260406 092600;4668.685000;4669.445000;4667.785000;4669.125000;0
20260406 092700;4669.165000;4672.065000;4669.165000;4671.895000;0
20260406 092800;4671.865000;4671.865000;4670.195000;4670.375000;0
20260406 092900;4670.595000;4670.595000;4667.075000;4668.385000;0
20260406 093000;4668.945000;4675.865000;4668.945000;4671.758000;0
20260406 093100;4671.798000;4676.018000;4670.998000;4673.098000;0
20260406 093200;4673.098000;4674.258000;4660.538000;4664.238000;0
20260406 093300;4664.028000;4674.058000;4663.178000;4670.828000;0
20260406 093400;4670.838000;4670.918000;4665.098000;4670.848000;0
20260406 093500;4670.898000;4672.798000;4669.998000;4670.275000;0
20260406 093600;4670.318000;4670.348000;4663.015000;4665.218000;0
20260406 093700;4665.058000;4669.955000;4664.265000;4668.495000;0
20260406 093800;4668.438000;4670.318000;4667.275000;4668.915000;0
20260406 093900;4669.005000;4674.755000;4668.965000;4673.485000;0
20260406 094000;4673.465000;4674.805000;4669.215000;4674.345000;0
20260406 094100;4674.315000;4678.485000;4672.485000;4678.445000;0
20260406 094200;4678.485000;4678.695000;4675.745000;4676.488000;0
20260406 094300;4676.435000;4678.015000;4671.298000;4671.725000;0
20260406 094400;4671.775000;4672.405000;4664.478000;4665.188000;0
20260406 094500;4665.188000;4668.668000;4664.355000;4667.625000;0
20260406 094600;4667.585000;4676.565000;4667.375000;4671.815000;0
20260406 094700;4671.815000;4673.245000;4669.625000;4670.275000;0
20260406 094800;4670.235000;4670.625000;4667.015000;4669.825000;0
20260406 094900;4669.865000;4669.865000;4661.365000;4663.775000;0
20260406 095000;4663.805000;4669.135000;4663.055000;4668.045000;0
20260406 095100;4667.975000;4672.635000;4667.788000;4670.455000;0
20260406 095200;4670.475000;4678.845000;4670.015000;4674.425000;0
20260406 095300;4674.425000;4677.645000;4672.285000;4677.335000;0
20260406 095400;4677.335000;4679.715000;4676.578000;4678.628000;0
20260406 095500;4678.308000;4679.288000;4674.795000;4674.888000;0
20260406 095600;4674.665000;4681.158000;4674.558000;4680.288000;0
20260406 095700;4680.388000;4681.248000;4678.998000;4679.438000;0
20260406 095800;4679.448000;4679.858000;4677.028000;4678.458000;0
20260406 095900;4678.468000;4680.058000;4678.468000;4679.488000;0
20260406 100000;4679.865000;4690.658000;4679.795000;4684.218000;0
20260406 100100;4684.218000;4685.398000;4681.325000;4681.878000;0
20260406 100200;4681.898000;4683.578000;4679.438000;4679.438000;0
20260406 100300;4678.798000;4679.398000;4674.728000;4674.948000;0
20260406 100400;4674.445000;4676.798000;4668.585000;4669.345000;0
20260406 100500;4669.415000;4673.615000;4666.345000;4668.845000;0
20260406 100600;4668.755000;4670.505000;4666.418000;4667.878000;0
20260406 100700;4667.835000;4670.465000;4666.538000;4667.225000;0
20260406 100800;4667.225000;4668.945000;4665.535000;4668.135000;0
20260406 100900;4668.215000;4670.685000;4668.015000;4670.685000;0
20260406 101000;4670.695000;4671.825000;4659.658000;4663.668000;0
20260406 101100;4663.858000;4667.078000;4662.318000;4665.158000;0
20260406 101200;4665.105000;4668.715000;4664.138000;4665.445000;0
20260406 101300;4665.455000;4669.725000;4665.278000;4669.435000;0
20260406 101400;4669.525000;4672.348000;4667.975000;4672.178000;0
20260406 101500;4672.198000;4673.505000;4670.075000;4671.748000;0
20260406 101600;4671.698000;4673.098000;4670.468000;4672.918000;0
20260406 101700;4672.978000;4676.895000;4672.325000;4676.398000;0
20260406 101800;4676.395000;4677.405000;4674.265000;4676.968000;0
20260406 101900;4676.968000;4682.618000;4675.998000;4682.598000;0
20260406 102000;4682.648000;4685.845000;4677.265000;4679.348000;0
20260406 102100;4679.115000;4682.948000;4678.145000;4680.715000;0
20260406 102200;4680.685000;4684.748000;4679.975000;4682.995000;0
20260406 102300;4682.975000;4683.985000;4680.415000;4682.935000;0
20260406 102400;4682.935000;4685.488000;4681.925000;4685.488000;0
20260406 102500;4685.378000;4685.875000;4683.315000;4684.775000;0
20260406 102600;4684.775000;4687.965000;4683.848000;4686.645000;0
20260406 102700;4686.375000;4687.198000;4685.138000;4685.198000;0
20260406 102800;4685.098000;4687.148000;4683.448000;4686.598000;0
20260406 102900;4686.558000;4687.198000;4684.965000;4685.598000;0
20260406 103000;4685.635000;4688.998000;4684.798000;4688.918000;0
20260406 103100;4688.998000;4689.298000;4686.198000;4687.198000;0
20260406 103200;4687.435000;4689.338000;4684.498000;4685.515000;0
20260406 103300;4685.515000;4685.915000;4682.475000;4684.765000;0
20260406 103400;4684.785000;4691.715000;4684.765000;4691.715000;0
20260406 103500;4691.645000;4697.575000;4691.215000;4692.648000;0
20260406 103600;4692.648000;4693.735000;4689.198000;4689.898000;0
20260406 103700;4690.045000;4690.765000;4688.295000;4688.335000;0
20260406 103800;4688.355000;4692.375000;4677.955000;4680.438000;0
20260406 103900;4680.478000;4685.578000;4680.478000;4683.845000;0
20260406 104000;4683.865000;4687.585000;4682.085000;4687.335000;0
20260406 104100;4687.405000;4691.445000;4687.405000;4688.355000;0
20260406 104200;4688.325000;4690.095000;4685.128000;4685.505000;0
20260406 104300;4685.525000;4688.565000;4684.218000;4687.965000;0
20260406 104400;4687.835000;4689.478000;4683.475000;4684.185000;0
20260406 104500;4684.038000;4684.138000;4678.818000;4679.738000;0
20260406 104600;4679.778000;4681.778000;4676.978000;4681.618000;0
20260406 104700;4681.498000;4682.105000;4678.095000;4680.385000;0
20260406 104800;4680.425000;4681.315000;4678.335000;4679.125000;0
20260406 104900;4679.085000;4680.055000;4677.455000;4678.235000;0
20260406 105000;4678.365000;4679.495000;4675.575000;4676.695000;0
20260406 105100;4676.735000;4682.755000;4674.765000;4681.138000;0
20260406 105200;4681.018000;4683.498000;4678.998000;4683.278000;0
20260406 105300;4683.418000;4685.958000;4682.915000;4684.418000;0
20260406 105400;4684.418000;4685.065000;4681.978000;4684.258000;0
20260406 105500;4684.425000;4684.518000;4680.925000;4681.738000;0
20260406 105600;4681.818000;4685.075000;4679.418000;4684.905000;0
20260406 105700;4684.978000;4688.198000;4684.595000;4685.018000;0
20260406 105800;4685.018000;4687.775000;4684.478000;4687.045000;0
20260406 105900;4686.995000;4686.995000;4681.778000;4682.418000;0
20260406 110000;4682.418000;4683.578000;4678.538000;4678.958000;0
20260406 110100;4678.958000;4678.978000;4675.138000;4677.658000;0
20260406 110200;4677.745000;4678.805000;4672.458000;4675.695000;0
20260406 110300;4675.665000;4675.875000;4670.105000;4670.855000;0
20260406 110400;4670.905000;4672.835000;4668.725000;4671.795000;0
20260406 110500;4671.695000;4671.825000;4665.995000;4668.545000;0
20260406 110600;4668.655000;4669.275000;4663.705000;4666.385000;0
20260406 110700;4666.435000;4671.925000;4665.115000;4671.818000;0
20260406 110800;4671.778000;4672.115000;4667.358000;4669.055000;0
20260406 110900;4669.075000;4669.095000;4666.388000;4667.078000;0
20260406 111000;4667.118000;4667.605000;4660.665000;4662.138000;0
20260406 111100;4662.178000;4669.735000;4661.445000;4667.955000;0
20260406 111200;4668.018000;4668.158000;4663.795000;4666.335000;0
20260406 111300;4666.255000;4667.565000;4665.298000;4665.365000;0
20260406 111400;4665.318000;4665.318000;4661.015000;4661.858000;0
20260406 111500;4661.778000;4663.298000;4654.855000;4658.195000;0
20260406 111600;4658.278000;4661.005000;4655.375000;4660.485000;0
20260406 111700;4660.535000;4661.935000;4658.675000;4661.235000;0
20260406 111800;4661.225000;4665.685000;4661.125000;4662.785000;0
20260406 111900;4662.935000;4666.825000;4662.015000;4666.265000;0
20260406 112000;4666.398000;4668.965000;4666.135000;4668.045000;0
20260406 112100;4668.065000;4668.665000;4664.565000;4668.275000;0
20260406 112200;4668.368000;4669.658000;4666.295000;4667.895000;0
20260406 112300;4667.895000;4669.355000;4665.365000;4666.215000;0
20260406 112400;4666.275000;4666.345000;4664.055000;4665.435000;0
20260406 112500;4665.355000;4665.355000;4661.375000;4661.645000;0
20260406 112600;4661.725000;4663.685000;4661.275000;4662.635000;0
20260406 112700;4662.755000;4667.345000;4662.215000;4666.505000;0
20260406 112800;4666.505000;4667.595000;4665.178000;4667.245000;0
20260406 112900;4667.385000;4668.275000;4666.038000;4666.885000;0
20260406 113000;4666.895000;4669.328000;4666.735000;4668.145000;0
20260406 113100;4668.175000;4670.675000;4667.865000;4668.415000;0
20260406 113200;4668.465000;4669.955000;4666.848000;4666.875000;0
20260406 113300;4666.925000;4669.895000;4666.385000;4669.345000;0
20260406 113400;4669.385000;4670.175000;4666.798000;4667.048000;0
20260406 113500;4667.048000;4667.098000;4665.315000;4666.888000;0
20260406 113600;4666.888000;4667.438000;4662.835000;4663.715000;0
20260406 113700;4664.055000;4664.055000;4655.618000;4657.048000;0
20260406 113800;4656.938000;4657.058000;4652.715000;4653.648000;0
20260406 113900;4653.698000;4655.475000;4651.548000;4654.655000;0
20260406 114000;4654.695000;4657.058000;4653.935000;4656.348000;0
20260406 114100;4656.075000;4656.775000;4653.065000;4656.395000;0
20260406 114200;4656.375000;4659.145000;4655.775000;4656.765000;0
20260406 114300;4656.665000;4659.248000;4654.565000;4657.305000;0
20260406 114400;4657.378000;4660.808000;4657.115000;4660.135000;0
20260406 114500;4660.195000;4660.798000;4659.215000;4660.105000;0
20260406 114600;4660.085000;4663.928000;4660.085000;4663.498000;0
20260406 114700;4663.478000;4665.815000;4662.438000;4664.565000;0
20260406 114800;4664.618000;4665.608000;4663.115000;4663.225000;0
20260406 114900;4663.255000;4664.385000;4663.098000;4663.715000;0
20260406 115000;4663.525000;4664.888000;4662.148000;4664.705000;0
20260406 115100;4664.735000;4665.845000;4663.208000;4665.675000;0
20260406 115200;4665.675000;4667.308000;4664.398000;4666.555000;0
20260406 115300;4666.505000;4667.645000;4664.255000;4664.795000;0
20260406 115400;4664.765000;4665.465000;4664.075000;4665.325000;0
20260406 115500;4665.275000;4665.275000;4662.888000;4663.265000;0
20260406 115600;4663.345000;4664.568000;4662.555000;4663.625000;0
20260406 115700;4663.688000;4666.085000;4663.425000;4665.135000;0
20260406 115800;4665.188000;4666.188000;4664.615000;4665.385000;0
20260406 115900;4665.365000;4669.015000;4665.365000;4667.678000;0
20260406 120000;4667.698000;4670.118000;4667.698000;4669.035000;0
20260406 120100;4669.038000;4669.735000;4667.498000;4669.378000;0
20260406 120200;4669.388000;4670.128000;4665.998000;4666.955000;0
20260406 120300;4666.975000;4668.655000;4664.525000;4668.615000;0
20260406 120400;4668.525000;4668.795000;4665.905000;4666.365000;0
20260406 120500;4666.365000;4666.845000;4665.145000;4666.225000;0
20260406 120600;4666.225000;4666.875000;4664.485000;4665.535000;0
20260406 120700;4665.735000;4666.045000;4664.278000;4664.485000;0
20260406 120800;4664.545000;4665.545000;4662.685000;4662.825000;0
20260406 120900;4662.845000;4664.085000;4662.508000;4662.785000;0
20260406 121000;4662.755000;4664.465000;4662.075000;4664.365000;0
20260406 121100;4664.345000;4667.715000;4663.445000;4667.715000;0
20260406 121200;4667.685000;4668.635000;4666.195000;4667.325000;0
20260406 121300;4667.325000;4669.075000;4666.965000;4668.915000;0
20260406 121400;4668.915000;4670.848000;4668.355000;4669.948000;0
20260406 121500;4669.775000;4670.648000;4668.648000;4669.375000;0
20260406 121600;4669.138000;4671.748000;4668.945000;4671.158000;0
20260406 121700;4671.085000;4672.208000;4664.635000;4667.298000;0
20260406 121800;4667.258000;4667.898000;4664.938000;4666.445000;0
20260406 121900;4666.415000;4669.158000;4666.198000;4668.298000;0
20260406 122000;4668.098000;4669.598000;4666.798000;4669.518000;0
20260406 122100;4669.498000;4670.515000;4665.545000;4667.018000;0
20260406 122200;4667.015000;4667.778000;4665.745000;4665.745000;0
20260406 122300;4665.778000;4668.275000;4665.718000;4668.155000;0
20260406 122400;4668.198000;4669.075000;4666.378000;4668.345000;0
20260406 122500;4668.305000;4669.885000;4668.218000;4669.395000;0
20260406 122600;4669.375000;4669.665000;4667.305000;4667.305000;0
20260406 122700;4667.075000;4667.378000;4666.085000;4666.975000;0
20260406 122800;4666.955000;4668.038000;4666.058000;4667.758000;0
20260406 122900;4667.745000;4668.258000;4665.175000;4665.245000;0
20260406 123000;4665.265000;4666.285000;4664.355000;4665.745000;0
20260406 123100;4665.775000;4667.275000;4665.605000;4666.425000;0
20260406 123200;4666.445000;4666.915000;4666.108000;4666.655000;0
20260406 123300;4666.648000;4667.435000;4665.615000;4665.735000;0
20260406 123400;4665.535000;4667.335000;4665.535000;4666.435000;0
20260406 123500;4666.498000;4667.565000;4666.235000;4666.895000;0
20260406 123600;4666.925000;4667.225000;4666.275000;4666.515000;0
20260406 123700;4666.515000;4667.245000;4666.348000;4666.675000;0
20260406 123800;4666.725000;4670.858000;4666.695000;4666.995000;0
20260406 123900;4666.965000;4667.555000;4664.025000;4664.115000;0
20260406 124000;4664.098000;4664.895000;4662.898000;4663.698000;0
20260406 124100;4663.615000;4665.645000;4663.465000;4665.095000;0
20260406 124200;4665.075000;4665.835000;4664.455000;4665.585000;0
20260406 124300;4665.615000;4665.765000;4664.885000;4664.945000;0
20260406 124400;4664.978000;4665.505000;4662.305000;4662.915000;0
20260406 124500;4662.835000;4663.098000;4661.825000;4662.055000;0
20260406 124600;4661.875000;4663.945000;4660.955000;4663.498000;0
20260406 124700;4663.565000;4664.085000;4662.025000;4662.075000;0
20260406 124800;4662.095000;4664.938000;4661.795000;4663.735000;0
20260406 124900;4663.475000;4664.805000;4663.015000;4664.358000;0
20260406 125000;4664.325000;4666.255000;4664.055000;4665.835000;0
20260406 125100;4665.875000;4665.985000;4664.535000;4665.505000;0
20260406 125200;4665.485000;4665.715000;4664.825000;4665.095000;0
20260406 125300;4665.125000;4666.445000;4664.735000;4665.285000;0
20260406 125400;4665.205000;4665.835000;4661.765000;4662.505000;0
20260406 125500;4662.545000;4662.915000;4660.515000;4660.785000;0
20260406 125600;4660.785000;4661.425000;4659.635000;4660.055000;0
20260406 125700;4659.955000;4661.858000;4659.925000;4660.355000;0
20260406 125800;4660.325000;4660.675000;4657.815000;4658.418000;0
20260406 125900;4658.458000;4660.335000;4658.078000;4660.235000;0
20260406 130000;4660.295000;4660.805000;4657.195000;4657.575000;0
20260406 130100;4657.595000;4659.858000;4657.558000;4659.245000;0
20260406 130200;4659.275000;4660.985000;4656.358000;4656.738000;0
20260406 130300;4656.795000;4657.155000;4654.735000;4656.905000;0
20260406 130400;4656.935000;4658.818000;4655.898000;4658.818000;0
20260406 130500;4658.815000;4658.818000;4656.458000;4656.625000;0
20260406 130600;4656.605000;4658.045000;4655.535000;4657.985000;0
20260406 130700;4657.955000;4659.615000;4657.535000;4658.535000;0
20260406 130800;4658.665000;4659.675000;4658.585000;4658.975000;0
20260406 130900;4658.975000;4659.395000;4657.685000;4658.055000;0
20260406 131000;4658.025000;4659.405000;4655.415000;4655.725000;0
20260406 131100;4655.695000;4658.035000;4655.695000;4657.555000;0
20260406 131200;4657.595000;4658.635000;4650.665000;4651.055000;0
20260406 131300;4651.118000;4655.735000;4650.575000;4651.545000;0
20260406 131400;4651.545000;4653.885000;4645.318000;4653.565000;0
20260406 131500;4653.435000;4654.065000;4649.925000;4652.345000;0
20260406 131600;4652.365000;4654.805000;4649.785000;4652.965000;0
20260406 131700;4653.165000;4657.795000;4653.165000;4656.075000;0
20260406 131800;4656.245000;4658.055000;4655.115000;4656.975000;0
20260406 131900;4657.505000;4659.468000;4657.005000;4659.378000;0
20260406 132000;4659.488000;4659.885000;4657.885000;4657.885000;0
20260406 132100;4657.905000;4659.778000;4657.545000;4659.635000;0
20260406 132200;4659.605000;4659.898000;4657.845000;4658.795000;0
20260406 132300;4658.795000;4659.965000;4658.445000;4659.115000;0
20260406 132400;4659.025000;4660.105000;4658.465000;4659.635000;0
20260406 132500;4659.575000;4659.855000;4657.305000;4659.035000;0
20260406 132600;4659.045000;4659.865000;4658.445000;4659.698000;0
20260406 132700;4659.698000;4660.018000;4658.735000;4659.005000;0
20260406 132800;4659.005000;4660.075000;4658.575000;4658.875000;0
20260406 132900;4659.038000;4660.115000;4654.825000;4655.875000;0
20260406 133000;4655.905000;4657.125000;4651.888000;4653.195000;0
20260406 133100;4653.255000;4657.295000;4652.755000;4656.285000;0
20260406 133200;4656.325000;4657.465000;4656.265000;4656.985000;0
20260406 133300;4657.025000;4659.108000;4656.885000;4658.775000;0
20260406 133400;4659.055000;4660.415000;4658.145000;4658.658000;0
20260406 133500;4658.655000;4659.758000;4658.455000;4658.705000;0
20260406 133600;4658.395000;4659.398000;4658.225000;4659.298000;0
20260406 133700;4659.298000;4659.758000;4658.618000;4658.738000;0
20260406 133800;4658.738000;4659.128000;4657.798000;4658.778000;0
20260406 133900;4658.818000;4659.615000;4658.625000;4659.198000;0
20260406 134000;4659.195000;4659.555000;4657.765000;4658.518000;0
20260406 134100;4658.498000;4658.518000;4655.465000;4655.795000;0
20260406 134200;4655.795000;4656.238000;4654.615000;4656.238000;0
20260406 134300;4656.685000;4656.818000;4654.548000;4655.418000;0
20260406 134400;4655.418000;4656.738000;4654.558000;4656.038000;0
20260406 134500;4656.018000;4656.958000;4655.455000;4655.598000;0
20260406 134600;4655.578000;4655.818000;4653.605000;4654.278000;0
20260406 134700;4654.258000;4654.258000;4652.318000;4652.458000;0
20260406 134800;4652.478000;4654.198000;4651.378000;4651.798000;0
20260406 134900;4652.038000;4652.565000;4651.398000;4652.078000;0
20260406 135000;4652.058000;4654.645000;4651.518000;4653.458000;0
20260406 135100;4653.485000;4654.045000;4652.485000;4653.665000;0
20260406 135200;4653.595000;4655.185000;4652.795000;4655.165000;0
20260406 135300;4655.165000;4656.335000;4654.715000;4654.835000;0
20260406 135400;4654.875000;4655.545000;4654.435000;4655.505000;0
20260406 135500;4655.525000;4655.925000;4653.205000;4653.205000;0
20260406 135600;4653.235000;4654.515000;4653.105000;4654.345000;0
20260406 135700;4654.395000;4655.275000;4654.125000;4654.205000;0
20260406 135800;4654.455000;4655.135000;4654.055000;4654.275000;0
20260406 135900;4654.178000;4654.795000;4653.135000;4653.405000;0
20260406 140000;4653.495000;4654.115000;4653.065000;4654.045000;0
20260406 140100;4654.155000;4654.405000;4653.415000;4653.595000;0
20260406 140200;4653.475000;4654.295000;4653.095000;4653.705000;0
20260406 140300;4653.755000;4654.895000;4650.805000;4651.115000;0
20260406 140400;4651.115000;4654.475000;4650.595000;4652.195000;0
20260406 140500;4652.025000;4654.145000;4651.525000;4653.678000;0
20260406 140600;4653.675000;4655.198000;4652.798000;4654.518000;0
20260406 140700;4654.558000;4656.558000;4654.138000;4656.498000;0
20260406 140800;4656.518000;4657.855000;4656.505000;4657.445000;0
20260406 140900;4657.498000;4658.575000;4657.075000;4658.005000;0
20260406 141000;4657.985000;4660.315000;4657.985000;4660.005000;0
20260406 141100;4659.925000;4666.365000;4659.485000;4664.538000;0
20260406 141200;4664.485000;4664.538000;4660.335000;4662.355000;0
20260406 141300;4662.335000;4662.425000;4659.495000;4660.275000;0
20260406 141400;4660.255000;4660.485000;4656.885000;4659.075000;0
20260406 141500;4659.255000;4662.988000;4658.808000;4662.898000;0
20260406 141600;4662.908000;4663.355000;4661.245000;4661.505000;0
20260406 141700;4661.175000;4662.435000;4661.175000;4661.445000;0
20260406 141800;4661.578000;4663.418000;4661.275000;4662.918000;0
20260406 141900;4662.928000;4663.305000;4662.318000;4662.555000;0
20260406 142000;4662.535000;4662.975000;4662.005000;4662.305000;0
20260406 142100;4662.325000;4662.465000;4660.565000;4662.405000;0
20260406 142200;4662.385000;4662.385000;4660.348000;4660.945000;0
20260406 142300;4660.965000;4661.995000;4660.865000;4661.975000;0
20260406 142400;4661.955000;4663.495000;4660.735000;4662.155000;0
20260406 142500;4662.155000;4662.745000;4660.935000;4662.715000;0
20260406 142600;4662.715000;4662.715000;4661.275000;4661.275000;0
20260406 142700;4661.255000;4663.955000;4660.265000;4663.615000;0
20260406 142800;4663.635000;4664.435000;4662.415000;4662.485000;0
20260406 142900;4662.445000;4662.475000;4659.825000;4660.005000;0
20260406 143000;4660.005000;4663.195000;4660.005000;4661.505000;0
20260406 143100;4661.505000;4662.935000;4661.265000;4662.935000;0
20260406 143200;4662.955000;4663.085000;4660.535000;4661.345000;0
20260406 143300;4661.345000;4661.895000;4659.455000;4659.455000;0
20260406 143400;4659.425000;4659.545000;4656.965000;4658.885000;0
20260406 143500;4658.845000;4660.255000;4657.735000;4657.735000;0
20260406 143600;4657.705000;4658.385000;4655.975000;4656.795000;0
20260406 143700;4656.815000;4656.815000;4654.535000;4654.535000;0
20260406 143800;4654.555000;4654.555000;4652.205000;4652.575000;0
20260406 143900;4653.055000;4653.365000;4649.095000;4649.325000;0
20260406 144000;4649.298000;4650.925000;4648.758000;4650.415000;0
20260406 144100;4650.415000;4651.095000;4649.425000;4650.835000;0
20260406 144200;4650.885000;4652.085000;4650.525000;4651.795000;0
20260406 144300;4651.795000;4652.095000;4648.785000;4650.395000;0
20260406 144400;4651.025000;4651.285000;4650.045000;4650.045000;0
20260406 144500;4650.045000;4651.705000;4648.925000;4651.285000;0
20260406 144600;4651.325000;4651.615000;4650.085000;4650.495000;0
20260406 144700;4650.585000;4651.485000;4650.225000;4650.295000;0
20260406 144800;4650.285000;4651.305000;4649.515000;4651.068000;0
20260406 144900;4651.035000;4651.275000;4650.178000;4650.635000;0
20260406 145000;4650.595000;4651.235000;4649.938000;4650.105000;0
20260406 145100;4650.115000;4651.285000;4649.825000;4650.055000;0
20260406 145200;4650.065000;4650.545000;4649.095000;4649.595000;0
20260406 145300;4649.595000;4650.625000;4648.855000;4650.045000;0
20260406 145400;4650.085000;4652.305000;4649.925000;4651.175000;0
20260406 145500;4651.175000;4651.965000;4649.285000;4649.285000;0
20260406 145600;4649.285000;4657.975000;4648.665000;4657.865000;0
20260406 145700;4657.885000;4658.055000;4655.975000;4656.095000;0
20260406 145800;4656.045000;4658.445000;4656.045000;4658.085000;0
20260406 145900;4658.175000;4658.875000;4657.455000;4658.135000;0
20260406 150000;4658.115000;4659.045000;4656.745000;4658.635000;0
20260406 150100;4658.655000;4659.135000;4657.158000;4657.158000;0
20260406 150200;4657.148000;4657.955000;4655.615000;4656.968000;0
20260406 150300;4656.978000;4657.695000;4655.895000;4657.665000;0
20260406 150400;4657.715000;4658.135000;4657.118000;4658.098000;0
20260406 150500;4658.098000;4659.065000;4657.165000;4657.638000;0
20260406 150600;4657.638000;4657.698000;4656.258000;4656.595000;0
20260406 150700;4656.638000;4656.638000;4651.638000;4651.738000;0
20260406 150800;4651.748000;4652.165000;4650.035000;4650.245000;0
20260406 150900;4650.285000;4651.655000;4650.285000;4650.845000;0
20260406 151000;4650.875000;4653.295000;4650.325000;4652.885000;0
20260406 151100;4652.738000;4653.315000;4651.895000;4652.875000;0
20260406 151200;4652.875000;4652.915000;4651.075000;4651.665000;0
20260406 151300;4651.695000;4652.035000;4651.035000;4651.405000;0
20260406 151400;4651.375000;4651.605000;4650.195000;4650.625000;0
20260406 151500;4650.675000;4651.245000;4649.965000;4650.385000;0
20260406 151600;4650.475000;4651.115000;4648.645000;4648.925000;0
20260406 151700;4648.895000;4648.965000;4645.435000;4646.155000;0
20260406 151800;4646.135000;4648.175000;4645.255000;4647.845000;0
20260406 151900;4647.815000;4649.005000;4647.195000;4647.605000;0
20260406 152000;4647.605000;4648.635000;4646.205000;4647.815000;0
20260406 152100;4647.845000;4648.905000;4647.845000;4647.955000;0
20260406 152200;4647.955000;4648.445000;4646.995000;4648.215000;0
20260406 152300;4648.548000;4648.875000;4647.235000;4647.285000;0
20260406 152400;4647.285000;4647.585000;4646.695000;4647.105000;0
20260406 152500;4647.165000;4648.245000;4645.995000;4648.245000;0
20260406 152600;4648.195000;4649.125000;4647.005000;4647.395000;0
20260406 152700;4647.475000;4649.055000;4647.015000;4648.515000;0
20260406 152800;4648.595000;4649.015000;4647.708000;4648.555000;0
20260406 152900;4648.585000;4650.235000;4648.585000;4649.815000;0
20260406 153000;4649.815000;4652.775000;4649.485000;4652.565000;0
20260406 153100;4652.635000;4653.565000;4651.065000;4651.125000;0
20260406 153200;4651.095000;4651.955000;4650.865000;4651.465000;0
20260406 153300;4651.445000;4651.825000;4651.165000;4651.635000;0
20260406 153400;4651.655000;4651.935000;4651.035000;4651.155000;0
20260406 153500;4651.185000;4652.945000;4650.605000;4652.865000;0
20260406 153600;4652.825000;4652.895000;4651.875000;4652.565000;0
20260406 153700;4652.535000;4652.715000;4651.815000;4652.555000;0
20260406 153800;4652.515000;4652.515000;4651.775000;4652.105000;0
20260406 153900;4652.045000;4652.165000;4650.415000;4650.865000;0
20260406 154000;4650.825000;4651.305000;4650.585000;4650.795000;0
20260406 154100;4650.755000;4650.785000;4648.505000;4648.755000;0
20260406 154200;4648.785000;4649.515000;4648.325000;4648.735000;0
20260406 154300;4648.775000;4650.125000;4648.395000;4649.935000;0
20260406 154400;4649.985000;4652.005000;4649.795000;4651.565000;0
20260406 154500;4651.495000;4654.335000;4651.315000;4653.765000;0
20260406 154600;4653.815000;4654.135000;4651.375000;4651.425000;0
20260406 154700;4651.375000;4652.555000;4651.265000;4652.105000;0
20260406 154800;4652.135000;4654.385000;4651.835000;4654.085000;0
20260406 154900;4654.085000;4655.255000;4653.995000;4655.145000;0
20260406 155000;4655.315000;4656.035000;4654.035000;4655.835000;0
20260406 155100;4655.815000;4655.815000;4654.095000;4654.965000;0
20260406 155200;4654.805000;4654.915000;4653.355000;4654.175000;0
20260406 155300;4654.195000;4655.838000;4653.958000;4655.405000;0
20260406 155400;4655.435000;4655.435000;4653.438000;4653.898000;0
20260406 155500;4653.898000;4657.855000;4653.898000;4655.845000;0
20260406 155600;4655.875000;4655.875000;4654.565000;4655.098000;0
20260406 155700;4655.105000;4655.105000;4654.158000;4654.325000;0
20260406 155800;4654.285000;4654.898000;4653.535000;4654.865000;0
20260406 155900;4654.885000;4655.545000;4654.298000;4655.098000;0
20260406 160000;4655.098000;4656.865000;4653.978000;4655.015000;0
20260406 160100;4655.105000;4655.425000;4653.405000;4654.115000;0
20260406 160200;4654.135000;4654.285000;4652.435000;4652.565000;0
20260406 160300;4652.595000;4655.165000;4652.595000;4654.085000;0
20260406 160400;4654.115000;4655.078000;4653.618000;4654.995000;0
20260406 160500;4654.965000;4654.985000;4653.385000;4653.385000;0
20260406 160600;4653.358000;4653.745000;4652.385000;4653.195000;0
20260406 160700;4653.225000;4653.295000;4652.305000;4652.325000;0
20260406 160800;4652.345000;4652.495000;4651.905000;4652.185000;0
20260406 160900;4652.225000;4652.855000;4651.895000;4652.795000;0
20260406 161000;4653.355000;4654.045000;4652.875000;4653.705000;0
20260406 161100;4653.725000;4655.425000;4653.105000;4654.985000;0
20260406 161200;4654.955000;4655.455000;4654.658000;4655.205000;0
20260406 161300;4655.505000;4655.975000;4655.145000;4655.485000;0
20260406 161400;4655.505000;4657.105000;4655.375000;4656.865000;0
20260406 161500;4656.845000;4657.055000;4656.545000;4656.715000;0
20260406 161600;4656.685000;4657.355000;4656.375000;4657.205000;0
20260406 161700;4657.135000;4657.495000;4656.715000;4656.915000;0
20260406 161800;4656.935000;4657.205000;4656.505000;4657.035000;0
20260406 161900;4657.005000;4657.175000;4655.915000;4656.435000;0
20260406 162000;4656.435000;4656.585000;4656.195000;4656.285000;0
20260406 162100;4656.245000;4657.765000;4656.245000;4657.665000;0
20260406 162200;4657.265000;4657.295000;4655.365000;4655.575000;0
20260406 162300;4655.525000;4655.995000;4655.255000;4655.995000;0
20260406 162400;4656.075000;4656.695000;4655.955000;4656.085000;0
20260406 162500;4656.005000;4656.235000;4655.945000;4656.235000;0
20260406 162600;4656.215000;4656.905000;4656.035000;4656.895000;0
20260406 162700;4656.895000;4657.095000;4656.035000;4656.605000;0
20260406 162800;4656.335000;4656.465000;4656.025000;4656.175000;0
20260406 162900;4656.175000;4656.915000;4655.395000;4655.695000;0
20260406 163000;4655.725000;4656.855000;4655.725000;4656.805000;0
20260406 163100;4656.825000;4657.135000;4656.378000;4657.095000;0
20260406 163200;4657.115000;4657.645000;4656.635000;4657.645000;0
20260406 163300;4657.675000;4658.125000;4657.495000;4657.665000;0
20260406 163400;4657.685000;4657.885000;4656.575000;4656.605000;0
20260406 163500;4656.605000;4656.675000;4655.865000;4656.045000;0
20260406 163600;4656.085000;4656.265000;4655.355000;4655.395000;0
20260406 163700;4655.415000;4656.085000;4654.865000;4655.745000;0
20260406 163800;4655.715000;4655.745000;4654.595000;4655.555000;0
20260406 163900;4655.555000;4655.595000;4651.725000;4652.115000;0
20260406 164000;4652.075000;4652.415000;4650.875000;4651.285000;0
20260406 164100;4651.285000;4652.925000;4650.985000;4652.415000;0
20260406 164200;4652.538000;4653.765000;4652.315000;4653.135000;0
20260406 164300;4653.165000;4653.485000;4652.965000;4653.305000;0
20260406 164400;4653.165000;4653.315000;4652.375000;4652.875000;0
20260406 164500;4652.915000;4654.215000;4652.445000;4652.945000;0
20260406 164600;4652.975000;4653.585000;4652.975000;4653.325000;0
20260406 164700;4653.235000;4653.265000;4651.985000;4652.205000;0
20260406 164800;4652.495000;4652.545000;4650.885000;4651.185000;0
20260406 164900;4651.165000;4651.165000;4649.805000;4650.095000;0
20260406 165000;4650.065000;4650.065000;4649.325000;4650.035000;0
20260406 165100;4650.055000;4650.955000;4650.035000;4650.855000;0
20260406 165200;4650.875000;4651.195000;4649.965000;4650.225000;0
20260406 165300;4650.225000;4651.795000;4650.185000;4651.235000;0
20260406 165400;4651.275000;4651.925000;4650.965000;4651.835000;0
20260406 165500;4651.925000;4651.925000;4650.975000;4651.175000;0
20260406 165600;4651.195000;4651.655000;4650.735000;4651.605000;0
20260406 165700;4651.585000;4651.695000;4648.855000;4649.535000;0
20260406 165800;4649.505000;4650.645000;4649.505000;4650.235000;0
20260406 165900;4650.275000;4650.275000;4646.848000;4648.605000;0
20260406 180000;4648.898000;4659.965000;4648.858000;4658.425000;0
20260406 180100;4657.205000;4663.745000;4657.205000;4663.745000;0
20260406 180200;4663.765000;4666.235000;4660.445000;4663.675000;0
20260406 180300;4663.605000;4665.135000;4660.925000;4662.675000;0
20260406 180400;4662.685000;4663.095000;4660.225000;4661.425000;0
20260406 180500;4661.535000;4667.615000;4660.675000;4667.475000;0
20260406 180600;4667.445000;4667.585000;4664.375000;4664.895000;0
20260406 180700;4664.905000;4664.975000;4661.898000;4663.895000;0
20260406 180800;4663.905000;4666.805000;4663.905000;4664.795000;0
20260406 180900;4664.985000;4666.965000;4664.515000;4666.875000;0
20260406 181000;4666.885000;4667.515000;4665.215000;4665.955000;0
20260406 181100;4665.855000;4666.045000;4664.275000;4664.435000;0
20260406 181200;4664.445000;4667.275000;4664.445000;4665.615000;0
20260406 181300;4665.635000;4665.635000;4664.235000;4664.235000;0
20260406 181400;4664.265000;4664.975000;4663.185000;4663.235000;0
20260406 181500;4663.245000;4663.605000;4661.455000;4663.125000;0
20260406 181600;4663.115000;4663.545000;4661.695000;4663.285000;0
20260406 181700;4663.315000;4665.325000;4663.225000;4664.945000;0
20260406 181800;4664.915000;4665.915000;4664.885000;4664.985000;0
20260406 181900;4664.955000;4664.955000;4663.975000;4664.305000;0
20260406 182000;4664.315000;4665.065000;4663.485000;4663.555000;0
20260406 182100;4663.605000;4663.825000;4662.895000;4663.375000;0
20260406 182200;4663.395000;4663.445000;4660.725000;4661.585000;0
20260406 182300;4661.555000;4661.685000;4658.765000;4659.425000;0
20260406 182400;4659.405000;4660.845000;4658.885000;4660.845000;0
20260406 182500;4660.815000;4662.545000;4660.675000;4661.895000;0
20260406 182600;4661.995000;4662.765000;4660.555000;4661.205000;0
20260406 182700;4661.175000;4662.145000;4660.955000;4661.335000;0
20260406 182800;4661.365000;4661.515000;4660.235000;4660.265000;0
20260406 182900;4660.975000;4661.875000;4660.855000;4661.875000;0
20260406 183000;4661.835000;4662.705000;4661.555000;4662.545000;0
20260406 183100;4662.585000;4662.585000;4660.895000;4661.375000;0
20260406 183200;4661.295000;4661.295000;4659.528000;4660.015000;0
20260406 183300;4659.995000;4660.455000;4658.675000;4660.455000;0
20260406 183400;4660.425000;4660.445000;4659.325000;4659.705000;0
20260406 183500;4659.795000;4659.995000;4658.585000;4659.705000;0
20260406 183600;4659.605000;4659.685000;4659.515000;4659.605000;0
20260406 183700;4659.565000;4661.265000;4658.655000;4661.175000;0
20260406 183800;4661.195000;4661.485000;4659.905000;4660.295000;0
20260406 183900;4660.305000;4660.995000;4660.015000;4660.055000;0
20260406 184000;4660.075000;4660.935000;4660.075000;4660.678000;0
20260406 184100;4660.678000;4661.158000;4660.455000;4660.505000;0
20260406 184200;4660.658000;4661.325000;4660.615000;4660.625000;0
20260406 184300;4660.655000;4660.765000;4659.775000;4659.885000;0
20260406 184400;4659.845000;4659.865000;4658.848000;4658.878000;0
20260406 184500;4658.838000;4660.015000;4657.785000;4660.005000;0
20260406 184600;4660.025000;4660.355000;4659.885000;4660.215000;0
20260406 184700;4660.235000;4660.635000;4660.235000;4660.635000;0
20260406 184800;4660.615000;4661.965000;4660.375000;4661.465000;0
20260406 184900;4661.695000;4661.775000;4660.285000;4660.798000;0
20260406 185000;4660.798000;4661.248000;4658.998000;4659.345000;0
20260406 185100;4659.445000;4659.655000;4659.015000;4659.095000;0
20260406 185200;4659.155000;4659.155000;4658.515000;4658.625000;0
20260406 185300;4658.575000;4659.135000;4657.498000;4657.498000;0
20260406 185400;4657.498000;4657.775000;4656.845000;4657.498000;0
20260406 185500;4657.398000;4657.898000;4657.105000;4657.175000;0
20260406 185600;4657.145000;4657.285000;4656.505000;4656.818000;0
20260406 185700;4656.695000;4657.038000;4656.398000;4656.925000;0
20260406 185800;4656.898000;4657.758000;4656.898000;4657.758000;0
20260406 185900;4657.758000;4658.038000;4657.678000;4657.838000;0
20260406 190000;4657.888000;4658.108000;4656.478000;4656.578000;0
20260406 190100;4656.658000;4658.638000;4656.568000;4658.248000;0
20260406 190200;4658.248000;4658.248000;4657.598000;4657.608000;0
20260406 190300;4657.598000;4658.408000;4657.598000;4658.408000;0
20260406 190400;4658.408000;4658.918000;4658.158000;4658.888000;0
20260406 190500;4658.898000;4660.648000;4658.898000;4659.518000;0
20260406 190600;4659.668000;4660.428000;4659.108000;4660.428000;0
20260406 190700;4660.428000;4660.528000;4657.348000;4658.218000;0
20260406 190800;4658.218000;4659.298000;4658.108000;4658.468000;0
20260406 190900;4658.468000;4659.788000;4658.138000;4659.588000;0
20260406 191000;4659.608000;4660.625000;4658.928000;4660.068000;0
20260406 191100;4660.068000;4660.068000;4659.245000;4659.545000;0
20260406 191200;4659.385000;4660.085000;4659.205000;4660.055000;0
20260406 191300;4660.085000;4660.535000;4660.085000;4660.235000;0
20260406 191400;4660.145000;4660.235000;4658.915000;4659.855000;0
20260406 191500;4659.805000;4660.165000;4659.645000;4659.965000;0
20260406 191600;4659.925000;4660.225000;4659.845000;4659.885000;0
20260406 191700;4659.925000;4660.045000;4659.255000;4659.965000;0
20260406 191800;4659.885000;4660.475000;4658.125000;4658.995000;0
20260406 191900;4658.955000;4658.955000;4657.645000;4658.115000;0
20260406 192000;4658.135000;4658.325000;4657.695000;4658.255000;0
20260406 192100;4658.235000;4658.235000;4654.198000;4654.445000;0
20260406 192200;4654.415000;4654.445000;4653.358000;4653.525000;0
20260406 192300;4654.025000;4654.265000;4653.035000;4653.495000;0
20260406 192400;4653.475000;4653.705000;4653.278000;4653.455000;0
20260406 192500;4653.435000;4654.045000;4652.965000;4653.825000;0
20260406 192600;4653.855000;4654.495000;4653.825000;4654.485000;0
20260406 192700;4654.505000;4654.505000;4653.658000;4654.135000;0
20260406 192800;4653.975000;4655.265000;4653.495000;4654.995000;0
20260406 192900;4655.025000;4655.175000;4654.195000;4654.195000;0
20260406 193000;4654.345000;4654.545000;4653.545000;4654.465000;0
20260406 193100;4654.505000;4654.895000;4653.755000;4653.755000;0
20260406 193200;4653.625000;4654.415000;4653.625000;4654.385000;0
20260406 193300;4654.415000;4654.755000;4654.255000;4654.675000;0
20260406 193400;4654.645000;4654.745000;4653.475000;4653.475000;0
20260406 193500;4653.615000;4653.655000;4651.705000;4652.145000;0
20260406 193600;4652.115000;4652.895000;4651.225000;4652.605000;0
20260406 193700;4652.635000;4654.395000;4652.335000;4653.795000;0
20260406 193800;4653.405000;4654.005000;4653.078000;4653.955000;0
20260406 193900;4654.255000;4655.135000;4654.255000;4654.805000;0
20260406 194000;4654.878000;4656.005000;4654.878000;4655.535000;0
20260406 194100;4655.555000;4655.975000;4655.495000;4655.535000;0
20260406 194200;4655.515000;4655.815000;4655.205000;4655.685000;0
20260406 194300;4655.715000;4655.715000;4653.365000;4653.385000;0
20260406 194400;4653.415000;4655.095000;4652.235000;4655.005000;0
20260406 194500;4654.955000;4657.185000;4654.775000;4656.565000;0
20260406 194600;4656.525000;4656.525000;4654.095000;4654.855000;0
20260406 194700;4654.835000;4655.905000;4654.835000;4655.675000;0
20260406 194800;4655.715000;4656.555000;4655.445000;4656.525000;0
20260406 194900;4656.505000;4656.775000;4655.995000;4656.175000;0
20260406 195000;4656.075000;4656.075000;4654.825000;4655.365000;0
20260406 195100;4655.385000;4657.515000;4655.385000;4657.415000;0
20260406 195200;4657.385000;4659.305000;4657.165000;4659.305000;0
20260406 195300;4659.325000;4659.495000;4657.975000;4658.985000;0
20260406 195400;4658.955000;4659.565000;4658.685000;4659.445000;0
20260406 195500;4659.405000;4659.635000;4658.875000;4658.925000;0
20260406 195600;4658.885000;4659.525000;4658.655000;4658.945000;0
20260406 195700;4658.925000;4658.995000;4657.355000;4657.965000;0
20260406 195800;4658.005000;4658.135000;4657.615000;4657.925000;0
20260406 195900;4657.945000;4660.165000;4657.935000;4658.555000;0
20260406 200000;4659.155000;4659.155000;4649.775000;4651.375000;0
20260406 200100;4651.345000;4652.105000;4648.925000;4649.905000;0
20260406 200200;4649.935000;4651.875000;4648.845000;4650.855000;0
20260406 200300;4650.895000;4652.235000;4649.745000;4650.525000;0
20260406 200400;4650.495000;4655.495000;4650.465000;4654.705000;0
20260406 200500;4654.775000;4655.405000;4651.998000;4652.585000;0
20260406 200600;4653.225000;4654.925000;4650.595000;4652.125000;0
20260406 200700;4652.085000;4653.055000;4651.055000;4651.145000;0
20260406 200800;4651.115000;4654.065000;4650.295000;4654.015000;0
20260406 200900;4653.985000;4654.565000;4652.995000;4653.525000;0
20260406 201000;4653.485000;4655.945000;4652.505000;4655.665000;0
20260406 201100;4655.685000;4657.475000;4655.535000;4656.945000;0
20260406 201200;4656.915000;4659.505000;4655.985000;4659.185000;0
20260406 201300;4659.235000;4660.405000;4658.555000;4659.715000;0
20260406 201400;4659.785000;4660.095000;4656.565000;4657.325000;0
20260406 201500;4657.205000;4660.895000;4657.165000;4659.985000;0
20260406 201600;4659.975000;4660.598000;4658.755000;4660.148000;0
20260406 201700;4660.148000;4660.705000;4659.445000;4660.145000;0
20260406 201800;4660.125000;4660.195000;4658.115000;4659.475000;0
20260406 201900;4659.415000;4659.905000;4657.645000;4658.265000;0
20260406 202000;4657.965000;4658.455000;4656.215000;4656.715000;0
20260406 202100;4656.715000;4659.435000;4656.205000;4658.185000;0
20260406 202200;4658.215000;4658.655000;4657.375000;4657.935000;0
20260406 202300;4657.955000;4659.285000;4656.555000;4656.555000;0
20260406 202400;4656.725000;4659.465000;4656.515000;4658.895000;0
20260406 202500;4658.865000;4660.365000;4658.565000;4659.105000;0
20260406 202600;4659.125000;4659.775000;4658.765000;4659.195000;0
20260406 202700;4659.215000;4659.525000;4657.815000;4657.915000;0
20260406 202800;4657.875000;4658.615000;4657.495000;4658.165000;0
20260406 202900;4658.125000;4659.535000;4657.955000;4658.895000;0
20260406 203000;4658.955000;4660.145000;4657.175000;4658.915000;0
20260406 203100;4658.935000;4660.975000;4658.695000;4660.185000;0
20260406 203200;4660.155000;4660.335000;4658.235000;4659.325000;0
20260406 203300;4659.285000;4660.245000;4659.105000;4659.845000;0
20260406 203400;4659.875000;4660.675000;4659.735000;4660.505000;0
20260406 203500;4660.535000;4660.885000;4660.135000;4660.605000;0
20260406 203600;4660.605000;4660.635000;4659.525000;4660.015000;0
20260406 203700;4660.015000;4660.715000;4659.505000;4660.165000;0
20260406 203800;4660.195000;4660.845000;4659.535000;4660.815000;0
20260406 203900;4660.785000;4661.035000;4659.935000;4660.055000;0
20260406 204000;4660.055000;4660.565000;4659.918000;4659.955000;0
20260406 204100;4659.985000;4661.065000;4659.775000;4660.725000;0
20260406 204200;4660.765000;4660.805000;4659.845000;4660.095000;0
20260406 204300;4660.065000;4660.695000;4658.285000;4660.575000;0
20260406 204400;4660.575000;4660.645000;4659.895000;4660.465000;0
20260406 204500;4660.485000;4661.198000;4659.895000;4660.735000;0
20260406 204600;4660.755000;4661.320000;4659.005000;4659.195000;0
20260406 204700;4659.305000;4661.135000;4659.145000;4659.815000;0
20260406 204800;4659.765000;4660.855000;4658.845000;4659.015000;0
20260406 204900;4658.975000;4658.985000;4657.835000;4658.385000;0
20260406 205000;4658.465000;4658.945000;4656.765000;4656.775000;0
20260406 205100;4656.775000;4656.875000;4655.038000;4656.285000;0
20260406 205200;4656.285000;4659.025000;4655.938000;4658.745000;0
20260406 205300;4658.715000;4658.725000;4656.255000;4658.515000;0
20260406 205400;4658.495000;4659.135000;4656.335000;4657.215000;0
20260406 205500;4657.305000;4657.575000;4656.635000;4656.765000;0
20260406 205600;4656.785000;4656.995000;4655.385000;4656.105000;0
20260406 205700;4656.055000;4656.845000;4655.568000;4656.235000;0
20260406 205800;4656.235000;4657.615000;4655.875000;4656.415000;0
20260406 205900;4656.445000;4656.545000;4654.335000;4654.775000;0
20260406 210000;4654.715000;4654.715000;4624.528000;4642.985000;0
20260406 210100;4642.935000;4649.605000;4633.255000;4648.755000;0
20260406 210200;4648.825000;4658.285000;4648.825000;4657.335000;0
20260406 210300;4657.295000;4661.055000;4654.018000;4659.805000;0
20260406 210400;4659.525000;4661.885000;4657.865000;4661.365000;0
20260406 210500;4661.365000;4662.068000;4657.425000;4658.575000;0
20260406 210600;4658.555000;4661.555000;4658.555000;4659.805000;0
20260406 210700;4660.088000;4664.065000;4658.635000;4662.635000;0
20260406 210800;4662.655000;4664.265000;4656.665000;4658.255000;0
20260406 210900;4658.225000;4658.625000;4637.755000;4644.135000;0
20260406 211000;4643.558000;4645.625000;4628.785000;4636.225000;0
20260406 211100;4636.215000;4641.215000;4632.425000;4641.215000;0
20260406 211200;4641.265000;4645.095000;4638.795000;4638.825000;0
20260406 211300;4638.865000;4643.075000;4637.565000;4639.315000;0
20260406 211400;4639.295000;4641.315000;4637.135000;4640.505000;0
20260406 211500;4640.525000;4643.345000;4637.445000;4640.825000;0
20260406 211600;4640.885000;4648.505000;4638.575000;4646.465000;0
20260406 211700;4646.115000;4649.565000;4645.185000;4648.525000;0
20260406 211800;4648.675000;4650.735000;4646.215000;4648.025000;0
20260406 211900;4647.685000;4650.995000;4646.455000;4650.855000;0
20260406 212000;4650.565000;4657.235000;4650.225000;4654.365000;0
20260406 212100;4654.385000;4656.135000;4652.715000;4655.045000;0
20260406 212200;4655.065000;4655.745000;4651.595000;4653.965000;0
20260406 212300;4654.385000;4654.385000;4649.215000;4649.335000;0
20260406 212400;4649.238000;4651.965000;4648.805000;4649.705000;0
20260406 212500;4649.755000;4651.855000;4647.665000;4647.688000;0
20260406 212600;4647.745000;4651.645000;4645.605000;4651.615000;0
20260406 212700;4651.775000;4654.045000;4650.358000;4653.035000;0
20260406 212800;4653.015000;4653.685000;4650.655000;4652.405000;0
20260406 212900;4652.445000;4654.708000;4651.228000;4654.348000;0
20260406 213000;4654.485000;4655.605000;4650.755000;4652.655000;0
20260406 213100;4652.635000;4656.445000;4650.345000;4655.305000;0
20260406 213200;4655.395000;4660.525000;4655.325000;4659.405000;0
20260406 213300;4659.475000;4660.825000;4657.905000;4659.735000;0
20260406 213400;4659.755000;4662.305000;4656.855000;4657.335000;0
20260406 213500;4657.365000;4659.205000;4654.465000;4656.205000;0
20260406 213600;4656.185000;4657.855000;4651.515000;4652.095000;0
20260406 213700;4652.095000;4652.375000;4640.305000;4642.545000;0
20260406 213800;4642.555000;4644.545000;4629.615000;4634.075000;0
20260406 213900;4634.195000;4640.435000;4628.595000;4639.025000;0
20260406 214000;4639.405000;4641.305000;4634.775000;4637.445000;0
20260406 214100;4637.425000;4643.515000;4635.645000;4642.485000;0
20260406 214200;4642.355000;4647.275000;4641.655000;4643.315000;0
20260406 214300;4643.395000;4644.645000;4640.715000;4641.665000;0
20260406 214400;4641.865000;4642.325000;4638.265000;4641.485000;0
20260406 214500;4641.515000;4645.745000;4641.115000;4642.065000;0
20260406 214600;4642.275000;4646.125000;4642.035000;4645.805000;0
20260406 214700;4645.825000;4646.975000;4644.385000;4645.425000;0
20260406 214800;4645.795000;4645.795000;4639.175000;4640.605000;0
20260406 214900;4640.835000;4640.835000;4633.535000;4633.945000;0
20260406 215000;4633.985000;4636.215000;4629.615000;4635.995000;0
20260406 215100;4636.025000;4636.305000;4628.835000;4630.425000;0
20260406 215200;4630.885000;4631.565000;4619.278000;4620.395000;0
20260406 215300;4620.415000;4628.815000;4619.915000;4625.815000;0
20260406 215400;4625.945000;4628.455000;4625.115000;4627.005000;0
20260406 215500;4627.045000;4627.255000;4620.975000;4624.285000;0
20260406 215600;4624.255000;4624.285000;4616.025000;4617.385000;0
20260406 215700;4617.345000;4625.835000;4616.725000;4623.625000;0
20260406 215800;4623.655000;4626.205000;4623.115000;4624.285000;0
20260406 215900;4624.285000;4627.265000;4623.195000;4626.695000;0
20260406 220000;4626.725000;4629.035000;4623.365000;4628.405000;0
20260406 220100;4628.405000;4629.175000;4624.605000;4624.825000;0
20260406 220200;4624.815000;4629.005000;4623.348000;4626.755000;0
20260406 220300;4627.185000;4632.155000;4627.175000;4630.015000;0
20260406 220400;4630.045000;4630.555000;4627.585000;4627.765000;0
20260406 220500;4627.995000;4631.135000;4626.565000;4627.895000;0
20260406 220600;4627.925000;4629.925000;4626.975000;4629.455000;0
20260406 220700;4629.515000;4629.865000;4620.025000;4621.245000;0
20260406 220800;4620.745000;4627.305000;4619.625000;4627.125000;0
20260406 220900;4627.645000;4631.835000;4626.695000;4631.215000;0
20260406 221000;4631.255000;4634.165000;4631.255000;4632.575000;0
20260406 221100;4632.555000;4633.895000;4627.865000;4629.385000;0
20260406 221200;4629.435000;4629.725000;4627.515000;4628.155000;0
20260406 221300;4628.585000;4628.585000;4623.585000;4624.335000;0
20260406 221400;4624.385000;4628.615000;4624.055000;4626.445000;0
20260406 221500;4626.385000;4626.855000;4622.625000;4624.545000;0
20260406 221600;4624.515000;4626.865000;4624.495000;4625.745000;0
20260406 221700;4625.695000;4628.795000;4625.465000;4626.305000;0
20260406 221800;4626.485000;4630.045000;4626.485000;4629.355000;0
20260406 221900;4629.345000;4631.515000;4628.725000;4630.555000;0
20260406 222000;4630.585000;4631.515000;4629.005000;4630.595000;0
20260406 222100;4630.615000;4631.515000;4627.215000;4627.555000;0
20260406 222200;4627.585000;4629.605000;4626.395000;4628.655000;0
20260406 222300;4628.675000;4630.735000;4628.098000;4630.585000;0
20260406 222400;4630.485000;4631.635000;4628.965000;4630.015000;0
20260406 222500;4629.975000;4631.215000;4628.735000;4629.865000;0
20260406 222600;4630.015000;4631.095000;4629.395000;4630.975000;0
20260406 222700;4630.895000;4631.055000;4629.855000;4630.635000;0
20260406 222800;4630.575000;4633.625000;4630.575000;4632.535000;0
20260406 222900;4632.555000;4634.855000;4632.535000;4634.175000;0
20260406 223000;4633.395000;4639.465000;4633.325000;4637.905000;0
20260406 223100;4637.875000;4637.915000;4635.775000;4636.785000;0
20260406 223200;4637.065000;4638.595000;4636.075000;4637.275000;0
20260406 223300;4637.215000;4640.185000;4636.985000;4637.445000;0
20260406 223400;4637.585000;4638.535000;4636.915000;4637.575000;0
20260406 223500;4637.735000;4638.725000;4635.675000;4635.675000;0
20260406 223600;4635.675000;4639.085000;4635.015000;4638.765000;0
20260406 223700;4638.765000;4639.965000;4637.585000;4638.945000;0
20260406 223800;4639.098000;4640.725000;4637.915000;4639.435000;0
20260406 223900;4639.475000;4642.805000;4638.765000;4642.065000;0
20260406 224000;4642.065000;4643.515000;4640.885000;4642.655000;0
20260406 224100;4642.685000;4644.295000;4641.375000;4642.105000;0
20260406 224200;4642.055000;4642.985000;4641.305000;4642.425000;0
20260406 224300;4642.405000;4644.555000;4641.505000;4644.555000;0
20260406 224400;4644.678000;4646.575000;4643.865000;4645.935000;0
20260406 224500;4645.845000;4646.695000;4644.895000;4645.165000;0
20260406 224600;4645.205000;4648.705000;4645.035000;4648.365000;0
20260406 224700;4648.345000;4648.515000;4645.778000;4647.185000;0
20260406 224800;4647.235000;4651.765000;4647.225000;4651.675000;0
20260406 224900;4651.628000;4653.618000;4650.338000;4650.758000;0
20260406 225000;4650.748000;4653.085000;4650.538000;4653.015000;0
20260406 225100;4652.975000;4652.975000;4650.325000;4650.685000;0
20260406 225200;4650.695000;4652.835000;4649.295000;4652.785000;0
20260406 225300;4652.735000;4653.165000;4651.655000;4651.775000;0
20260406 225400;4651.725000;4652.358000;4650.005000;4650.245000;0
20260406 225500;4650.155000;4650.155000;4646.045000;4648.625000;0
20260406 225600;4648.545000;4648.895000;4647.065000;4647.695000;0
20260406 225700;4647.675000;4649.948000;4647.375000;4648.675000;0
20260406 225800;4648.788000;4650.528000;4648.195000;4649.758000;0
20260406 225900;4649.778000;4650.655000;4648.965000;4650.155000;0
20260406 230000;4650.065000;4650.198000;4648.735000;4648.735000;0
20260406 230100;4649.008000;4652.705000;4649.008000;4651.385000;0
20260406 230200;4651.665000;4653.785000;4651.115000;4653.635000;0
20260406 230300;4653.605000;4653.605000;4650.385000;4650.438000;0
20260406 230400;4650.448000;4650.978000;4647.375000;4647.748000;0
20260406 230500;4647.875000;4647.875000;4644.458000;4645.975000;0
20260406 230600;4646.035000;4647.855000;4642.945000;4643.535000;0
20260406 230700;4643.515000;4643.925000;4642.995000;4643.435000;0
20260406 230800;4643.525000;4645.165000;4641.115000;4645.015000;0
20260406 230900;4644.705000;4646.795000;4644.395000;4645.905000;0
20260406 231000;4645.885000;4647.655000;4645.685000;4645.915000;0
20260406 231100;4645.925000;4646.755000;4643.975000;4644.215000;0
20260406 231200;4644.245000;4644.985000;4643.305000;4644.675000;0
20260406 231300;4644.645000;4644.695000;4642.525000;4643.075000;0
20260406 231400;4643.105000;4645.235000;4642.515000;4644.825000;0
20260406 231500;4644.805000;4647.515000;4644.245000;4646.515000;0
20260406 231600;4646.385000;4646.805000;4644.865000;4645.725000;0
20260406 231700;4645.755000;4645.755000;4643.425000;4644.485000;0
20260406 231800;4644.505000;4645.055000;4643.505000;4643.825000;0
20260406 231900;4643.705000;4645.355000;4640.875000;4641.325000;0
20260406 232000;4641.245000;4642.335000;4639.395000;4642.295000;0
20260406 232100;4642.225000;4644.395000;4641.675000;4643.425000;0
20260406 232200;4643.395000;4643.755000;4641.805000;4643.115000;0
20260406 232300;4643.225000;4644.335000;4642.335000;4643.455000;0
20260406 232400;4643.325000;4643.375000;4641.195000;4641.825000;0
20260406 232500;4641.815000;4642.825000;4640.395000;4641.405000;0
20260406 232600;4641.385000;4641.605000;4639.495000;4640.345000;0
20260406 232700;4640.375000;4643.525000;4640.195000;4643.415000;0
20260406 232800;4643.385000;4643.565000;4642.065000;4642.955000;0
20260406 232900;4643.145000;4644.055000;4641.955000;4642.295000;0
20260406 233000;4642.265000;4644.575000;4641.705000;4644.575000;0
20260406 233100;4644.575000;4645.685000;4643.805000;4644.075000;0
20260406 233200;4644.135000;4647.798000;4644.105000;4647.225000;0
20260406 233300;4647.288000;4647.358000;4645.988000;4646.265000;0
20260406 233400;4646.225000;4646.265000;4645.195000;4645.555000;0
20260406 233500;4645.525000;4645.855000;4644.045000;4645.118000;0
20260406 233600;4645.115000;4645.475000;4642.645000;4643.665000;0
20260406 233700;4643.645000;4644.365000;4643.355000;4643.715000;0
20260406 233800;4643.718000;4645.115000;4643.715000;4645.045000;0
20260406 233900;4645.025000;4645.905000;4644.985000;4645.025000;0
20260406 234000;4645.125000;4646.618000;4644.295000;4645.805000;0
20260406 234100;4645.605000;4645.605000;4643.465000;4644.325000;0
20260406 234200;4644.265000;4645.465000;4644.165000;4645.465000;0
20260406 234300;4645.515000;4646.448000;4645.328000;4645.695000;0
20260406 234400;4645.728000;4647.978000;4645.695000;4647.668000;0
20260406 234500;4647.645000;4648.888000;4647.425000;4648.575000;0
20260406 234600;4648.615000;4649.115000;4648.535000;4648.795000;0
20260406 234700;4648.715000;4649.038000;4647.568000;4648.588000;0
20260406 234800;4648.648000;4648.648000;4647.668000;4648.118000;0
20260406 234900;4648.038000;4648.298000;4646.918000;4647.218000;0
20260406 235000;4647.248000;4649.068000;4646.778000;4648.538000;0
20260406 235100;4648.648000;4648.948000;4648.538000;4648.848000;0
20260406 235200;4648.705000;4648.958000;4647.628000;4648.818000;0
20260406 235300;4648.948000;4649.268000;4647.738000;4647.948000;0
20260406 235400;4648.038000;4648.558000;4647.588000;4647.588000;0
20260406 235500;4647.598000;4648.368000;4647.258000;4648.338000;0
20260406 235600;4648.348000;4649.128000;4648.238000;4648.405000;0
20260406 235700;4648.288000;4650.028000;4648.188000;4649.248000;0
20260406 235800;4649.338000;4650.705000;4649.175000;4649.438000;0
20260406 235900;4649.428000;4649.578000;4648.008000;4649.268000;0
20260407 000000;4649.228000;4650.038000;4648.125000;4649.205000;0
20260407 000100;4649.208000;4650.535000;4648.205000;4650.445000;0
20260407 000200;4650.515000;4651.018000;4649.478000;4649.478000;0
20260407 000300;4649.308000;4650.698000;4648.958000;4650.468000;0
20260407 000400;4650.478000;4650.618000;4648.468000;4648.978000;0
20260407 000500;4649.008000;4649.088000;4647.498000;4648.378000;0
20260407 000600;4648.398000;4649.008000;4647.248000;4648.528000;0
20260407 000700;4648.538000;4648.758000;4647.918000;4648.395000;0
20260407 000800;4648.445000;4649.248000;4648.338000;4648.818000;0
20260407 000900;4648.848000;4649.078000;4647.935000;4648.175000;0
20260407 001000;4648.175000;4649.205000;4647.755000;4648.545000;0
20260407 001100;4648.525000;4648.688000;4646.825000;4647.305000;0
20260407 001200;4647.285000;4647.285000;4646.035000;4646.215000;0
20260407 001300;4646.245000;4646.615000;4645.455000;4645.455000;0
20260407 001400;4645.455000;4645.855000;4645.185000;4645.745000;0
20260407 001500;4645.775000;4647.805000;4645.685000;4647.315000;0
20260407 001600;4647.358000;4648.985000;4647.315000;4648.228000;0
20260407 001700;4648.255000;4648.685000;4645.955000;4646.045000;0
20260407 001800;4646.025000;4647.775000;4645.295000;4647.595000;0
20260407 001900;4647.625000;4649.055000;4647.075000;4648.855000;0
20260407 002000;4648.805000;4648.918000;4647.725000;4647.725000;0
20260407 002100;4647.745000;4648.795000;4647.745000;4648.145000;0
20260407 002200;4648.065000;4648.818000;4647.525000;4647.525000;0
20260407 002300;4647.495000;4649.165000;4647.345000;4649.165000;0
20260407 002400;4649.135000;4649.298000;4648.455000;4649.298000;0
20260407 002500;4649.298000;4650.188000;4648.915000;4649.205000;0
20260407 002600;4649.155000;4649.785000;4648.765000;4649.565000;0
20260407 002700;4649.545000;4649.785000;4648.985000;4649.445000;0
20260407 002800;4649.395000;4650.115000;4649.125000;4649.405000;0
20260407 002900;4649.455000;4650.975000;4649.405000;4649.775000;0
20260407 003000;4649.905000;4652.665000;4649.175000;4652.135000;0
20260407 003100;4651.775000;4655.695000;4651.155000;4654.705000;0
20260407 003200;4654.705000;4656.925000;4654.705000;4655.835000;0
20260407 003300;4655.835000;4656.428000;4653.695000;4656.018000;0
20260407 003400;4655.955000;4658.355000;4655.898000;4658.355000;0
20260407 003500;4658.315000;4660.085000;4658.315000;4658.685000;0
20260407 003600;4658.735000;4659.005000;4657.385000;4658.555000;0
20260407 003700;4658.465000;4658.585000;4656.845000;4658.195000;0
20260407 003800;4658.255000;4659.985000;4658.235000;4659.095000;0
20260407 003900;4659.158000;4660.355000;4658.045000;4658.105000;0
20260407 004000;4658.135000;4662.105000;4657.965000;4659.928000;0
20260407 004100;4659.948000;4660.808000;4659.145000;4660.065000;0
20260407 004200;4659.858000;4663.818000;4659.668000;4661.018000;0
20260407 004300;4660.998000;4661.655000;4660.198000;4661.225000;0
20260407 004400;4661.275000;4662.648000;4660.685000;4661.778000;0
20260407 004500;4661.748000;4662.135000;4660.385000;4661.338000;0
20260407 004600;4661.298000;4662.365000;4660.558000;4660.558000;0
20260407 004700;4660.535000;4662.098000;4659.748000;4661.578000;0
20260407 004800;4661.598000;4663.028000;4661.538000;4663.028000;0
20260407 004900;4662.998000;4662.998000;4660.025000;4660.848000;0
20260407 005000;4660.848000;4663.508000;4660.555000;4662.135000;0
20260407 005100;4662.115000;4662.135000;4660.935000;4661.828000;0
20260407 005200;4661.828000;4662.008000;4660.848000;4662.008000;0
20260407 005300;4662.018000;4662.298000;4660.748000;4660.998000;0
20260407 005400;4660.998000;4662.188000;4660.588000;4661.668000;0
20260407 005500;4661.678000;4662.768000;4660.955000;4661.838000;0
20260407 005600;4661.898000;4661.995000;4660.785000;4660.785000;0
20260407 005700;4660.775000;4661.208000;4659.695000;4660.938000;0
20260407 005800;4661.308000;4661.348000;4660.178000;4660.208000;0
20260407 005900;4660.278000;4660.758000;4658.818000;4659.248000;0
20260407 010000;4659.788000;4660.948000;4659.308000;4659.618000;0
20260407 010100;4659.618000;4660.238000;4658.625000;4659.128000;0
20260407 010200;4659.138000;4659.698000;4658.048000;4659.445000;0
20260407 010300;4659.435000;4659.435000;4656.908000;4657.315000;0
20260407 010400;4657.215000;4657.225000;4655.455000;4656.475000;0
20260407 010500;4656.445000;4657.285000;4656.045000;4657.285000;0
20260407 010600;4657.235000;4657.955000;4656.485000;4656.485000;0
20260407 010700;4656.465000;4656.995000;4655.645000;4655.995000;0
20260407 010800;4655.998000;4656.228000;4655.515000;4655.585000;0
20260407 010900;4655.485000;4655.485000;4654.175000;4655.265000;0
20260407 011000;4655.195000;4655.305000;4654.485000;4654.495000;0
20260407 011100;4654.465000;4654.765000;4653.895000;4654.065000;0
20260407 011200;4654.085000;4654.745000;4653.895000;4654.075000;0
20260407 011300;4654.045000;4656.145000;4653.885000;4655.925000;0
20260407 011400;4655.975000;4655.975000;4655.275000;4655.335000;0
20260407 011500;4655.315000;4655.425000;4654.525000;4654.815000;0
20260407 011600;4654.785000;4657.585000;4654.545000;4655.905000;0
20260407 011700;4655.935000;4656.015000;4654.215000;4654.405000;0
20260407 011800;4654.385000;4654.765000;4653.478000;4654.185000;0
20260407 011900;4654.215000;4654.758000;4653.825000;4654.245000;0
20260407 012000;4654.285000;4654.285000;4653.315000;4653.605000;0
20260407 012100;4653.778000;4653.855000;4652.875000;4653.215000;0
20260407 012200;4653.245000;4653.598000;4652.395000;4652.485000;0
20260407 012300;4652.335000;4652.335000;4649.655000;4651.045000;0
20260407 012400;4650.815000;4650.915000;4646.928000;4646.928000;0
20260407 012500;4646.125000;4647.105000;4643.185000;4643.545000;0
20260407 012600;4643.515000;4644.095000;4637.035000;4638.695000;0
20260407 012700;4638.615000;4639.265000;4635.905000;4636.265000;0
20260407 012800;4636.265000;4636.265000;4631.278000;4631.795000;0
20260407 012900;4631.745000;4634.795000;4630.215000;4632.065000;0
20260407 013000;4632.015000;4633.005000;4622.745000;4626.005000;0
20260407 013100;4626.045000;4633.405000;4624.478000;4628.935000;0
20260407 013200;4629.028000;4638.865000;4627.638000;4635.145000;0
20260407 013300;4635.165000;4636.745000;4631.418000;4635.865000;0
20260407 013400;4635.688000;4637.425000;4631.535000;4631.535000;0
20260407 013500;4631.515000;4635.235000;4629.685000;4633.925000;0
20260407 013600;4633.955000;4635.825000;4633.485000;4634.345000;0
20260407 013700;4634.375000;4639.025000;4634.035000;4639.025000;0
20260407 013800;4639.025000;4639.625000;4636.875000;4638.825000;0
20260407 013900;4638.805000;4641.335000;4636.645000;4639.125000;0
20260407 014000;4639.155000;4640.625000;4638.078000;4638.425000;0
20260407 014100;4638.415000;4638.415000;4630.725000;4632.975000;0
20260407 014200;4632.945000;4634.625000;4630.215000;4634.625000;0
20260407 014300;4634.655000;4634.655000;4629.878000;4633.795000;0
20260407 014400;4633.815000;4633.985000;4630.335000;4630.965000;0
20260407 014500;4631.095000;4632.985000;4628.945000;4632.985000;0
20260407 014600;4633.015000;4638.265000;4633.015000;4636.495000;0
20260407 014700;4636.545000;4637.605000;4633.675000;4637.505000;0
20260407 014800;4637.575000;4637.845000;4635.085000;4636.325000;0
20260407 014900;4636.345000;4637.445000;4634.845000;4635.318000;0
20260407 015000;4635.285000;4640.845000;4635.285000;4639.925000;0
20260407 015100;4639.955000;4640.585000;4638.505000;4639.035000;0
20260407 015200;4638.995000;4639.935000;4637.165000;4638.925000;0
20260407 015300;4638.855000;4640.245000;4638.265000;4640.085000;0
20260407 015400;4640.125000;4640.185000;4637.825000;4638.745000;0
20260407 015500;4638.715000;4641.975000;4637.905000;4641.905000;0
20260407 015600;4641.925000;4646.205000;4641.925000;4645.895000;0
20260407 015700;4645.985000;4646.075000;4643.005000;4644.115000;0
20260407 015800;4644.095000;4644.145000;4640.865000;4641.485000;0
20260407 015900;4641.165000;4643.685000;4641.025000;4642.625000;0
20260407 020000;4642.625000;4643.055000;4637.755000;4641.765000;0
20260407 020100;4641.805000;4642.065000;4639.845000;4640.715000;0
20260407 020200;4640.915000;4642.125000;4640.355000;4640.835000;0
20260407 020300;4640.835000;4643.355000;4639.185000;4641.575000;0
20260407 020400;4641.505000;4645.945000;4640.785000;4645.355000;0
20260407 020500;4645.255000;4645.775000;4643.055000;4643.555000;0
20260407 020600;4643.525000;4644.165000;4642.015000;4643.555000;0
20260407 020700;4643.738000;4646.185000;4643.605000;4644.225000;0
20260407 020800;4644.255000;4645.995000;4643.695000;4645.125000;0
20260407 020900;4645.145000;4645.725000;4642.525000;4643.825000;0
20260407 021000;4643.855000;4645.375000;4643.275000;4643.415000;0
20260407 021100;4643.355000;4646.555000;4641.895000;4646.555000;0
20260407 021200;4646.575000;4647.205000;4643.415000;4643.875000;0
20260407 021300;4643.895000;4646.478000;4642.615000;4644.918000;0
20260407 021400;4644.938000;4647.745000;4644.135000;4646.788000;0
20260407 021500;4646.788000;4648.115000;4645.545000;4647.775000;0
20260407 021600;4647.745000;4648.895000;4644.915000;4645.385000;0
20260407 021700;4645.418000;4648.135000;4645.115000;4645.815000;0
20260407 021800;4645.815000;4646.115000;4643.305000;4643.465000;0
20260407 021900;4643.485000;4644.085000;4641.395000;4642.625000;0
20260407 022000;4642.675000;4643.375000;4640.955000;4641.458000;0
20260407 022100;4641.455000;4642.145000;4638.328000;4641.395000;0
20260407 022200;4641.625000;4642.725000;4637.725000;4639.275000;0
20260407 022300;4639.275000;4640.175000;4638.385000;4638.875000;0
20260407 022400;4638.855000;4642.225000;4638.745000;4642.215000;0
20260407 022500;4642.215000;4644.555000;4641.965000;4643.905000;0
20260407 022600;4643.875000;4644.605000;4640.765000;4641.375000;0
20260407 022700;4641.565000;4641.955000;4639.785000;4640.555000;0
20260407 022800;4640.585000;4641.765000;4638.815000;4641.195000;0
20260407 022900;4641.498000;4643.405000;4640.705000;4640.705000;0
20260407 023000;4640.515000;4643.455000;4640.515000;4643.245000;0
20260407 023100;4643.175000;4643.885000;4641.405000;4642.645000;0
20260407 023200;4642.615000;4643.135000;4640.945000;4642.485000;0
20260407 023300;4642.515000;4646.085000;4642.515000;4645.595000;0
20260407 023400;4645.595000;4645.595000;4643.515000;4643.515000;0
20260407 023500;4643.495000;4645.315000;4642.395000;4645.215000;0
20260407 023600;4645.215000;4647.245000;4642.565000;4643.775000;0
20260407 023700;4643.745000;4645.988000;4642.915000;4643.455000;0
20260407 023800;4643.415000;4645.355000;4643.148000;4645.185000;0
20260407 023900;4645.155000;4646.475000;4644.185000;4645.575000;0
20260407 024000;4645.575000;4645.695000;4643.335000;4643.555000;0
20260407 024100;4643.515000;4645.555000;4643.045000;4645.195000;0
20260407 024200;4645.195000;4650.855000;4645.195000;4650.805000;0
20260407 024300;4650.855000;4653.405000;4650.395000;4652.855000;0
20260407 024400;4652.555000;4652.685000;4650.735000;4652.015000;0
20260407 024500;4651.995000;4652.048000;4649.515000;4650.935000;0
20260407 024600;4650.935000;4651.595000;4649.495000;4650.975000;0
20260407 024700;4651.005000;4652.455000;4650.305000;4650.355000;0
20260407 024800;4650.355000;4650.865000;4648.428000;4649.115000;0
20260407 024900;4649.095000;4650.795000;4648.428000;4650.535000;0
20260407 025000;4650.535000;4652.715000;4650.015000;4651.615000;0
20260407 025100;4651.655000;4652.355000;4651.365000;4652.005000;0
20260407 025200;4651.975000;4653.585000;4650.875000;4653.025000;0
20260407 025300;4653.045000;4653.525000;4651.565000;4652.775000;0
20260407 025400;4652.775000;4655.105000;4652.235000;4653.285000;0
20260407 025500;4653.285000;4654.495000;4652.475000;4654.475000;0
20260407 025600;4654.445000;4654.445000;4652.845000;4653.355000;0
20260407 025700;4653.405000;4656.125000;4653.285000;4654.545000;0
20260407 025800;4654.565000;4655.565000;4653.155000;4653.305000;0
20260407 025900;4653.305000;4654.065000;4652.595000;4652.945000;0
20260407 030000;4652.975000;4655.005000;4652.295000;4652.625000;0
20260407 030100;4652.625000;4653.335000;4649.935000;4653.275000;0
20260407 030200;4653.255000;4653.435000;4649.765000;4651.155000;0
20260407 030300;4651.185000;4652.955000;4650.795000;4652.175000;0
20260407 030400;4652.305000;4653.025000;4650.505000;4651.655000;0
20260407 030500;4651.675000;4651.975000;4649.675000;4651.705000;0
20260407 030600;4651.705000;4652.345000;4649.865000;4651.495000;0
20260407 030700;4651.465000;4652.695000;4649.295000;4652.245000;0
20260407 030800;4652.225000;4652.745000;4648.798000;4650.688000;0
20260407 030900;4650.628000;4655.568000;4649.995000;4653.685000;0
20260407 031000;4653.875000;4655.098000;4653.285000;4654.945000;0
20260407 031100;4654.888000;4656.615000;4651.848000;4652.935000;0
20260407 031200;4652.975000;4653.795000;4651.838000;4652.518000;0
20260407 031300;4652.558000;4652.558000;4648.558000;4651.618000;0
20260407 031400;4651.608000;4652.238000;4650.748000;4651.098000;0
20260407 031500;4651.098000;4651.358000;4648.245000;4648.748000;0
20260407 031600;4648.758000;4650.998000;4648.598000;4649.918000;0
20260407 031700;4649.898000;4652.698000;4649.698000;4652.698000;0
20260407 031800;4652.755000;4653.478000;4651.108000;4653.205000;0
20260407 031900;4653.088000;4653.088000;4651.195000;4651.495000;0
20260407 032000;4651.465000;4653.575000;4651.465000;4651.675000;0
20260407 032100;4651.755000;4652.605000;4651.035000;4651.035000;0
20260407 032200;4651.005000;4651.005000;4648.198000;4649.055000;0
20260407 032300;4649.055000;4649.175000;4645.375000;4647.005000;0
20260407 032400;4646.748000;4648.355000;4646.325000;4648.075000;0
20260407 032500;4648.105000;4648.945000;4647.465000;4647.745000;0
20260407 032600;4647.645000;4647.775000;4638.398000;4640.495000;0
20260407 032700;4640.555000;4642.438000;4639.855000;4640.745000;0
20260407 032800;4640.795000;4640.965000;4638.765000;4640.705000;0
20260407 032900;4640.555000;4641.235000;4638.745000;4639.475000;0
20260407 033000;4639.435000;4642.115000;4638.918000;4640.655000;0
20260407 033100;4640.615000;4640.825000;4637.535000;4638.525000;0
20260407 033200;4638.525000;4641.415000;4636.465000;4641.385000;0
20260407 033300;4641.385000;4643.715000;4641.055000;4643.715000;0
20260407 033400;4643.695000;4643.865000;4642.575000;4642.755000;0
20260407 033500;4642.775000;4644.775000;4642.675000;4644.775000;0
20260407 033600;4644.595000;4646.375000;4644.595000;4645.905000;0
20260407 033700;4645.715000;4645.815000;4644.255000;4645.205000;0
20260407 033800;4645.185000;4646.035000;4644.545000;4645.295000;0
20260407 033900;4645.275000;4646.315000;4644.465000;4645.995000;0
20260407 034000;4645.945000;4645.945000;4644.765000;4644.885000;0
20260407 034100;4644.905000;4644.995000;4641.985000;4642.075000;0
20260407 034200;4642.115000;4642.735000;4640.008000;4640.695000;0
20260407 034300;4640.675000;4643.065000;4640.645000;4643.025000;0
20260407 034400;4643.175000;4643.558000;4642.645000;4643.305000;0
20260407 034500;4643.585000;4643.585000;4641.555000;4641.978000;0
20260407 034600;4641.905000;4643.298000;4641.238000;4642.858000;0
20260407 034700;4642.818000;4643.025000;4641.425000;4641.785000;0
20260407 034800;4641.765000;4643.605000;4641.615000;4643.158000;0
20260407 034900;4643.158000;4643.335000;4642.155000;4642.865000;0
20260407 035000;4642.885000;4642.925000;4641.545000;4642.565000;0
20260407 035100;4642.545000;4644.515000;4639.725000;4639.975000;0
20260407 035200;4639.975000;4640.735000;4638.705000;4638.895000;0
20260407 035300;4639.045000;4640.245000;4638.645000;4639.315000;0
20260407 035400;4639.315000;4640.435000;4638.865000;4639.168000;0
20260407 035500;4638.995000;4641.645000;4638.505000;4641.118000;0
20260407 035600;4641.138000;4641.858000;4640.435000;4641.575000;0
20260407 035700;4641.575000;4643.058000;4641.565000;4642.558000;0
20260407 035800;4642.555000;4644.905000;4642.538000;4644.598000;0
20260407 035900;4644.618000;4646.885000;4644.338000;4645.795000;0
20260407 040000;4645.765000;4646.535000;4643.785000;4645.185000;0
20260407 040100;4645.338000;4649.298000;4644.945000;4648.345000;0
20260407 040200;4648.345000;4659.845000;4648.295000;4656.478000;0
20260407 040300;4656.218000;4656.718000;4651.585000;4652.465000;0
20260407 040400;4652.695000;4653.525000;4648.975000;4650.075000;0
20260407 040500;4650.055000;4652.355000;4648.385000;4651.385000;0
20260407 040600;4651.335000;4652.135000;4649.405000;4651.365000;0
20260407 040700;4651.325000;4652.758000;4650.605000;4651.195000;0
20260407 040800;4651.175000;4653.355000;4650.355000;4650.475000;0
20260407 040900;4650.445000;4652.085000;4650.358000;4651.225000;0
20260407 041000;4651.185000;4652.645000;4650.345000;4651.538000;0
20260407 041100;4651.538000;4656.585000;4650.905000;4655.358000;0
20260407 041200;4655.438000;4660.095000;4655.318000;4658.365000;0
20260407 041300;4658.225000;4661.765000;4657.125000;4661.258000;0
20260407 041400;4661.278000;4665.125000;4659.598000;4663.365000;0
20260407 041500;4663.375000;4663.905000;4659.985000;4663.825000;0
20260407 041600;4663.855000;4664.175000;4660.905000;4662.045000;0
20260407 041700;4662.018000;4662.018000;4656.735000;4657.385000;0
20260407 041800;4657.445000;4659.425000;4657.015000;4659.385000;0
20260407 041900;4659.315000;4662.735000;4658.925000;4661.198000;0
20260407 042000;4661.198000;4675.258000;4659.398000;4675.258000;0
20260407 042100;4675.418000;4683.845000;4670.965000;4681.745000;0
20260407 042200;4681.865000;4686.655000;4681.015000;4684.818000;0
20260407 042300;4684.838000;4690.418000;4683.398000;4687.478000;0
20260407 042400;4687.558000;4690.235000;4683.195000;4683.948000;0
20260407 042500;4683.715000;4686.925000;4682.568000;4684.878000;0
20260407 042600;4684.878000;4685.098000;4680.938000;4682.235000;0
20260407 042700;4682.248000;4682.928000;4679.818000;4681.288000;0
20260407 042800;4681.375000;4682.138000;4677.985000;4678.785000;0
20260407 042900;4678.745000;4679.558000;4677.068000;4677.968000;0
20260407 043000;4677.858000;4680.328000;4676.625000;4679.045000;0
20260407 043100;4678.525000;4683.965000;4678.525000;4683.735000;0
20260407 043200;4683.425000;4686.465000;4683.205000;4683.365000;0
20260407 043300;4683.345000;4684.355000;4680.815000;4681.525000;0
20260407 043400;4681.395000;4684.655000;4680.438000;4684.565000;0
20260407 043500;4684.545000;4685.518000;4681.838000;4684.325000;0
20260407 043600;4684.485000;4687.595000;4684.135000;4685.885000;0
20260407 043700;4685.905000;4685.905000;4683.425000;4685.285000;0
20260407 043800;4685.325000;4686.295000;4681.575000;4681.865000;0
20260407 043900;4681.858000;4682.568000;4680.555000;4681.285000;0
20260407 044000;4681.268000;4681.418000;4679.178000;4679.715000;0
20260407 044100;4679.838000;4680.655000;4678.855000;4679.335000;0
20260407 044200;4679.385000;4682.618000;4678.698000;4680.218000;0
20260407 044300;4680.258000;4682.978000;4679.488000;4682.898000;0
20260407 044400;4682.778000;4683.525000;4682.315000;4682.665000;0
20260407 044500;4682.665000;4687.205000;4682.475000;4686.315000;0
20260407 044600;4686.295000;4686.458000;4678.738000;4681.235000;0
20260407 044700;4681.275000;4681.605000;4680.198000;4680.725000;0
20260407 044800;4680.815000;4681.705000;4679.078000;4681.295000;0
20260407 044900;4681.275000;4682.845000;4679.665000;4681.745000;0
20260407 045000;4681.885000;4683.185000;4680.135000;4682.205000;0
20260407 045100;4682.205000;4683.465000;4680.575000;4682.855000;0
20260407 045200;4682.855000;4683.845000;4682.235000;4683.845000;0
20260407 045300;4683.875000;4685.115000;4682.515000;4682.645000;0
20260407 045400;4682.645000;4684.455000;4680.885000;4684.345000;0
20260407 045500;4684.275000;4686.035000;4681.665000;4682.615000;0
20260407 045600;4682.555000;4683.185000;4680.595000;4683.155000;0
20260407 045700;4683.545000;4686.275000;4682.688000;4686.055000;0
20260407 045800;4686.205000;4686.695000;4684.705000;4685.685000;0
20260407 045900;4685.685000;4685.725000;4681.675000;4682.555000;0
20260407 050000;4682.525000;4685.305000;4681.835000;4684.755000;0
20260407 050100;4684.708000;4686.915000;4684.065000;4686.915000;0
20260407 050200;4686.955000;4687.798000;4686.205000;4686.605000;0
20260407 050300;4686.745000;4687.065000;4684.815000;4684.865000;0
20260407 050400;4685.045000;4686.055000;4682.715000;4682.815000;0
20260407 050500;4682.625000;4683.535000;4681.988000;4682.055000;0
20260407 050600;4682.135000;4682.465000;4680.815000;4681.615000;0
20260407 050700;4681.615000;4682.945000;4680.548000;4681.855000;0
20260407 050800;4681.855000;4684.215000;4681.505000;4682.575000;0
20260407 050900;4682.548000;4686.095000;4682.355000;4685.645000;0
20260407 051000;4685.595000;4688.515000;4685.358000;4687.655000;0
20260407 051100;4687.635000;4687.755000;4685.255000;4687.045000;0
20260407 051200;4687.058000;4689.525000;4686.988000;4687.835000;0
20260407 051300;4687.778000;4693.098000;4687.735000;4689.468000;0
20260407 051400;4689.468000;4689.468000;4684.488000;4684.925000;0
20260407 051500;4684.978000;4685.585000;4682.245000;4683.058000;0
20260407 051600;4683.168000;4688.315000;4682.998000;4687.345000;0
20260407 051700;4687.395000;4692.028000;4686.918000;4692.028000;0
20260407 051800;4692.518000;4693.445000;4689.005000;4689.515000;0
20260407 051900;4689.565000;4691.005000;4688.275000;4689.745000;0
20260407 052000;4689.735000;4692.845000;4689.135000;4691.675000;0
20260407 052100;4691.655000;4693.225000;4689.825000;4690.915000;0
20260407 052200;4690.895000;4692.105000;4690.325000;4691.655000;0
20260407 052300;4691.635000;4692.265000;4690.855000;4691.725000;0
20260407 052400;4691.755000;4693.775000;4691.395000;4693.505000;0
20260407 052500;4693.508000;4693.765000;4690.845000;4691.538000;0
20260407 052600;4691.538000;4693.955000;4691.318000;4691.925000;0
20260407 052700;4691.905000;4692.205000;4689.135000;4689.725000;0
20260407 052800;4689.975000;4690.515000;4685.305000;4688.685000;0
20260407 052900;4688.865000;4689.195000;4686.335000;4686.335000;0
20260407 053000;4686.285000;4686.695000;4679.698000;4682.295000;0
20260407 053100;4682.278000;4684.405000;4681.108000;4683.935000;0
20260407 053200;4683.955000;4685.155000;4679.545000;4681.575000;0
20260407 053300;4681.625000;4683.105000;4680.725000;4681.215000;0
20260407 053400;4681.185000;4682.835000;4680.255000;4682.615000;0
20260407 053500;4682.435000;4683.925000;4678.178000;4682.435000;0
20260407 053600;4682.755000;4682.785000;4678.745000;4680.915000;0
20260407 053700;4681.315000;4681.375000;4676.045000;4677.085000;0
20260407 053800;4677.015000;4677.765000;4675.255000;4676.075000;0
20260407 053900;4676.055000;4677.445000;4674.355000;4676.375000;0
20260407 054000;4676.338000;4676.338000;4674.425000;4675.625000;0
20260407 054100;4675.595000;4675.818000;4668.645000;4669.305000;0
20260407 054200;4669.265000;4672.155000;4668.595000;4670.718000;0
20260407 054300;4670.838000;4671.158000;4665.275000;4666.975000;0
20260407 054400;4666.995000;4668.538000;4666.238000;4666.655000;0
20260407 054500;4667.065000;4667.065000;4661.885000;4663.875000;0
20260407 054600;4663.855000;4663.855000;4661.055000;4661.745000;0
20260407 054700;4661.745000;4663.605000;4659.095000;4659.915000;0
20260407 054800;4659.938000;4665.965000;4658.438000;4664.958000;0
20260407 054900;4664.898000;4666.698000;4664.398000;4666.428000;0
20260407 055000;4666.455000;4667.678000;4662.535000;4667.538000;0
20260407 055100;4667.545000;4669.898000;4667.355000;4669.865000;0
20260407 055200;4669.845000;4670.235000;4667.515000;4667.825000;0
20260407 055300;4667.838000;4671.078000;4667.658000;4670.618000;0
20260407 055400;4670.458000;4671.205000;4669.475000;4670.085000;0
20260407 055500;4670.175000;4672.685000;4670.145000;4672.245000;0
20260407 055600;4672.265000;4673.295000;4672.065000;4672.965000;0
20260407 055700;4672.965000;4675.545000;4672.538000;4674.368000;0
20260407 055800;4674.348000;4674.948000;4671.758000;4671.758000;0
20260407 055900;4671.598000;4671.998000;4670.428000;4670.438000;0
20260407 060000;4670.438000;4672.895000;4666.858000;4667.775000;0
20260407 060100;4667.795000;4674.958000;4666.708000;4674.415000;0
20260407 060200;4674.395000;4675.255000;4673.425000;4675.088000;0
20260407 060300;4675.115000;4675.115000;4672.218000;4672.728000;0
20260407 060400;4672.668000;4675.338000;4672.268000;4674.438000;0
20260407 060500;4674.478000;4678.868000;4674.078000;4678.798000;0
20260407 060600;4678.818000;4678.818000;4674.208000;4674.328000;0
20260407 060700;4674.328000;4676.568000;4674.328000;4676.215000;0
20260407 060800;4676.198000;4677.578000;4675.988000;4677.508000;0
20260407 060900;4677.485000;4679.518000;4661.995000;4674.555000;0
20260407 061000;4674.515000;4676.805000;4671.215000;4674.905000;0
20260407 061100;4674.885000;4677.978000;4672.375000;4674.858000;0
20260407 061200;4674.798000;4677.348000;4673.995000;4674.998000;0
20260407 061300;4674.885000;4678.668000;4674.398000;4675.388000;0
20260407 061400;4675.398000;4677.348000;4674.328000;4676.398000;0
20260407 061500;4676.408000;4680.148000;4675.745000;4679.048000;0
20260407 061600;4679.005000;4679.005000;4676.178000;4676.335000;0
20260407 061700;4676.308000;4677.755000;4673.668000;4674.368000;0
20260407 061800;4674.168000;4678.238000;4674.168000;4676.968000;0
20260407 061900;4676.998000;4676.998000;4674.625000;4676.758000;0
20260407 062000;4676.758000;4678.228000;4675.795000;4677.858000;0
20260407 062100;4677.348000;4677.528000;4672.688000;4673.048000;0
20260407 062200;4673.088000;4673.308000;4671.278000;4671.998000;0
20260407 062300;4672.198000;4672.848000;4669.198000;4670.848000;0
20260407 062400;4671.008000;4672.955000;4670.615000;4671.835000;0
20260407 062500;4672.485000;4674.085000;4662.625000;4664.518000;0
20260407 062600;4664.418000;4664.418000;4657.518000;4660.918000;0
20260407 062700;4660.855000;4663.125000;4657.798000;4661.785000;0
20260407 062800;4661.718000;4667.298000;4661.718000;4666.695000;0
20260407 062900;4666.665000;4669.045000;4666.205000;4667.815000;0
20260407 063000;4667.795000;4669.465000;4666.655000;4669.125000;0
20260407 063100;4669.325000;4671.625000;4667.615000;4668.195000;0
20260407 063200;4668.125000;4670.155000;4666.065000;4667.685000;0
20260407 063300;4667.665000;4669.265000;4666.745000;4667.625000;0
20260407 063400;4667.638000;4667.738000;4666.305000;4666.915000;0
20260407 063500;4666.955000;4668.598000;4666.178000;4667.975000;0
20260407 063600;4667.958000;4669.815000;4667.458000;4669.498000;0
20260407 063700;4669.495000;4670.018000;4666.455000;4668.205000;0
20260407 063800;4668.255000;4668.498000;4663.888000;4664.158000;0
20260407 063900;4664.118000;4666.858000;4661.698000;4663.075000;0
20260407 064000;4663.058000;4665.195000;4662.545000;4664.155000;0
20260407 064100;4664.278000;4664.345000;4660.398000;4660.755000;0
20260407 064200;4660.755000;4666.255000;4660.405000;4665.058000;0
20260407 064300;4665.045000;4665.045000;4653.915000;4657.755000;0
20260407 064400;4657.825000;4664.055000;4657.245000;4662.005000;0
20260407 064500;4661.975000;4662.145000;4657.678000;4658.878000;0
20260407 064600;4658.898000;4660.655000;4656.675000;4657.905000;0
20260407 064700;4657.958000;4659.058000;4654.555000;4654.618000;0
20260407 064800;4654.645000;4655.358000;4652.638000;4653.585000;0
20260407 064900;4653.755000;4654.165000;4649.305000;4650.185000;0
20260407 065000;4650.085000;4654.755000;4649.975000;4653.215000;0
20260407 065100;4653.325000;4655.585000;4653.225000;4654.878000;0
20260407 065200;4655.018000;4655.278000;4652.118000;4653.155000;0
20260407 065300;4653.045000;4658.355000;4653.015000;4657.615000;0
20260407 065400;4657.635000;4658.385000;4654.725000;4655.478000;0
20260407 065500;4655.305000;4657.505000;4654.595000;4655.525000;0
20260407 065600;4655.555000;4656.115000;4649.095000;4651.745000;0
20260407 065700;4651.715000;4654.105000;4651.455000;4652.575000;0
20260407 065800;4652.625000;4654.945000;4651.325000;4651.385000;0
20260407 065900;4651.365000;4653.655000;4650.655000;4651.765000;0
20260407 070000;4651.785000;4653.815000;4650.418000;4653.125000;0
20260407 070100;4653.175000;4653.175000;4651.905000;4652.278000;0
20260407 070200;4652.175000;4652.175000;4645.818000;4645.818000;0
20260407 070300;4645.838000;4651.865000;4645.738000;4651.075000;0
20260407 070400;4651.118000;4655.035000;4650.115000;4654.015000;0
20260407 070500;4654.225000;4655.855000;4651.345000;4652.405000;0
20260407 070600;4652.435000;4654.895000;4650.145000;4650.515000;0
20260407 070700;4650.565000;4651.315000;4646.575000;4648.595000;0
20260407 070800;4648.595000;4651.495000;4647.955000;4649.795000;0
20260407 070900;4649.775000;4651.305000;4648.775000;4650.905000;0
20260407 071000;4650.905000;4650.905000;4640.848000;4642.475000;0
20260407 071100;4642.475000;4644.755000;4641.485000;4642.395000;0
20260407 071200;4642.415000;4643.535000;4637.155000;4637.345000;0
20260407 071300;4637.345000;4638.585000;4636.695000;4637.575000;0
20260407 071400;4637.615000;4637.795000;4628.595000;4635.365000;0
20260407 071500;4635.215000;4638.895000;4632.855000;4638.085000;0
20260407 071600;4638.105000;4640.225000;4634.585000;4634.805000;0
20260407 071700;4634.775000;4637.995000;4634.655000;4637.875000;0
20260407 071800;4637.895000;4639.895000;4637.315000;4637.985000;0
20260407 071900;4638.035000;4641.855000;4637.718000;4639.438000;0
20260407 072000;4639.818000;4640.178000;4637.665000;4639.025000;0
20260407 072100;4638.755000;4642.365000;4638.115000;4642.035000;0
20260407 072200;4642.065000;4643.338000;4641.878000;4642.958000;0
20260407 072300;4642.918000;4646.645000;4642.065000;4646.165000;0
20260407 072400;4646.185000;4646.325000;4643.965000;4644.485000;0
20260407 072500;4644.465000;4648.398000;4644.245000;4648.245000;0
20260407 072600;4648.025000;4651.218000;4648.025000;4650.535000;0
20260407 072700;4650.508000;4651.495000;4648.945000;4651.385000;0
20260407 072800;4651.355000;4651.735000;4649.655000;4650.655000;0
20260407 072900;4650.625000;4650.625000;4647.415000;4647.545000;0
20260407 073000;4647.475000;4650.938000;4646.795000;4650.745000;0
20260407 073100;4650.875000;4651.365000;4648.985000;4649.325000;0
20260407 073200;4649.345000;4652.085000;4649.325000;4650.105000;0
20260407 073300;4650.075000;4650.975000;4647.515000;4649.175000;0
20260407 073400;4649.225000;4650.035000;4647.865000;4649.175000;0
20260407 073500;4649.118000;4650.415000;4646.895000;4649.995000;0
20260407 073600;4650.295000;4651.645000;4650.015000;4651.145000;0
20260407 073700;4651.175000;4657.785000;4650.405000;4654.075000;0
20260407 073800;4654.135000;4655.265000;4651.485000;4652.195000;0
20260407 073900;4652.225000;4654.518000;4652.055000;4654.245000;0
20260407 074000;4654.155000;4655.285000;4652.295000;4653.875000;0
20260407 074100;4653.915000;4659.955000;4653.915000;4659.275000;0
20260407 074200;4659.255000;4660.375000;4658.245000;4660.275000;0
20260407 074300;4660.325000;4662.085000;4660.325000;4661.485000;0
20260407 074400;4661.305000;4662.835000;4660.455000;4662.538000;0
20260407 074500;4662.538000;4663.765000;4659.378000;4659.605000;0
20260407 074600;4659.605000;4659.605000;4658.445000;4658.628000;0
20260407 074700;4658.615000;4659.405000;4658.415000;4658.945000;0
20260407 074800;4658.915000;4659.245000;4655.765000;4659.245000;0
20260407 074900;4659.248000;4660.378000;4658.805000;4660.075000;0
20260407 075000;4660.058000;4660.738000;4658.915000;4658.965000;0
20260407 075100;4658.965000;4659.025000;4657.375000;4658.508000;0
20260407 075200;4658.508000;4659.278000;4657.435000;4657.865000;0
20260407 075300;4657.845000;4661.205000;4657.305000;4659.145000;0
20260407 075400;4659.125000;4659.595000;4657.725000;4658.365000;0
20260407 075500;4658.365000;4659.515000;4657.705000;4659.515000;0
20260407 075600;4659.485000;4659.735000;4658.495000;4659.385000;0
20260407 075700;4659.355000;4660.008000;4658.665000;4659.875000;0
20260407 075800;4659.905000;4661.008000;4659.325000;4660.635000;0
20260407 075900;4660.645000;4661.495000;4659.175000;4659.265000;0
20260407 080000;4659.535000;4661.275000;4658.555000;4659.135000;0
20260407 080100;4659.155000;4660.718000;4658.435000;4658.905000;0
20260407 080200;4658.905000;4659.385000;4655.535000;4656.925000;0
20260407 080300;4656.925000;4657.425000;4655.095000;4655.555000;0
20260407 080400;4655.585000;4657.625000;4655.535000;4657.465000;0
20260407 080500;4657.615000;4657.735000;4656.055000;4656.695000;0
20260407 080600;4656.725000;4665.080000;4652.765000;4655.635000;0
20260407 080700;4655.638000;4657.385000;4652.155000;4654.035000;0
20260407 080800;4654.055000;4656.435000;4651.025000;4656.155000;0
20260407 080900;4656.155000;4658.645000;4655.565000;4655.735000;0
20260407 081000;4655.638000;4656.685000;4652.865000;4654.955000;0
20260407 081100;4655.085000;4655.648000;4652.358000;4653.028000;0
20260407 081200;4653.055000;4655.155000;4651.645000;4653.515000;0
20260407 081300;4653.485000;4654.658000;4652.098000;4653.838000;0
20260407 081400;4653.858000;4655.618000;4652.758000;4654.378000;0
20260407 081500;4654.358000;4655.118000;4651.838000;4653.558000;0
20260407 081600;4653.558000;4655.415000;4650.945000;4655.358000;0
20260407 081700;4655.295000;4659.058000;4654.558000;4656.415000;0
20260407 081800;4656.445000;4663.045000;4656.405000;4662.835000;0
20260407 081900;4662.835000;4662.835000;4657.825000;4657.908000;0
20260407 082000;4657.478000;4659.745000;4656.675000;4659.345000;0
20260407 082100;4659.375000;4665.185000;4658.845000;4664.545000;0
20260407 082200;4664.515000;4666.728000;4664.368000;4665.765000;0
20260407 082300;4665.765000;4665.765000;4662.345000;4663.625000;0
20260407 082400;4663.705000;4670.765000;4663.705000;4666.335000;0
20260407 082500;4666.375000;4668.025000;4665.798000;4665.935000;0
20260407 082600;4665.995000;4666.115000;4664.595000;4665.025000;0
20260407 082700;4665.015000;4667.555000;4664.278000;4666.775000;0
20260407 082800;4666.755000;4666.755000;4664.225000;4665.365000;0
20260407 082900;4665.395000;4666.265000;4664.588000;4665.315000;0
20260407 083000;4665.475000;4667.198000;4663.718000;4665.565000;0
20260407 083100;4665.595000;4666.555000;4663.498000;4663.498000;0
20260407 083200;4663.498000;4663.498000;4660.015000;4660.505000;0
20260407 083300;4660.485000;4662.695000;4660.405000;4661.705000;0
20260407 083400;4661.805000;4661.938000;4659.718000;4660.488000;0
20260407 083500;4660.468000;4661.818000;4657.958000;4660.838000;0
20260407 083600;4660.758000;4661.338000;4659.565000;4660.715000;0
20260407 083700;4660.625000;4662.165000;4659.178000;4662.145000;0
20260407 083800;4662.158000;4664.298000;4661.718000;4662.645000;0
20260407 083900;4662.625000;4663.625000;4661.625000;4663.065000;0
20260407 084000;4663.065000;4664.645000;4662.005000;4663.655000;0
20260407 084100;4663.605000;4664.855000;4663.065000;4664.055000;0
20260407 084200;4664.095000;4664.095000;4659.805000;4660.815000;0
20260407 084300;4660.775000;4661.485000;4658.995000;4659.515000;0
20260407 084400;4659.535000;4660.195000;4655.775000;4656.295000;0
20260407 084500;4656.265000;4656.605000;4654.395000;4655.175000;0
20260407 084600;4655.065000;4655.625000;4651.878000;4653.598000;0
20260407 084700;4653.625000;4654.918000;4653.538000;4654.278000;0
20260407 084800;4654.218000;4654.238000;4647.318000;4647.858000;0
20260407 084900;4647.898000;4649.418000;4647.208000;4648.478000;0
20260407 085000;4648.618000;4648.818000;4646.398000;4647.538000;0
20260407 085100;4647.538000;4652.168000;4647.538000;4649.168000;0
20260407 085200;4649.168000;4653.838000;4649.068000;4653.398000;0
20260407 085300;4653.398000;4655.655000;4651.765000;4653.638000;0
20260407 085400;4653.618000;4654.398000;4653.078000;4654.158000;0
20260407 085500;4654.158000;4662.005000;4651.518000;4659.235000;0
20260407 085600;4659.825000;4660.425000;4653.018000;4653.588000;0
20260407 085700;4653.805000;4654.505000;4650.928000;4651.058000;0
20260407 085800;4651.035000;4654.425000;4650.768000;4651.995000;0
20260407 085900;4652.015000;4653.105000;4650.918000;4651.238000;0
20260407 090000;4651.258000;4653.778000;4648.178000;4648.378000;0
20260407 090100;4648.418000;4653.578000;4647.858000;4653.338000;0
20260407 090200;4653.598000;4653.898000;4651.898000;4653.338000;0
20260407 090300;4653.298000;4655.378000;4650.358000;4654.675000;0
20260407 090400;4654.705000;4657.435000;4654.178000;4655.375000;0
20260407 090500;4655.395000;4657.545000;4654.415000;4656.055000;0
20260407 090600;4656.015000;4659.585000;4655.695000;4658.925000;0
20260407 090700;4658.638000;4659.095000;4655.485000;4655.665000;0
20260407 090800;4655.685000;4657.015000;4655.098000;4655.758000;0
20260407 090900;4655.758000;4655.758000;4652.245000;4655.205000;0
20260407 091000;4655.165000;4656.315000;4651.165000;4651.215000;0
20260407 091100;4651.245000;4653.685000;4650.678000;4653.118000;0
20260407 091200;4653.098000;4656.565000;4652.955000;4654.335000;0
20260407 091300;4654.335000;4657.085000;4653.485000;4656.645000;0
20260407 091400;4656.595000;4656.765000;4653.085000;4656.595000;0
20260407 091500;4656.615000;4657.335000;4655.885000;4655.995000;0
20260407 091600;4656.065000;4656.255000;4653.445000;4654.285000;0
20260407 091700;4654.305000;4654.385000;4651.765000;4653.635000;0
20260407 091800;4653.665000;4654.005000;4650.915000;4651.735000;0
20260407 091900;4651.755000;4652.785000;4650.205000;4650.645000;0
20260407 092000;4650.555000;4653.158000;4650.455000;4652.395000;0
20260407 092100;4652.355000;4654.755000;4651.938000;4654.305000;0
20260407 092200;4654.325000;4658.548000;4654.325000;4657.965000;0
20260407 092300;4658.008000;4658.875000;4657.385000;4658.515000;0
20260407 092400;4658.495000;4659.448000;4657.825000;4658.975000;0
20260407 092500;4658.945000;4661.348000;4658.535000;4661.115000;0
20260407 092600;4661.145000;4662.598000;4660.295000;4660.525000;0
20260407 092700;4660.615000;4661.075000;4656.515000;4657.335000;0
20260407 092800;4657.395000;4659.855000;4657.395000;4658.785000;0
20260407 092900;4659.135000;4659.395000;4656.695000;4657.585000;0
20260407 093000;4657.615000;4663.205000;4655.388000;4656.645000;0
20260407 093100;4656.625000;4657.415000;4648.745000;4650.735000;0
20260407 093200;4650.755000;4652.805000;4648.785000;4649.605000;0
20260407 093300;4649.635000;4652.505000;4648.035000;4650.415000;0
20260407 093400;4650.435000;4650.645000;4646.628000;4647.565000;0
20260407 093500;4647.498000;4647.858000;4644.285000;4645.385000;0
20260407 093600;4645.235000;4649.398000;4644.255000;4645.418000;0
20260407 093700;4645.738000;4651.458000;4645.478000;4649.618000;0
20260407 093800;4649.385000;4651.038000;4646.398000;4648.098000;0
20260407 093900;4648.078000;4649.598000;4646.218000;4647.138000;0
20260407 094000;4647.078000;4651.378000;4645.835000;4646.298000;0
20260407 094100;4646.538000;4646.858000;4635.305000;4637.605000;0
20260407 094200;4637.678000;4641.755000;4637.305000;4640.518000;0
20260407 094300;4640.558000;4642.278000;4638.338000;4639.728000;0
20260407 094400;4639.718000;4641.478000;4639.098000;4639.378000;0
20260407 094500;4639.338000;4642.465000;4636.945000;4641.695000;0
20260407 094600;4641.645000;4647.085000;4641.625000;4645.465000;0
20260407 094700;4645.345000;4646.235000;4641.618000;4643.035000;0
20260407 094800;4643.018000;4646.678000;4642.915000;4644.168000;0
20260407 094900;4644.515000;4647.448000;4644.515000;4646.748000;0
20260407 095000;4646.665000;4648.418000;4645.385000;4647.345000;0
20260407 095100;4647.725000;4649.385000;4645.215000;4645.475000;0
20260407 095200;4645.475000;4648.355000;4645.095000;4647.175000;0
20260407 095300;4647.185000;4647.745000;4643.675000;4647.645000;0
20260407 095400;4647.795000;4652.455000;4647.225000;4651.935000;0
20260407 095500;4651.935000;4653.795000;4651.045000;4652.135000;0
20260407 095600;4652.158000;4652.158000;4646.255000;4647.435000;0
20260407 095700;4647.505000;4649.075000;4643.845000;4644.905000;0
20260407 095800;4644.925000;4651.975000;4644.925000;4646.895000;0
20260407 095900;4647.005000;4649.085000;4642.655000;4643.655000;0
20260407 100000;4643.635000;4644.968000;4637.095000;4637.345000;0
20260407 100100;4637.375000;4639.825000;4634.515000;4634.885000;0
20260407 100200;4634.885000;4636.085000;4629.795000;4630.245000;0
20260407 100300;4629.865000;4631.865000;4627.235000;4627.755000;0
20260407 100400;4627.715000;4629.195000;4622.365000;4624.285000;0
20260407 100500;4624.315000;4627.155000;4622.015000;4624.815000;0
20260407 100600;4625.035000;4625.035000;4607.335000;4609.545000;0
20260407 100700;4609.525000;4614.795000;4608.938000;4612.625000;0
20260407 100800;4612.655000;4614.655000;4608.395000;4609.345000;0
20260407 100900;4609.305000;4615.155000;4609.135000;4612.445000;0
20260407 101000;4612.245000;4623.575000;4611.735000;4623.235000;0
20260407 101100;4623.295000;4625.005000;4618.405000;4621.765000;0
20260407 101200;4621.695000;4625.585000;4621.008000;4624.095000;0
20260407 101300;4624.065000;4624.845000;4620.765000;4621.665000;0
20260407 101400;4621.685000;4623.855000;4619.318000;4621.675000;0
20260407 101500;4621.498000;4622.685000;4615.268000;4619.505000;0
20260407 101600;4618.835000;4624.075000;4618.835000;4620.565000;0
20260407 101700;4620.545000;4621.305000;4615.515000;4616.735000;0
20260407 101800;4616.735000;4617.545000;4609.425000;4615.225000;0
20260407 101900;4615.075000;4616.245000;4610.195000;4615.358000;0
20260407 102000;4615.258000;4624.285000;4615.235000;4623.065000;0
20260407 102100;4622.915000;4631.025000;4621.815000;4629.435000;0
20260407 102200;4629.375000;4633.251000;4628.315000;4631.675000;0
20260407 102300;4631.675000;4639.928000;4631.325000;4639.928000;0
20260407 102400;4640.235000;4645.195000;4638.905000;4641.995000;0
20260407 102500;4641.795000;4649.376000;4641.625000;4648.385000;0
20260407 102600;4648.485000;4648.485000;4642.965000;4644.325000;0
20260407 102700;4644.255000;4646.095000;4640.625000;4641.405000;0
20260407 102800;4641.375000;4643.155000;4640.065000;4640.165000;0
20260407 102900;4640.165000;4645.355000;4640.115000;4645.015000;0
20260407 103000;4645.025000;4649.248000;4643.695000;4644.865000;0
20260407 103100;4644.695000;4644.985000;4642.058000;4643.648000;0
20260407 103200;4643.318000;4648.058000;4643.318000;4647.265000;0
20260407 103300;4647.265000;4654.718000;4646.775000;4654.018000;0
20260407 103400;4653.998000;4655.098000;4651.698000;4652.635000;0
20260407 103500;4652.635000;4656.665000;4651.355000;4655.145000;0
20260407 103600;4655.145000;4656.298000;4652.568000;4656.138000;0
20260407 103700;4656.215000;4661.248000;4654.898000;4659.098000;0
20260407 103800;4659.298000;4659.598000;4656.185000;4657.715000;0
20260407 103900;4657.675000;4657.675000;4654.085000;4654.545000;0
20260407 104000;4654.555000;4655.588000;4652.755000;4652.845000;0
20260407 104100;4652.915000;4654.095000;4652.435000;4653.075000;0
20260407 104200;4652.985000;4654.558000;4651.398000;4653.698000;0
20260407 104300;4653.718000;4653.728000;4648.555000;4648.698000;0
20260407 104400;4648.668000;4652.298000;4646.375000;4646.588000;0
20260407 104500;4646.445000;4648.708000;4646.165000;4646.628000;0
20260407 104600;4646.488000;4656.288000;4646.425000;4649.245000;0
20260407 104700;4649.225000;4650.375000;4646.775000;4649.098000;0
20260407 104800;4648.965000;4650.598000;4642.915000;4648.335000;0
20260407 104900;4648.335000;4653.258000;4648.275000;4648.475000;0
20260407 105000;4648.505000;4649.045000;4643.735000;4643.935000;0
20260407 105100;4644.085000;4644.978000;4642.228000;4643.445000;0
20260407 105200;4643.488000;4644.885000;4641.818000;4644.645000;0
20260407 105300;4644.588000;4647.008000;4644.395000;4644.395000;0
20260407 105400;4644.365000;4644.365000;4639.405000;4639.488000;0
20260407 105500;4639.455000;4640.315000;4636.925000;4637.725000;0
20260407 105600;4637.675000;4639.615000;4635.425000;4638.515000;0
20260407 105700;4638.425000;4640.238000;4638.058000;4639.405000;0
20260407 105800;4639.385000;4640.915000;4634.775000;4635.085000;0
20260407 105900;4634.985000;4635.378000;4629.538000;4632.935000;0
20260407 110000;4632.735000;4633.445000;4628.775000;4633.235000;0
20260407 110100;4633.235000;4635.358000;4631.598000;4634.778000;0
20260407 110200;4634.878000;4636.118000;4630.475000;4631.605000;0
20260407 110300;4631.635000;4634.835000;4631.055000;4634.835000;0
20260407 110400;4634.925000;4634.925000;4627.465000;4627.785000;0
20260407 110500;4627.765000;4628.085000;4624.935000;4626.095000;0
20260407 110600;4626.195000;4629.415000;4624.735000;4628.765000;0
20260407 110700;4628.765000;4630.695000;4628.255000;4629.685000;0
20260407 110800;4629.685000;4631.755000;4629.015000;4629.985000;0
20260407 110900;4629.985000;4633.550000;4626.848000;4633.478000;0
20260407 111000;4633.478000;4636.955000;4631.045000;4635.065000;0
20260407 111100;4635.078000;4639.965000;4634.725000;4638.965000;0
20260407 111200;4638.955000;4642.475000;4638.508000;4640.345000;0
20260407 111300;4640.305000;4642.775000;4639.495000;4639.945000;0
20260407 111400;4640.058000;4643.055000;4640.018000;4643.055000;0
20260407 111500;4643.055000;4652.085000;4640.545000;4650.375000;0
20260407 111600;4650.935000;4650.935000;4644.998000;4645.748000;0
20260407 111700;4645.628000;4647.888000;4644.658000;4646.685000;0
20260407 111800;4646.655000;4648.375000;4644.555000;4645.175000;0
20260407 111900;4645.175000;4650.175000;4644.888000;4649.755000;0
20260407 112000;4649.755000;4651.415000;4648.028000;4651.245000;0
20260407 112100;4651.108000;4652.795000;4648.345000;4648.715000;0
20260407 112200;4648.715000;4650.555000;4646.755000;4650.215000;0
20260407 112300;4650.195000;4650.195000;4646.208000;4646.888000;0
20260407 112400;4647.008000;4648.858000;4644.848000;4645.268000;0
20260407 112500;4645.268000;4651.575000;4645.268000;4649.555000;0
20260407 112600;4649.375000;4652.475000;4648.105000;4651.255000;0
20260407 112700;4651.275000;4651.775000;4648.745000;4650.805000;0
20260407 112800;4650.825000;4651.565000;4648.625000;4649.325000;0
20260407 112900;4649.475000;4652.975000;4648.048000;4652.648000;0
20260407 113000;4652.925000;4656.435000;4651.805000;4655.375000;0
20260407 113100;4655.375000;4655.575000;4652.275000;4653.085000;0
20260407 113200;4653.195000;4654.755000;4647.425000;4647.535000;0
20260407 113300;4647.555000;4650.055000;4647.015000;4648.555000;0
20260407 113400;4648.585000;4649.845000;4643.015000;4646.325000;0
20260407 113500;4646.245000;4649.058000;4644.705000;4647.598000;0
20260407 113600;4647.605000;4650.455000;4647.525000;4650.235000;0
20260407 113700;4650.055000;4650.365000;4646.105000;4646.475000;0
20260407 113800;4646.505000;4648.265000;4646.505000;4647.418000;0
20260407 113900;4647.458000;4647.498000;4642.878000;4643.925000;0
20260407 114000;4643.925000;4645.205000;4642.775000;4642.825000;0
20260407 114100;4642.745000;4644.015000;4640.198000;4641.498000;0
20260407 114200;4641.445000;4642.605000;4641.185000;4641.978000;0
20260407 114300;4642.018000;4648.098000;4642.018000;4647.678000;0
20260407 114400;4647.698000;4648.285000;4644.915000;4645.418000;0
20260407 114500;4645.418000;4646.538000;4644.848000;4646.305000;0
20260407 114600;4646.275000;4649.918000;4645.778000;4649.285000;0
20260407 114700;4649.068000;4651.878000;4648.075000;4651.298000;0
20260407 114800;4651.278000;4651.278000;4649.418000;4650.578000;0
20260407 114900;4650.538000;4651.998000;4649.118000;4651.065000;0
20260407 115000;4651.318000;4652.898000;4649.618000;4649.738000;0
20260407 115100;4649.878000;4650.918000;4648.178000;4648.825000;0
20260407 115200;4648.785000;4651.325000;4648.115000;4651.085000;0
20260407 115300;4650.815000;4653.198000;4650.745000;4652.555000;0
20260407 115400;4652.765000;4653.775000;4651.315000;4653.305000;0
20260407 115500;4653.275000;4659.065000;4652.425000;4654.695000;0
20260407 115600;4654.755000;4654.945000;4650.488000;4651.398000;0
20260407 115700;4651.408000;4652.655000;4650.865000;4652.025000;0
20260407 115800;4651.988000;4655.198000;4651.265000;4654.698000;0
20260407 115900;4654.685000;4655.838000;4652.915000;4655.098000;0
20260407 120000;4655.098000;4657.498000;4654.998000;4654.998000;0
20260407 120100;4654.915000;4656.535000;4652.468000;4656.025000;0
20260407 120200;4656.055000;4661.798000;4655.245000;4661.148000;0
20260407 120300;4660.935000;4668.108000;4660.295000;4665.005000;0
20260407 120400;4664.985000;4666.065000;4661.455000;4662.095000;0
20260407 120500;4662.058000;4662.255000;4659.065000;4660.805000;0
20260407 120600;4660.805000;4662.405000;4658.975000;4659.435000;0
20260407 120700;4659.435000;4661.185000;4657.025000;4657.335000;0
20260407 120800;4657.315000;4657.315000;4652.958000;4654.565000;0
20260407 120900;4654.578000;4654.998000;4653.315000;4653.485000;0
20260407 121000;4653.415000;4657.365000;4652.158000;4656.365000;0
20260407 121100;4656.365000;4658.778000;4654.905000;4658.545000;0
20260407 121200;4658.565000;4660.005000;4657.875000;4658.615000;0
20260407 121300;4658.585000;4660.035000;4656.038000;4656.468000;0
20260407 121400;4656.468000;4658.675000;4655.945000;4658.418000;0
20260407 121500;4658.585000;4659.638000;4655.985000;4659.615000;0
20260407 121600;4659.698000;4659.698000;4656.575000;4657.555000;0
20260407 121700;4657.535000;4659.115000;4656.915000;4657.215000;0
20260407 121800;4657.475000;4658.045000;4656.335000;4657.125000;0
20260407 121900;4657.205000;4657.675000;4655.495000;4657.315000;0
20260407 122000;4657.275000;4657.275000;4654.055000;4656.505000;0
20260407 122100;4656.505000;4659.305000;4655.435000;4659.305000;0
20260407 122200;4659.565000;4660.245000;4658.915000;4659.175000;0
20260407 122300;4659.058000;4667.535000;4657.125000;4659.365000;0
20260407 122400;4659.355000;4659.875000;4654.238000;4656.898000;0
20260407 122500;4657.478000;4659.378000;4656.155000;4656.718000;0
20260407 122600;4656.718000;4658.058000;4655.815000;4657.978000;0
20260407 122700;4657.998000;4662.478000;4657.658000;4660.905000;0
20260407 122800;4660.945000;4663.238000;4660.538000;4660.818000;0
20260407 122900;4660.878000;4662.835000;4660.778000;4662.538000;0
20260407 123000;4662.538000;4663.778000;4661.115000;4663.198000;0
20260407 123100;4663.178000;4663.178000;4655.735000;4659.545000;0
20260407 123200;4659.458000;4659.905000;4657.495000;4657.625000;0
20260407 123300;4657.578000;4661.105000;4657.578000;4660.815000;0
20260407 123400;4660.815000;4660.815000;4658.525000;4659.355000;0
20260407 123500;4658.685000;4660.755000;4658.225000;4659.445000;0
20260407 123600;4659.385000;4660.875000;4658.905000;4660.075000;0
20260407 123700;4660.355000;4660.605000;4657.925000;4659.525000;0
20260407 123800;4659.595000;4660.205000;4658.738000;4658.758000;0
20260407 123900;4658.758000;4658.995000;4656.158000;4657.385000;0
20260407 124000;4657.405000;4658.298000;4655.598000;4657.055000;0
20260407 124100;4657.015000;4660.655000;4656.978000;4658.025000;0
20260407 124200;4658.055000;4659.795000;4657.705000;4658.288000;0
20260407 124300;4658.288000;4659.015000;4656.585000;4657.845000;0
20260407 124400;4657.815000;4660.818000;4657.245000;4660.638000;0
20260407 124500;4660.678000;4662.118000;4660.058000;4660.958000;0
20260407 124600;4660.938000;4661.838000;4660.438000;4660.978000;0
20260407 124700;4660.975000;4661.715000;4659.678000;4661.685000;0
20260407 124800;4661.715000;4662.665000;4659.475000;4659.915000;0
20260407 124900;4659.895000;4660.545000;4657.848000;4658.015000;0
20260407 125000;4658.015000;4659.655000;4656.925000;4659.575000;0
20260407 125100;4659.545000;4661.178000;4659.068000;4660.625000;0
20260407 125200;4660.675000;4661.635000;4658.965000;4661.515000;0
20260407 125300;4661.558000;4662.078000;4660.858000;4660.905000;0
20260407 125400;4660.978000;4661.818000;4659.318000;4659.895000;0
20260407 125500;4659.865000;4659.865000;4658.675000;4658.995000;0
20260407 125600;4659.045000;4659.195000;4656.338000;4656.478000;0
20260407 125700;4656.478000;4657.445000;4656.115000;4656.315000;0
20260407 125800;4656.345000;4658.678000;4656.058000;4658.278000;0
20260407 125900;4658.285000;4658.398000;4656.595000;4656.718000;0
20260407 130000;4656.725000;4660.425000;4656.158000;4657.755000;0
20260407 130100;4657.698000;4658.435000;4656.818000;4658.278000;0
20260407 130200;4658.378000;4662.278000;4658.315000;4662.085000;0
20260407 130300;4662.238000;4665.395000;4661.578000;4664.685000;0
20260407 130400;4664.665000;4665.895000;4664.635000;4665.485000;0
20260407 130500;4665.345000;4667.115000;4663.895000;4665.415000;0
20260407 130600;4665.468000;4673.125000;4664.545000;4672.075000;0
20260407 130700;4671.975000;4673.035000;4669.445000;4669.465000;0
20260407 130800;4669.465000;4670.965000;4668.785000;4670.835000;0
20260407 130900;4670.855000;4671.095000;4666.935000;4667.185000;0
20260407 131000;4667.185000;4667.695000;4665.485000;4667.205000;0
20260407 131100;4667.185000;4667.185000;4665.055000;4665.835000;0
20260407 131200;4665.855000;4667.665000;4665.395000;4667.415000;0
20260407 131300;4667.485000;4668.085000;4666.535000;4666.815000;0
20260407 131400;4666.905000;4668.355000;4666.718000;4667.885000;0
20260407 131500;4667.638000;4667.855000;4664.538000;4666.175000;0
20260407 131600;4666.245000;4667.395000;4660.088000;4660.318000;0
20260407 131700;4660.385000;4661.498000;4658.778000;4658.978000;0
20260407 131800;4658.978000;4660.238000;4656.078000;4656.118000;0
20260407 131900;4656.078000;4656.858000;4654.848000;4656.198000;0
20260407 132000;4656.178000;4656.498000;4654.138000;4654.138000;0
20260407 132100;4654.138000;4655.858000;4653.535000;4654.858000;0
20260407 132200;4654.978000;4656.638000;4654.618000;4655.578000;0
20260407 132300;4655.618000;4658.418000;4655.158000;4657.318000;0
20260407 132400;4657.378000;4658.718000;4657.358000;4658.098000;0
20260407 132500;4658.098000;4658.178000;4655.438000;4656.458000;0
20260407 132600;4656.638000;4659.058000;4656.618000;4658.738000;0
20260407 132700;4658.798000;4659.978000;4658.338000;4658.818000;0
20260407 132800;4658.758000;4659.078000;4656.958000;4657.058000;0
20260407 132900;4656.885000;4660.538000;4656.778000;4659.898000;0
20260407 133000;4660.598000;4664.578000;4660.598000;4664.378000;0
20260407 133100;4664.378000;4665.678000;4664.158000;4665.518000;0
20260407 133200;4665.418000;4669.898000;4665.418000;4668.798000;0
20260407 133300;4668.818000;4670.228000;4667.908000;4669.725000;0
20260407 133400;4669.725000;4672.378000;4668.088000;4671.798000;0
20260407 133500;4671.708000;4677.695000;4671.435000;4677.385000;0
20260407 133600;4677.295000;4680.915000;4675.435000;4679.475000;0
20260407 133700;4679.745000;4686.415000;4679.405000;4685.105000;0
20260407 133800;4685.155000;4685.715000;4681.215000;4682.625000;0
20260407 133900;4682.585000;4686.225000;4678.905000;4678.975000;0
20260407 134000;4678.995000;4681.058000;4675.735000;4676.135000;0
20260407 134100;4676.165000;4678.075000;4676.035000;4676.905000;0
20260407 134200;4676.985000;4677.975000;4674.935000;4674.935000;0
20260407 134300;4674.975000;4675.555000;4672.205000;4673.485000;0
20260407 134400;4673.405000;4673.485000;4671.185000;4671.915000;0
20260407 134500;4671.835000;4672.965000;4670.885000;4670.935000;0
20260407 134600;4670.935000;4672.515000;4670.935000;4671.785000;0
20260407 134700;4671.805000;4676.228000;4671.785000;4676.188000;0
20260407 134800;4676.155000;4676.875000;4674.195000;4676.738000;0
20260407 134900;4676.635000;4677.985000;4676.355000;4677.655000;0
20260407 135000;4677.658000;4679.798000;4677.318000;4677.725000;0
20260407 135100;4677.735000;4679.465000;4677.345000;4678.715000;0
20260407 135200;4678.695000;4679.335000;4677.698000;4678.215000;0
20260407 135300;4678.135000;4679.795000;4677.985000;4678.415000;0
20260407 135400;4678.415000;4678.435000;4676.038000;4676.265000;0
20260407 135500;4676.275000;4677.655000;4675.845000;4676.645000;0
20260407 135600;4676.645000;4678.445000;4676.498000;4678.105000;0
20260407 135700;4678.095000;4678.095000;4675.345000;4676.105000;0
20260407 135800;4676.105000;4676.105000;4674.835000;4674.885000;0
20260407 135900;4675.015000;4676.088000;4674.625000;4675.415000;0
20260407 140000;4675.385000;4679.725000;4675.275000;4679.155000;0
20260407 140100;4679.155000;4680.575000;4678.015000;4679.135000;0
20260407 140200;4679.135000;4679.655000;4677.555000;4679.325000;0
20260407 140300;4679.325000;4680.275000;4678.205000;4680.075000;0
20260407 140400;4680.075000;4680.455000;4677.648000;4677.925000;0
20260407 140500;4677.925000;4678.748000;4676.765000;4678.315000;0
20260407 140600;4678.255000;4678.455000;4676.498000;4677.165000;0
20260407 140700;4677.195000;4678.905000;4675.745000;4676.745000;0
20260407 140800;4676.798000;4679.285000;4676.565000;4678.105000;0
20260407 140900;4678.125000;4679.485000;4677.065000;4678.235000;0
20260407 141000;4678.235000;4678.845000;4676.985000;4677.718000;0
20260407 141100;4677.658000;4679.295000;4677.105000;4679.265000;0
20260407 141200;4679.238000;4681.858000;4679.238000;4681.538000;0
20260407 141300;4681.538000;4682.685000;4681.235000;4682.285000;0
20260407 141400;4682.265000;4684.298000;4681.675000;4683.698000;0
20260407 141500;4683.718000;4685.678000;4682.575000;4682.635000;0
20260407 141600;4682.725000;4682.865000;4681.295000;4681.635000;0
20260407 141700;4681.635000;4682.295000;4680.028000;4681.155000;0
20260407 141800;4681.245000;4682.925000;4680.798000;4682.555000;0
20260407 141900;4682.585000;4684.645000;4681.418000;4684.385000;0
20260407 142000;4684.385000;4685.535000;4683.738000;4683.985000;0
20260407 142100;4684.015000;4684.015000;4682.358000;4682.858000;0
20260407 142200;4682.878000;4684.518000;4682.468000;4683.595000;0
20260407 142300;4683.578000;4683.678000;4678.428000;4679.285000;0
20260407 142400;4679.245000;4679.735000;4676.475000;4677.588000;0
20260407 142500;4677.648000;4678.708000;4676.778000;4677.628000;0
20260407 142600;4677.635000;4679.348000;4677.308000;4678.768000;0
20260407 142700;4678.778000;4680.028000;4677.868000;4677.925000;0
20260407 142800;4677.925000;4679.628000;4677.848000;4678.898000;0
20260407 142900;4678.898000;4681.158000;4678.498000;4680.048000;0
20260407 143000;4680.358000;4682.448000;4680.358000;4681.825000;0
20260407 143100;4681.828000;4682.148000;4680.058000;4681.148000;0
20260407 143200;4681.148000;4683.958000;4681.145000;4683.335000;0
20260407 143300;4683.365000;4685.988000;4683.308000;4685.055000;0
20260407 143400;4685.135000;4685.748000;4682.658000;4682.785000;0
20260407 143500;4682.775000;4683.585000;4681.498000;4681.538000;0
20260407 143600;4681.448000;4681.518000;4679.618000;4681.498000;0
20260407 143700;4681.498000;4682.358000;4680.338000;4680.858000;0
20260407 143800;4680.898000;4681.978000;4679.438000;4681.398000;0
20260407 143900;4681.358000;4681.698000;4679.058000;4679.558000;0
20260407 144000;4679.578000;4680.058000;4677.138000;4677.918000;0
20260407 144100;4677.978000;4679.278000;4677.278000;4678.628000;0
20260407 144200;4678.628000;4680.158000;4677.618000;4678.438000;0
20260407 144300;4678.458000;4679.058000;4677.838000;4678.858000;0
20260407 144400;4678.878000;4680.698000;4678.758000;4679.348000;0
20260407 144500;4679.358000;4679.398000;4676.448000;4678.678000;0
20260407 144600;4678.678000;4679.718000;4677.868000;4678.898000;0
20260407 144700;4678.898000;4679.378000;4678.035000;4678.038000;0
20260407 144800;4678.055000;4678.298000;4674.668000;4675.235000;0
20260407 144900;4675.548000;4675.885000;4671.748000;4673.988000;0
20260407 145000;4673.988000;4673.988000;4669.228000;4670.258000;0
20260407 145100;4670.388000;4670.475000;4667.335000;4668.098000;0
20260407 145200;4668.115000;4668.838000;4665.508000;4665.508000;0
20260407 145300;4665.508000;4667.528000;4665.218000;4666.648000;0
20260407 145400;4666.565000;4666.668000;4664.028000;4664.698000;0
20260407 145500;4664.638000;4664.738000;4658.878000;4659.338000;0
20260407 145600;4659.538000;4660.538000;4658.318000;4658.658000;0
20260407 145700;4658.658000;4660.638000;4657.075000;4660.378000;0
20260407 145800;4660.478000;4663.925000;4659.818000;4661.818000;0
20260407 145900;4661.818000;4663.645000;4660.958000;4661.798000;0
20260407 150000;4661.855000;4662.778000;4660.438000;4662.118000;0
20260407 150100;4662.055000;4662.755000;4660.998000;4662.018000;0
20260407 150200;4662.045000;4666.138000;4662.045000;4665.838000;0
20260407 150300;4665.838000;4666.498000;4664.978000;4665.938000;0
20260407 150400;4665.798000;4665.978000;4664.305000;4664.855000;0
20260407 150500;4664.935000;4665.165000;4660.985000;4661.018000;0
20260407 150600;4660.998000;4663.938000;4660.578000;4663.005000;0
20260407 150700;4662.935000;4663.885000;4661.148000;4661.405000;0
20260407 150800;4661.255000;4668.048000;4660.225000;4663.635000;0
20260407 150900;4663.625000;4664.215000;4661.695000;4661.725000;0
20260407 151000;4661.695000;4667.085000;4661.685000;4665.898000;0
20260407 151100;4665.895000;4667.905000;4665.158000;4667.345000;0
20260407 151200;4667.295000;4667.735000;4665.795000;4666.185000;0
20260407 151300;4666.375000;4667.265000;4665.415000;4665.935000;0
20260407 151400;4665.935000;4668.555000;4665.725000;4667.635000;0
20260407 151500;4667.665000;4670.705000;4666.568000;4666.975000;0
20260407 151600;4666.975000;4671.115000;4666.955000;4669.825000;0
20260407 151700;4669.675000;4671.415000;4668.475000;4668.495000;0
20260407 151800;4668.515000;4682.055000;4668.105000;4680.905000;0
20260407 151900;4680.905000;4691.605000;4679.215000;4689.785000;0
20260407 152000;4689.815000;4702.565000;4687.765000;4700.905000;0
20260407 152100;4701.455000;4702.125000;4690.748000;4692.555000;0
20260407 152200;4692.565000;4693.225000;4689.125000;4690.955000;0
20260407 152300;4690.715000;4690.865000;4685.535000;4685.815000;0
20260407 152400;4685.735000;4689.565000;4685.085000;4689.135000;0
20260407 152500;4689.165000;4690.915000;4686.335000;4689.895000;0
20260407 152600;4689.955000;4691.445000;4685.835000;4687.585000;0
20260407 152700;4687.615000;4688.745000;4685.778000;4687.875000;0
20260407 152800;4687.588000;4690.525000;4686.818000;4690.525000;0
20260407 152900;4690.578000;4690.578000;4685.998000;4687.065000;0
20260407 153000;4687.125000;4687.275000;4684.878000;4685.198000;0
20260407 153100;4685.185000;4686.118000;4682.258000;4683.918000;0
20260407 153200;4683.818000;4687.998000;4683.638000;4686.905000;0
20260407 153300;4686.865000;4688.218000;4685.758000;4686.218000;0
20260407 153400;4685.678000;4686.838000;4684.498000;4685.738000;0
20260407 153500;4685.738000;4685.898000;4682.258000;4684.135000;0
20260407 153600;4684.105000;4689.205000;4684.105000;4688.618000;0
20260407 153700;4688.678000;4690.985000;4687.995000;4688.678000;0
20260407 153800;4688.798000;4689.378000;4685.635000;4686.275000;0
20260407 153900;4686.455000;4687.035000;4684.958000;4685.585000;0
20260407 154000;4685.565000;4686.518000;4683.035000;4685.675000;0
20260407 154100;4685.635000;4687.658000;4685.085000;4686.845000;0
20260407 154200;4686.858000;4686.918000;4682.738000;4683.838000;0
20260407 154300;4683.805000;4685.425000;4683.065000;4683.518000;0
20260407 154400;4683.538000;4690.765000;4681.478000;4686.745000;0
20260407 154500;4686.755000;4712.525000;4685.315000;4711.065000;0
20260407 154600;4709.445000;4714.825000;4706.245000;4713.558000;0
20260407 154700;4713.658000;4713.658000;4708.235000;4713.098000;0
20260407 154800;4713.098000;4716.418000;4708.098000;4710.378000;0
20260407 154900;4710.298000;4718.465000;4702.585000;4705.525000;0
20260407 155000;4705.945000;4710.145000;4703.978000;4706.618000;0
20260407 155100;4706.818000;4711.995000;4706.818000;4711.835000;0
20260407 155200;4711.815000;4711.815000;4700.088000;4700.298000;0
20260407 155300;4700.338000;4700.618000;4694.745000;4698.138000;0
20260407 155400;4698.138000;4701.145000;4696.818000;4699.438000;0
20260407 155500;4699.285000;4701.158000;4697.458000;4699.698000;0
20260407 155600;4699.658000;4700.458000;4697.458000;4700.458000;0
20260407 155700;4700.438000;4701.635000;4696.198000;4701.165000;0
20260407 155800;4701.205000;4701.635000;4698.118000;4699.945000;0
20260407 155900;4699.715000;4701.715000;4698.885000;4700.415000;0
20260407 160000;4700.475000;4703.045000;4697.055000;4700.105000;0
20260407 160100;4700.125000;4710.475000;4700.125000;4710.135000;0
20260407 160200;4710.175000;4710.185000;4703.615000;4706.845000;0
20260407 160300;4706.875000;4709.535000;4706.025000;4706.375000;0
20260407 160400;4706.235000;4707.505000;4703.785000;4705.095000;0
20260407 160500;4705.125000;4705.525000;4698.578000;4698.715000;0
20260407 160600;4698.775000;4701.765000;4696.748000;4701.745000;0
20260407 160700;4701.715000;4702.455000;4699.005000;4702.455000;0
20260407 160800;4702.538000;4707.948000;4702.538000;4707.408000;0
20260407 160900;4707.438000;4708.358000;4706.098000;4707.148000;0
20260407 161000;4707.168000;4709.988000;4706.695000;4709.388000;0
20260407 161100;4709.388000;4709.388000;4705.855000;4705.875000;0
20260407 161200;4705.085000;4707.708000;4704.778000;4707.538000;0
20260407 161300;4707.538000;4707.538000;4705.115000;4705.425000;0
20260407 161400;4705.485000;4709.655000;4704.935000;4708.135000;0
20260407 161500;4708.165000;4712.705000;4705.915000;4707.305000;0
20260407 161600;4707.305000;4707.815000;4705.675000;4706.935000;0
20260407 161700;4706.965000;4707.345000;4705.595000;4706.515000;0
20260407 161800;4706.765000;4708.655000;4706.015000;4708.475000;0
20260407 161900;4708.375000;4709.645000;4705.185000;4707.595000;0
20260407 162000;4707.625000;4708.528000;4706.488000;4708.528000;0
20260407 162100;4708.335000;4708.538000;4703.655000;4704.768000;0
20260407 162200;4704.908000;4706.638000;4704.278000;4705.178000;0
20260407 162300;4705.325000;4706.115000;4704.238000;4704.318000;0
20260407 162400;4704.395000;4707.295000;4704.338000;4707.295000;0
20260407 162500;4707.295000;4707.568000;4705.365000;4705.845000;0
20260407 162600;4705.875000;4706.715000;4703.805000;4704.555000;0
20260407 162700;4704.405000;4712.445000;4704.305000;4711.715000;0
20260407 162800;4711.635000;4712.155000;4708.148000;4711.565000;0
20260407 162900;4711.585000;4711.935000;4709.678000;4709.778000;0
20260407 163000;4710.495000;4712.465000;4710.495000;4711.845000;0
20260407 163100;4711.245000;4715.055000;4711.105000;4713.245000;0
20260407 163200;4713.245000;4713.265000;4709.015000;4709.045000;0
20260407 163300;4709.045000;4712.635000;4708.848000;4711.615000;0
20260407 163400;4711.635000;4712.345000;4710.155000;4710.295000;0
20260407 163500;4710.295000;4714.315000;4710.295000;4713.755000;0
20260407 163600;4713.775000;4715.025000;4703.385000;4705.595000;0
20260407 163700;4705.655000;4707.575000;4703.165000;4704.245000;0
20260407 163800;4704.245000;4707.735000;4703.885000;4705.445000;0
20260407 163900;4705.445000;4708.445000;4705.215000;4707.865000;0
20260407 164000;4707.545000;4708.825000;4706.858000;4707.685000;0
20260407 164100;4707.645000;4716.178000;4707.005000;4715.415000;0
20260407 164200;4715.575000;4716.558000;4710.475000;4713.635000;0
20260407 164300;4713.605000;4716.295000;4710.215000;4710.645000;0
20260407 164400;4710.355000;4711.415000;4706.675000;4707.655000;0
20260407 164500;4708.035000;4711.015000;4707.115000;4709.865000;0
20260407 164600;4710.335000;4710.935000;4708.308000;4710.755000;0
20260407 164700;4710.955000;4712.215000;4710.925000;4711.645000;0
20260407 164800;4711.715000;4712.335000;4709.955000;4710.285000;0
20260407 164900;4710.358000;4712.545000;4709.335000;4711.865000;0
20260407 165000;4711.298000;4711.425000;4709.665000;4710.925000;0
20260407 165100;4711.035000;4711.195000;4707.405000;4710.355000;0
20260407 165200;4710.315000;4710.315000;4707.225000;4708.075000;0
20260407 165300;4708.485000;4710.225000;4708.085000;4709.515000;0
20260407 165400;4709.565000;4709.665000;4707.915000;4708.375000;0
20260407 165500;4708.395000;4713.518000;4708.258000;4712.985000;0
20260407 165600;4712.885000;4712.885000;4706.335000;4711.085000;0
20260407 165700;4711.075000;4711.075000;4705.625000;4706.185000;0
20260407 165800;4706.255000;4707.325000;4704.325000;4705.185000;0
20260407 165900;4705.085000;4706.935000;4700.093000;4704.785000;0
20260407 180000;4718.018000;4747.165000;4718.018000;4746.875000;0
20260407 180100;4746.845000;4746.845000;4731.698000;4743.005000;0
20260407 180200;4742.775000;4746.845000;4735.365000;4736.738000;0
20260407 180300;4736.448000;4739.085000;4733.665000;4735.805000;0
20260407 180400;4735.795000;4744.975000;4731.605000;4744.085000;0
20260407 180500;4743.825000;4749.648000;4740.945000;4749.035000;0
20260407 180600;4749.005000;4751.425000;4745.005000;4748.945000;0
20260407 180700;4748.985000;4749.735000;4744.905000;4749.155000;0
20260407 180800;4749.055000;4750.635000;4741.525000;4744.105000;0
20260407 180900;4744.085000;4747.315000;4741.615000;4743.675000;0
20260407 181000;4743.675000;4744.175000;4735.578000;4737.225000;0
20260407 181100;4737.255000;4741.715000;4735.185000;4736.735000;0
20260407 181200;4736.745000;4738.445000;4733.285000;4733.545000;0
20260407 181300;4733.685000;4737.465000;4733.655000;4737.145000;0
20260407 181400;4737.165000;4739.455000;4730.675000;4731.465000;0
20260407 181500;4731.495000;4733.775000;4729.605000;4732.735000;0
20260407 181600;4732.765000;4733.435000;4727.885000;4732.385000;0
20260407 181700;4732.475000;4732.985000;4727.525000;4730.715000;0
20260407 181800;4730.685000;4731.435000;4725.285000;4727.305000;0
20260407 181900;4727.285000;4731.055000;4727.045000;4730.095000;0
20260407 182000;4730.135000;4730.825000;4725.915000;4726.775000;0
20260407 182100;4726.725000;4728.298000;4726.405000;4726.725000;0
20260407 182200;4726.785000;4730.865000;4726.435000;4730.245000;0
20260407 182300;4730.265000;4731.135000;4728.365000;4728.615000;0
20260407 182400;4728.635000;4729.255000;4727.285000;4727.915000;0
20260407 182500;4728.035000;4728.325000;4726.815000;4727.955000;0
20260407 182600;4728.155000;4730.815000;4727.255000;4730.815000;0
20260407 182700;4730.795000;4732.635000;4729.845000;4731.555000;0
20260407 182800;4731.755000;4732.365000;4730.035000;4732.365000;0
20260407 182900;4732.385000;4735.975000;4730.995000;4735.195000;0
20260407 183000;4735.165000;4739.765000;4735.145000;4738.135000;0
20260407 183100;4738.115000;4738.115000;4733.018000;4734.165000;0
20260407 183200;4734.345000;4759.445000;4712.645000;4732.395000;0
20260407 183300;4732.445000;4747.235000;4721.755000;4743.755000;0
20260407 183400;4743.495000;4763.975000;4739.925000;4760.275000;0
20260407 183500;4760.225000;4764.898000;4751.635000;4763.445000;0
20260407 183600;4763.395000;4765.145000;4757.825000;4764.145000;0
20260407 183700;4764.175000;4764.955000;4758.375000;4764.275000;0
20260407 183800;4764.155000;4765.425000;4761.775000;4764.455000;0
20260407 183900;4764.255000;4779.685000;4762.265000;4774.725000;0
20260407 184000;4774.785000;4779.398000;4772.605000;4778.275000;0
20260407 184100;4778.525000;4779.515000;4774.765000;4775.015000;0
20260407 184200;4775.145000;4776.425000;4770.835000;4776.425000;0
20260407 184300;4775.955000;4778.235000;4772.845000;4776.025000;0
20260407 184400;4776.205000;4777.485000;4769.185000;4769.185000;0
20260407 184500;4769.625000;4771.695000;4768.715000;4769.625000;0
20260407 184600;4770.045000;4773.665000;4764.795000;4767.785000;0
20260407 184700;4767.745000;4771.438000;4764.975000;4768.378000;0
20260407 184800;4768.378000;4768.778000;4763.888000;4764.445000;0
20260407 184900;4764.475000;4771.635000;4761.175000;4771.585000;0
20260407 185000;4771.625000;4778.118000;4770.005000;4777.275000;0
20260407 185100;4777.305000;4779.798000;4774.955000;4779.545000;0
20260407 185200;4779.448000;4780.185000;4777.045000;4777.735000;0
20260407 185300;4777.415000;4783.135000;4777.325000;4782.705000;0
20260407 185400;4782.735000;4800.695000;4782.635000;4793.255000;0
20260407 185500;4793.225000;4810.075000;4792.825000;4807.775000;0
20260407 185600;4807.735000;4816.595000;4807.165000;4809.235000;0
20260407 185700;4809.195000;4818.155000;4807.338000;4817.765000;0
20260407 185800;4817.835000;4819.058000;4814.878000;4814.878000;0
20260407 185900;4815.038000;4818.678000;4811.578000;4817.738000;0
20260407 190000;4817.778000;4818.998000;4800.498000;4804.718000;0
20260407 190100;4804.818000;4810.758000;4802.178000;4810.128000;0
20260407 190200;4810.458000;4816.598000;4806.285000;4811.818000;0
20260407 190300;4811.928000;4824.378000;4810.065000;4820.408000;0
20260407 190400;4819.005000;4822.298000;4810.008000;4810.548000;0
20260407 190500;4810.378000;4815.618000;4804.465000;4815.098000;0
20260407 190600;4815.698000;4817.168000;4808.448000;4814.918000;0
20260407 190700;4814.918000;4816.908000;4806.268000;4809.058000;0
20260407 190800;4809.508000;4813.318000;4805.855000;4811.228000;0
20260407 190900;4811.248000;4815.698000;4810.285000;4814.068000;0
20260407 191000;4814.068000;4819.735000;4811.065000;4815.195000;0
20260407 191100;4815.225000;4819.225000;4810.048000;4811.078000;0
20260407 191200;4811.088000;4813.755000;4808.175000;4809.448000;0
20260407 191300;4809.448000;4813.145000;4806.038000;4809.095000;0
20260407 191400;4809.045000;4821.675000;4808.545000;4817.805000;0
20260407 191500;4817.825000;4818.645000;4809.728000;4811.645000;0
20260407 191600;4811.715000;4816.915000;4810.678000;4816.338000;0
20260407 191700;4816.338000;4817.728000;4812.955000;4813.625000;0
20260407 191800;4813.648000;4816.705000;4812.555000;4816.275000;0
20260407 191900;4816.245000;4824.355000;4814.685000;4823.895000;0
20260407 192000;4823.955000;4825.595000;4820.035000;4820.145000;0
20260407 192100;4820.145000;4823.795000;4817.045000;4821.565000;0
20260407 192200;4821.585000;4826.735000;4821.218000;4825.815000;0
20260407 192300;4825.568000;4828.308000;4819.255000;4819.865000;0
20260407 192400;4819.905000;4822.895000;4817.545000;4818.185000;0
20260407 192500;4818.125000;4819.018000;4806.965000;4809.535000;0
20260407 192600;4809.615000;4812.945000;4809.405000;4812.605000;0
20260407 192700;4812.625000;4814.885000;4809.475000;4811.545000;0
20260407 192800;4811.678000;4814.315000;4808.848000;4813.985000;0
20260407 192900;4814.015000;4816.045000;4811.675000;4814.365000;0
20260407 193000;4814.345000;4817.155000;4811.115000;4811.245000;0
20260407 193100;4811.695000;4812.595000;4809.295000;4809.655000;0
20260407 193200;4809.705000;4813.525000;4809.195000;4812.745000;0
20260407 193300;4812.725000;4813.005000;4809.195000;4810.118000;0
20260407 193400;4810.098000;4811.798000;4807.255000;4808.058000;0
20260407 193500;4807.958000;4809.355000;4804.645000;4809.085000;0
20260407 193600;4809.165000;4809.635000;4805.218000;4806.418000;0
20260407 193700;4806.565000;4814.315000;4806.525000;4811.878000;0
20260407 193800;4811.878000;4814.898000;4807.955000;4809.628000;0
20260407 193900;4809.698000;4810.478000;4803.685000;4810.285000;0
20260407 194000;4810.245000;4812.355000;4808.285000;4811.625000;0
20260407 194100;4811.575000;4812.835000;4807.845000;4808.755000;0
20260407 194200;4808.735000;4811.315000;4808.015000;4811.315000;0
20260407 194300;4811.335000;4811.545000;4808.945000;4809.355000;0
20260407 194400;4809.345000;4813.035000;4809.345000;4812.725000;0
20260407 194500;4812.745000;4815.205000;4812.135000;4813.705000;0
20260407 194600;4813.605000;4816.525000;4811.445000;4812.045000;0
20260407 194700;4812.085000;4813.175000;4810.415000;4812.885000;0
20260407 194800;4813.115000;4814.245000;4812.035000;4812.545000;0
20260407 194900;4812.495000;4813.175000;4810.475000;4811.785000;0
20260407 195000;4811.815000;4817.205000;4809.825000;4817.005000;0
20260407 195100;4816.985000;4818.005000;4812.975000;4814.485000;0
20260407 195200;4814.515000;4819.485000;4812.975000;4819.485000;0
20260407 195300;4819.455000;4824.035000;4819.455000;4822.655000;0
20260407 195400;4822.645000;4823.985000;4818.495000;4818.495000;0
20260407 195500;4818.555000;4821.005000;4814.885000;4818.158000;0
20260407 195600;4818.775000;4818.925000;4814.505000;4816.735000;0
20260407 195700;4816.615000;4823.285000;4816.215000;4823.245000;0
20260407 195800;4823.275000;4836.105000;4823.255000;4834.645000;0
20260407 195900;4834.915000;4835.655000;4830.285000;4832.958000;0
20260407 200000;4832.958000;4840.515000;4830.198000;4840.465000;0
20260407 200100;4840.615000;4845.118000;4836.655000;4843.285000;0
20260407 200200;4843.478000;4852.055000;4843.018000;4850.838000;0
20260407 200300;4850.898000;4851.498000;4841.465000;4845.345000;0
20260407 200400;4845.225000;4849.235000;4843.375000;4845.345000;0
20260407 200500;4845.238000;4846.225000;4841.085000;4845.245000;0
20260407 200600;4845.225000;4856.998000;4844.935000;4847.115000;0
20260407 200700;4847.035000;4849.925000;4840.685000;4848.675000;0
20260407 200800;4848.655000;4848.815000;4839.035000;4839.815000;0
20260407 200900;4839.795000;4842.675000;4836.765000;4838.985000;0
20260407 201000;4838.985000;4842.188000;4831.748000;4835.085000;0
20260407 201100;4834.915000;4842.595000;4834.615000;4841.765000;0
20260407 201200;4841.785000;4842.005000;4835.435000;4837.955000;0
20260407 201300;4837.985000;4843.475000;4837.935000;4839.235000;0
20260407 201400;4839.215000;4839.555000;4830.315000;4834.635000;0
20260407 201500;4834.845000;4834.988000;4829.995000;4831.715000;0
20260407 201600;4831.525000;4838.465000;4831.125000;4832.465000;0
20260407 201700;4832.608000;4834.055000;4829.025000;4831.805000;0
20260407 201800;4831.515000;4835.915000;4830.625000;4831.725000;0
20260407 201900;4831.825000;4833.115000;4829.625000;4832.905000;0
20260407 202000;4832.835000;4833.945000;4826.795000;4827.845000;0
20260407 202100;4827.795000;4829.035000;4826.825000;4827.165000;0
20260407 202200;4827.125000;4829.785000;4826.688000;4829.125000;0
20260407 202300;4829.145000;4830.965000;4828.415000;4829.925000;0
20260407 202400;4830.215000;4832.675000;4827.195000;4827.675000;0
20260407 202500;4827.795000;4828.625000;4821.535000;4823.405000;0
20260407 202600;4823.185000;4826.505000;4821.885000;4823.035000;0
20260407 202700;4822.955000;4824.785000;4820.485000;4822.095000;0
20260407 202800;4822.055000;4822.985000;4818.518000;4820.605000;0
20260407 202900;4820.545000;4825.075000;4820.545000;4822.425000;0
20260407 203000;4822.455000;4824.585000;4818.255000;4819.875000;0
20260407 203100;4819.695000;4820.465000;4817.525000;4819.435000;0
20260407 203200;4819.415000;4820.325000;4818.325000;4819.515000;0
20260407 203300;4819.495000;4820.745000;4814.255000;4814.315000;0
20260407 203400;4814.255000;4817.485000;4814.145000;4815.505000;0
20260407 203500;4815.305000;4817.055000;4812.465000;4813.885000;0
20260407 203600;4813.855000;4816.558000;4811.745000;4811.825000;0
20260407 203700;4812.338000;4819.945000;4812.318000;4819.378000;0
20260407 203800;4819.358000;4821.975000;4817.185000;4821.815000;0
20260407 203900;4821.865000;4822.555000;4820.415000;4820.525000;0
20260407 204000;4820.545000;4822.295000;4811.595000;4811.785000;0
20260407 204100;4811.765000;4815.025000;4811.268000;4814.225000;0
20260407 204200;4814.245000;4817.285000;4812.435000;4816.685000;0
20260407 204300;4816.645000;4817.155000;4814.595000;4816.695000;0
20260407 204400;4816.715000;4817.595000;4813.345000;4813.515000;0
20260407 204500;4813.535000;4813.785000;4809.045000;4809.545000;0
20260407 204600;4809.595000;4813.465000;4808.615000;4813.015000;0
20260407 204700;4812.955000;4814.085000;4810.625000;4811.245000;0
20260407 204800;4811.265000;4814.045000;4811.225000;4813.025000;0
20260407 204900;4813.005000;4815.955000;4812.865000;4814.965000;0
20260407 205000;4815.015000;4820.255000;4815.015000;4818.795000;0
20260407 205100;4818.745000;4821.065000;4818.035000;4820.385000;0
20260407 205200;4820.355000;4826.805000;4819.825000;4825.075000;0
20260407 205300;4825.075000;4825.075000;4817.688000;4819.465000;0
20260407 205400;4819.435000;4822.365000;4818.925000;4821.635000;0
20260407 205500;4821.555000;4823.415000;4819.645000;4819.715000;0
20260407 205600;4819.655000;4820.215000;4817.015000;4819.105000;0
20260407 205700;4819.015000;4819.045000;4812.375000;4815.005000;0
20260407 205800;4814.935000;4815.085000;4809.995000;4813.165000;0
20260407 205900;4813.675000;4819.895000;4813.675000;4817.335000;0
20260407 210000;4817.375000;4824.958000;4814.035000;4816.175000;0
20260407 210100;4816.485000;4820.475000;4813.055000;4815.525000;0
20260407 210200;4815.355000;4816.495000;4808.505000;4811.825000;0
20260407 210300;4811.795000;4812.495000;4805.898000;4809.155000;0
20260407 210400;4809.145000;4810.955000;4805.915000;4806.585000;0
20260407 210500;4806.748000;4814.825000;4806.748000;4812.385000;0
20260407 210600;4812.315000;4818.235000;4811.935000;4815.385000;0
20260407 210700;4815.405000;4817.385000;4813.145000;4814.605000;0
20260407 210800;4814.575000;4819.515000;4813.405000;4816.605000;0
20260407 210900;4816.255000;4818.645000;4814.015000;4818.625000;0
20260407 211000;4818.135000;4821.605000;4815.365000;4816.625000;0
20260407 211100;4816.565000;4819.135000;4815.145000;4818.515000;0
20260407 211200;4818.475000;4820.065000;4817.345000;4819.105000;0
20260407 211300;4818.855000;4821.505000;4818.418000;4819.505000;0
20260407 211400;4819.485000;4822.315000;4819.085000;4819.775000;0
20260407 211500;4819.775000;4821.925000;4819.025000;4819.355000;0
20260407 211600;4819.425000;4820.255000;4818.575000;4819.495000;0
20260407 211700;4819.335000;4819.745000;4818.515000;4819.055000;0
20260407 211800;4819.125000;4819.495000;4807.775000;4807.775000;0
20260407 211900;4807.715000;4809.765000;4800.095000;4802.195000;0
20260407 212000;4802.155000;4805.425000;4795.205000;4797.445000;0
20260407 212100;4797.595000;4802.175000;4793.395000;4799.845000;0
20260407 212200;4799.865000;4803.805000;4797.285000;4803.585000;0
20260407 212300;4803.775000;4807.735000;4802.985000;4804.875000;0
20260407 212400;4804.855000;4804.855000;4798.805000;4801.335000;0
20260407 212500;4801.315000;4804.575000;4800.425000;4803.625000;0
20260407 212600;4803.585000;4804.445000;4796.285000;4796.675000;0
20260407 212700;4796.325000;4798.945000;4795.265000;4798.605000;0
20260407 212800;4798.575000;4798.575000;4791.875000;4791.985000;0
20260407 212900;4792.055000;4794.935000;4792.055000;4793.605000;0
20260407 213000;4793.635000;4798.415000;4792.275000;4794.665000;0
20260407 213100;4794.495000;4797.285000;4789.155000;4791.855000;0
20260407 213200;4791.845000;4792.485000;4787.965000;4790.085000;0
20260407 213300;4790.165000;4799.265000;4789.505000;4798.105000;0
20260407 213400;4798.138000;4799.275000;4796.345000;4799.095000;0
20260407 213500;4799.125000;4800.095000;4798.205000;4799.135000;0
20260407 213600;4799.105000;4801.305000;4797.895000;4799.575000;0
20260407 213700;4799.595000;4804.205000;4799.155000;4802.575000;0
20260407 213800;4802.325000;4802.325000;4798.965000;4798.995000;0
20260407 213900;4798.905000;4800.235000;4798.365000;4798.365000;0
20260407 214000;4798.105000;4800.665000;4796.365000;4799.655000;0
20260407 214100;4799.675000;4802.875000;4799.615000;4802.525000;0
20260407 214200;4802.485000;4802.675000;4799.875000;4800.825000;0
20260407 214300;4800.805000;4801.045000;4797.145000;4798.525000;0
20260407 214400;4798.798000;4801.158000;4797.805000;4799.845000;0
20260407 214500;4799.865000;4802.925000;4798.165000;4802.315000;0
20260407 214600;4801.875000;4805.445000;4800.995000;4804.535000;0
20260407 214700;4804.465000;4805.515000;4802.195000;4803.535000;0
20260407 214800;4803.485000;4804.535000;4801.838000;4803.555000;0
20260407 214900;4803.575000;4807.825000;4803.565000;4807.775000;0
20260407 215000;4807.815000;4814.035000;4807.815000;4813.935000;0
20260407 215100;4813.585000;4814.005000;4812.495000;4813.175000;0
20260407 215200;4813.145000;4813.555000;4811.435000;4812.885000;0
20260407 215300;4812.965000;4813.195000;4811.825000;4812.375000;0
20260407 215400;4812.345000;4812.345000;4807.325000;4809.265000;0
20260407 215500;4809.485000;4810.215000;4807.005000;4808.515000;0
20260407 215600;4808.545000;4811.645000;4808.095000;4810.755000;0
20260407 215700;4810.705000;4810.705000;4807.585000;4808.858000;0
20260407 215800;4808.895000;4810.655000;4808.355000;4810.085000;0
20260407 215900;4810.095000;4811.918000;4809.085000;4809.905000;0
20260407 220000;4809.808000;4821.065000;4809.808000;4821.065000;0
20260407 220100;4821.115000;4821.115000;4815.578000;4817.535000;0
20260407 220200;4817.525000;4825.165000;4816.885000;4818.805000;0
20260407 220300;4818.825000;4821.225000;4818.175000;4819.045000;0
20260407 220400;4819.065000;4819.545000;4816.055000;4816.885000;0
20260407 220500;4816.935000;4818.425000;4816.185000;4816.275000;0
20260407 220600;4816.175000;4817.535000;4815.815000;4817.365000;0
20260407 220700;4817.335000;4818.355000;4816.175000;4817.675000;0
20260407 220800;4817.995000;4818.595000;4816.905000;4818.085000;0
20260407 220900;4818.335000;4818.335000;4815.225000;4816.185000;0
20260407 221000;4816.065000;4816.835000;4815.505000;4815.995000;0
20260407 221100;4816.015000;4816.275000;4813.315000;4814.375000;0
20260407 221200;4814.448000;4816.895000;4813.575000;4816.895000;0
20260407 221300;4816.825000;4819.175000;4816.215000;4816.345000;0
20260407 221400;4816.375000;4816.535000;4813.555000;4813.578000;0
20260407 221500;4813.645000;4813.645000;4811.395000;4812.755000;0
20260407 221600;4812.775000;4813.505000;4811.465000;4812.498000;0
20260407 221700;4812.508000;4812.875000;4811.048000;4812.295000;0
20260407 221800;4812.315000;4813.065000;4811.978000;4812.655000;0
20260407 221900;4812.695000;4813.295000;4811.808000;4812.135000;0
20260407 222000;4812.185000;4813.165000;4812.055000;4812.358000;0
20260407 222100;4812.358000;4813.465000;4811.538000;4812.445000;0
20260407 222200;4812.525000;4813.225000;4811.635000;4811.725000;0
20260407 222300;4811.715000;4812.398000;4811.065000;4811.735000;0
20260407 222400;4811.695000;4811.965000;4809.535000;4809.705000;0
20260407 222500;4809.675000;4810.195000;4807.508000;4808.585000;0
20260407 222600;4808.295000;4809.675000;4807.985000;4809.235000;0
20260407 222700;4809.105000;4810.245000;4808.695000;4810.215000;0
20260407 222800;4810.295000;4812.795000;4810.295000;4812.575000;0
20260407 222900;4812.575000;4813.205000;4811.015000;4811.425000;0
20260407 223000;4811.405000;4812.595000;4809.935000;4812.035000;0
20260407 223100;4812.015000;4812.105000;4809.655000;4810.155000;0
20260407 223200;4810.598000;4813.065000;4809.665000;4813.015000;0
20260407 223300;4812.995000;4815.695000;4812.645000;4813.465000;0
20260407 223400;4813.405000;4814.545000;4812.298000;4814.535000;0
20260407 223500;4814.435000;4815.848000;4814.025000;4814.035000;0
20260407 223600;4814.045000;4818.085000;4812.055000;4817.835000;0
20260407 223700;4817.885000;4818.765000;4816.775000;4818.695000;0
20260407 223800;4818.725000;4820.575000;4816.195000;4816.415000;0
20260407 223900;4816.365000;4816.405000;4813.468000;4813.708000;0
20260407 224000;4813.875000;4814.175000;4808.708000;4811.258000;0
20260407 224100;4811.265000;4812.575000;4809.415000;4810.755000;0
20260407 224200;4810.695000;4811.855000;4809.465000;4809.625000;0
20260407 224300;4809.685000;4810.235000;4808.095000;4808.155000;0
20260407 224400;4808.075000;4808.455000;4805.905000;4806.575000;0
20260407 224500;4806.425000;4808.065000;4805.605000;4807.055000;0
20260407 224600;4807.085000;4808.585000;4806.455000;4807.755000;0
20260407 224700;4807.895000;4808.205000;4806.125000;4806.405000;0
20260407 224800;4806.525000;4806.895000;4805.045000;4805.045000;0
20260407 224900;4805.135000;4806.285000;4804.295000;4805.755000;0
20260407 225000;4805.735000;4808.925000;4805.165000;4807.215000;0
20260407 225100;4807.105000;4808.685000;4804.615000;4804.995000;0
20260407 225200;4805.025000;4805.105000;4803.095000;4804.215000;0
20260407 225300;4804.285000;4804.575000;4802.998000;4803.275000;0
20260407 225400;4803.275000;4805.705000;4802.685000;4803.875000;0
20260407 225500;4803.605000;4804.015000;4800.785000;4800.815000;0
20260407 225600;4800.775000;4802.515000;4798.455000;4801.295000;0
20260407 225700;4801.255000;4801.275000;4799.938000;4801.015000;0
20260407 225800;4800.995000;4801.215000;4800.365000;4801.135000;0
20260407 225900;4801.105000;4803.885000;4800.845000;4803.695000;0
20260407 230000;4803.675000;4805.005000;4802.725000;4804.535000;0
20260407 230100;4804.505000;4805.315000;4803.075000;4804.015000;0
20260407 230200;4804.095000;4805.625000;4803.645000;4804.565000;0
20260407 230300;4804.605000;4805.475000;4803.825000;4804.155000;0
20260407 230400;4804.225000;4804.645000;4803.225000;4803.295000;0
20260407 230500;4803.245000;4803.585000;4800.365000;4800.685000;0
20260407 230600;4800.755000;4801.655000;4800.158000;4801.115000;0
20260407 230700;4801.145000;4802.645000;4800.995000;4802.235000;0
20260407 230800;4802.205000;4803.085000;4801.865000;4802.175000;0
20260407 230900;4802.155000;4802.605000;4801.045000;4802.165000;0
20260407 231000;4802.145000;4802.725000;4801.645000;4802.105000;0
20260407 231100;4802.155000;4802.845000;4801.345000;4801.665000;0
20260407 231200;4801.855000;4802.045000;4800.018000;4801.585000;0
20260407 231300;4801.655000;4801.655000;4798.295000;4799.015000;0
20260407 231400;4799.145000;4799.665000;4797.715000;4798.615000;0
20260407 231500;4798.575000;4799.555000;4797.635000;4798.115000;0
20260407 231600;4798.155000;4799.435000;4797.635000;4799.075000;0
20260407 231700;4798.745000;4799.315000;4797.985000;4798.495000;0
20260407 231800;4798.485000;4798.485000;4796.145000;4797.665000;0
20260407 231900;4797.655000;4798.445000;4796.885000;4797.455000;0
20260407 232000;4797.435000;4799.945000;4796.645000;4799.935000;0
20260407 232100;4799.915000;4801.535000;4798.785000;4800.915000;0
20260407 232200;4800.905000;4801.478000;4798.825000;4798.895000;0
20260407 232300;4798.765000;4799.855000;4798.175000;4799.775000;0
20260407 232400;4799.585000;4800.635000;4799.065000;4800.175000;0
20260407 232500;4800.175000;4801.435000;4799.715000;4800.115000;0
20260407 232600;4800.185000;4801.075000;4799.478000;4800.965000;0
20260407 232700;4801.015000;4801.255000;4799.435000;4800.055000;0
20260407 232800;4800.085000;4800.845000;4798.825000;4800.655000;0
20260407 232900;4800.725000;4805.005000;4800.525000;4802.775000;0
20260407 233000;4802.685000;4803.395000;4801.695000;4802.925000;0
20260407 233100;4802.918000;4803.285000;4799.395000;4800.335000;0
20260407 233200;4800.395000;4800.395000;4794.725000;4795.565000;0
20260407 233300;4795.585000;4798.705000;4795.385000;4797.695000;0
20260407 233400;4797.755000;4799.945000;4796.885000;4799.905000;0
20260407 233500;4799.885000;4801.125000;4799.425000;4801.125000;0
20260407 233600;4801.345000;4801.345000;4800.025000;4800.415000;0
20260407 233700;4800.395000;4800.418000;4799.358000;4799.725000;0
20260407 233800;4799.645000;4800.205000;4798.325000;4798.325000;0
20260407 233900;4798.355000;4798.888000;4796.595000;4797.135000;0
20260407 234000;4797.085000;4800.075000;4797.085000;4799.985000;0
20260407 234100;4800.045000;4803.055000;4800.045000;4801.565000;0
20260407 234200;4801.535000;4802.095000;4801.095000;4801.875000;0
20260407 234300;4801.915000;4802.305000;4801.518000;4802.285000;0
20260407 234400;4802.575000;4804.705000;4799.595000;4799.985000;0
20260407 234500;4799.965000;4800.495000;4798.655000;4798.895000;0
20260407 234600;4799.385000;4800.855000;4798.705000;4799.415000;0
20260407 234700;4799.485000;4800.085000;4797.525000;4798.395000;0
20260407 234800;4798.355000;4799.835000;4798.355000;4798.965000;0
20260407 234900;4798.815000;4799.055000;4798.235000;4798.445000;0
20260407 235000;4798.495000;4799.265000;4798.015000;4799.025000;0
20260407 235100;4799.005000;4804.335000;4798.755000;4802.765000;0
20260407 235200;4802.765000;4803.325000;4800.915000;4803.035000;0
20260407 235300;4803.035000;4803.055000;4801.395000;4802.255000;0
20260407 235400;4802.255000;4802.275000;4799.895000;4800.025000;0
20260407 235500;4800.055000;4800.695000;4798.915000;4800.665000;0
20260407 235600;4800.595000;4801.755000;4799.815000;4800.885000;0
20260407 235700;4800.915000;4801.455000;4800.025000;4800.695000;0
20260407 235800;4800.775000;4800.825000;4798.455000;4798.455000;0
20260407 235900;4798.395000;4798.665000;4796.115000;4797.215000;0
20260408 000000;4797.295000;4800.255000;4796.645000;4798.155000;0
20260408 000100;4798.185000;4801.005000;4798.145000;4799.175000;0
20260408 000200;4799.195000;4799.925000;4798.465000;4798.635000;0
20260408 000300;4798.335000;4799.345000;4797.675000;4797.925000;0
20260408 000400;4797.905000;4798.555000;4797.245000;4797.315000;0
20260408 000500;4797.285000;4798.125000;4797.105000;4797.125000;0
20260408 000600;4797.085000;4798.495000;4796.805000;4798.115000;0
20260408 000700;4798.165000;4798.165000;4793.805000;4794.425000;0
20260408 000800;4794.375000;4795.515000;4793.655000;4794.125000;0
20260408 000900;4793.965000;4794.665000;4793.355000;4794.195000;0
20260408 001000;4794.225000;4795.925000;4793.905000;4795.495000;0
20260408 001100;4795.375000;4796.395000;4794.065000;4795.455000;0
20260408 001200;4795.495000;4796.075000;4794.775000;4795.665000;0
20260408 001300;4795.815000;4796.125000;4795.215000;4795.795000;0
20260408 001400;4795.815000;4797.765000;4795.315000;4797.125000;0
20260408 001500;4797.105000;4797.625000;4796.095000;4796.255000;0
20260408 001600;4796.285000;4798.325000;4796.255000;4797.685000;0
20260408 001700;4797.655000;4797.675000;4791.605000;4791.965000;0
20260408 001800;4791.935000;4793.825000;4791.935000;4792.765000;0
20260408 001900;4792.725000;4795.835000;4792.725000;4794.555000;0
20260408 002000;4794.585000;4794.715000;4792.275000;4793.395000;0
20260408 002100;4793.285000;4793.325000;4791.285000;4791.655000;0
20260408 002200;4791.625000;4791.815000;4790.745000;4791.155000;0
20260408 002300;4791.465000;4791.955000;4790.405000;4790.445000;0
20260408 002400;4790.475000;4791.585000;4789.985000;4790.905000;0
20260408 002500;4790.925000;4793.075000;4790.495000;4792.615000;0
20260408 002600;4792.645000;4795.825000;4792.645000;4795.365000;0
20260408 002700;4795.395000;4795.805000;4794.535000;4795.805000;0
20260408 002800;4795.785000;4799.565000;4795.775000;4799.435000;0
20260408 002900;4799.295000;4803.996000;4799.255000;4802.035000;0
20260408 003000;4802.185000;4803.515000;4800.745000;4803.425000;0
20260408 003100;4803.425000;4804.505000;4802.515000;4802.975000;0
20260408 003200;4802.905000;4803.045000;4802.115000;4802.645000;0
20260408 003300;4802.675000;4803.095000;4800.655000;4801.125000;0
20260408 003400;4801.105000;4801.725000;4800.795000;4801.025000;0
20260408 003500;4800.995000;4801.415000;4800.775000;4800.945000;0
20260408 003600;4800.875000;4802.195000;4800.575000;4801.055000;0
20260408 003700;4801.305000;4801.935000;4800.575000;4800.965000;0
20260408 003800;4800.985000;4805.355000;4800.985000;4804.045000;0
20260408 003900;4803.675000;4804.905000;4803.645000;4804.065000;0
20260408 004000;4804.085000;4804.515000;4803.625000;4804.065000;0
20260408 004100;4804.095000;4804.105000;4803.095000;4803.335000;0
20260408 004200;4803.395000;4806.475000;4803.395000;4804.945000;0
20260408 004300;4804.975000;4805.065000;4802.995000;4803.735000;0
20260408 004400;4803.785000;4803.785000;4802.188000;4802.555000;0
20260408 004500;4802.795000;4803.765000;4801.925000;4801.985000;0
20260408 004600;4802.055000;4802.055000;4800.155000;4801.215000;0
20260408 004700;4801.195000;4801.645000;4799.715000;4799.745000;0
20260408 004800;4799.765000;4800.525000;4798.165000;4800.525000;0
20260408 004900;4800.855000;4800.855000;4797.625000;4798.515000;0
20260408 005000;4798.485000;4800.035000;4797.835000;4799.755000;0
20260408 005100;4799.825000;4801.975000;4799.785000;4801.655000;0
20260408 005200;4801.625000;4801.825000;4799.735000;4800.695000;0
20260408 005300;4800.865000;4801.355000;4799.975000;4800.085000;0
20260408 005400;4800.125000;4802.045000;4799.905000;4800.135000;0
20260408 005500;4800.085000;4801.395000;4799.355000;4801.375000;0
20260408 005600;4801.105000;4801.125000;4798.765000;4799.025000;0
20260408 005700;4799.105000;4799.725000;4798.845000;4799.295000;0
20260408 005800;4799.315000;4802.675000;4799.095000;4802.455000;0
20260408 005900;4802.495000;4803.665000;4802.495000;4803.345000;0
20260408 010000;4803.305000;4803.905000;4802.215000;4803.425000;0
20260408 010100;4803.505000;4804.145000;4802.875000;4803.955000;0
20260408 010200;4803.985000;4803.985000;4801.455000;4802.165000;0
20260408 010300;4802.245000;4802.465000;4800.135000;4801.755000;0
20260408 010400;4801.805000;4806.565000;4801.595000;4805.955000;0
20260408 010500;4805.995000;4806.985000;4805.365000;4805.795000;0
20260408 010600;4805.555000;4807.458000;4805.475000;4806.805000;0
20260408 010700;4806.765000;4809.805000;4806.575000;4809.365000;0
20260408 010800;4809.285000;4810.135000;4808.165000;4810.065000;0
20260408 010900;4810.035000;4810.035000;4807.625000;4808.095000;0
20260408 011000;4808.055000;4809.065000;4807.105000;4808.315000;0
20260408 011100;4808.475000;4809.895000;4808.255000;4809.895000;0
20260408 011200;4809.865000;4810.285000;4808.195000;4808.345000;0
20260408 011300;4808.345000;4808.615000;4805.455000;4806.998000;0
20260408 011400;4807.505000;4810.375000;4807.425000;4809.205000;0
20260408 011500;4809.235000;4809.865000;4808.075000;4809.105000;0
20260408 011600;4809.125000;4809.125000;4806.425000;4807.505000;0
20260408 011700;4807.545000;4808.895000;4807.425000;4808.695000;0
20260408 011800;4808.775000;4810.005000;4808.155000;4809.735000;0
20260408 011900;4809.775000;4810.115000;4809.045000;4809.535000;0
20260408 012000;4809.555000;4809.935000;4808.175000;4808.895000;0
20260408 012100;4808.865000;4810.455000;4808.855000;4809.345000;0
20260408 012200;4809.295000;4810.505000;4808.715000;4810.205000;0
20260408 012300;4810.235000;4810.795000;4808.665000;4810.275000;0
20260408 012400;4810.315000;4812.015000;4810.195000;4810.965000;0
20260408 012500;4810.965000;4812.865000;4810.775000;4811.255000;0
20260408 012600;4811.165000;4811.785000;4810.305000;4811.605000;0
20260408 012700;4811.605000;4815.345000;4811.515000;4814.535000;0
20260408 012800;4814.535000;4816.365000;4814.105000;4815.455000;0
20260408 012900;4815.455000;4816.255000;4814.845000;4815.525000;0
20260408 013000;4815.495000;4817.695000;4815.195000;4816.435000;0
20260408 013100;4816.395000;4820.345000;4816.395000;4818.155000;0
20260408 013200;4818.245000;4818.625000;4815.055000;4815.405000;0
20260408 013300;4815.455000;4820.195000;4813.575000;4820.075000;0
20260408 013400;4820.125000;4823.145000;4819.365000;4821.765000;0
20260408 013500;4821.785000;4822.545000;4819.785000;4821.085000;0
20260408 013600;4820.975000;4821.245000;4819.435000;4821.045000;0
20260408 013700;4821.025000;4822.245000;4819.075000;4819.475000;0
20260408 013800;4819.525000;4819.565000;4816.945000;4818.205000;0
20260408 013900;4818.225000;4820.205000;4818.025000;4819.835000;0
20260408 014000;4819.745000;4822.925000;4819.745000;4822.535000;0
20260408 014100;4822.855000;4823.975000;4821.625000;4822.275000;0
20260408 014200;4822.305000;4824.715000;4821.955000;4823.385000;0
20260408 014300;4823.425000;4824.965000;4823.275000;4823.935000;0
20260408 014400;4823.915000;4824.605000;4822.015000;4822.165000;0
20260408 014500;4822.135000;4823.685000;4820.595000;4823.435000;0
20260408 014600;4823.205000;4826.115000;4823.105000;4825.535000;0
20260408 014700;4825.495000;4827.445000;4825.275000;4827.085000;0
20260408 014800;4827.175000;4828.105000;4826.155000;4827.735000;0
20260408 014900;4827.755000;4831.385000;4827.675000;4831.275000;0
20260408 015000;4831.295000;4833.425000;4830.705000;4832.485000;0
20260408 015100;4832.505000;4838.725000;4832.475000;4838.525000;0
20260408 015200;4838.505000;4841.065000;4837.575000;4841.065000;0
20260408 015300;4840.985000;4843.505000;4836.235000;4836.495000;0
20260408 015400;4836.325000;4836.835000;4834.975000;4836.275000;0
20260408 015500;4836.255000;4836.335000;4833.998000;4834.085000;0
20260408 015600;4834.078000;4834.095000;4829.395000;4829.395000;0
20260408 015700;4829.285000;4829.615000;4827.515000;4827.715000;0
20260408 015800;4827.995000;4827.995000;4824.805000;4825.575000;0
20260408 015900;4825.545000;4828.905000;4824.915000;4827.275000;0
20260408 020000;4827.235000;4833.005000;4826.975000;4832.795000;0
20260408 020100;4832.815000;4834.835000;4830.485000;4831.495000;0
20260408 020200;4831.685000;4832.365000;4828.798000;4829.745000;0
20260408 020300;4829.665000;4830.905000;4828.025000;4829.835000;0
20260408 020400;4829.895000;4830.915000;4828.655000;4830.435000;0
20260408 020500;4830.455000;4831.555000;4828.915000;4829.635000;0
20260408 020600;4829.715000;4829.735000;4827.295000;4827.865000;0
20260408 020700;4827.795000;4828.825000;4826.405000;4826.575000;0
20260408 020800;4826.545000;4826.545000;4821.075000;4821.665000;0
20260408 020900;4821.775000;4824.805000;4820.815000;4824.225000;0
20260408 021000;4824.265000;4827.505000;4824.265000;4826.745000;0
20260408 021100;4826.815000;4827.105000;4824.475000;4825.255000;0
20260408 021200;4825.285000;4826.765000;4824.095000;4824.325000;0
20260408 021300;4824.575000;4826.455000;4823.505000;4825.255000;0
20260408 021400;4825.225000;4826.365000;4824.605000;4826.235000;0
20260408 021500;4826.245000;4830.275000;4824.625000;4828.785000;0
20260408 021600;4828.925000;4830.335000;4826.395000;4827.805000;0
20260408 021700;4827.775000;4828.465000;4824.505000;4825.625000;0
20260408 021800;4825.595000;4828.015000;4824.295000;4827.805000;0
20260408 021900;4827.985000;4830.515000;4827.835000;4830.205000;0
20260408 022000;4830.155000;4834.215000;4829.015000;4833.735000;0
20260408 022100;4833.635000;4835.495000;4832.025000;4833.595000;0
20260408 022200;4833.545000;4835.075000;4830.205000;4832.645000;0
20260408 022300;4832.675000;4833.285000;4830.795000;4833.185000;0
20260408 022400;4833.265000;4834.345000;4831.895000;4833.445000;0
20260408 022500;4833.495000;4835.755000;4833.185000;4834.145000;0
20260408 022600;4834.125000;4834.745000;4832.495000;4833.555000;0
20260408 022700;4833.525000;4834.285000;4831.025000;4832.365000;0
20260408 022800;4832.075000;4835.605000;4831.875000;4833.965000;0
20260408 022900;4834.015000;4836.355000;4833.255000;4836.145000;0
20260408 023000;4836.205000;4836.735000;4830.945000;4831.935000;0
20260408 023100;4832.025000;4832.425000;4829.955000;4830.075000;0
20260408 023200;4830.435000;4832.085000;4828.925000;4830.815000;0
20260408 023300;4830.835000;4835.575000;4830.575000;4833.355000;0
20260408 023400;4833.385000;4833.635000;4830.555000;4832.655000;0
20260408 023500;4832.635000;4836.015000;4831.965000;4835.955000;0
20260408 023600;4835.975000;4839.575000;4830.425000;4830.895000;0
20260408 023700;4830.818000;4834.775000;4829.945000;4833.755000;0
20260408 023800;4833.725000;4834.185000;4832.805000;4833.845000;0
20260408 023900;4833.765000;4833.855000;4831.025000;4831.175000;0
20260408 024000;4831.265000;4831.885000;4830.575000;4831.635000;0
20260408 024100;4831.585000;4833.715000;4831.575000;4832.715000;0
20260408 024200;4832.805000;4836.975000;4832.705000;4835.675000;0
20260408 024300;4835.615000;4835.645000;4832.515000;4834.005000;0
20260408 024400;4833.905000;4836.165000;4833.635000;4835.475000;0
20260408 024500;4835.455000;4839.215000;4835.135000;4838.925000;0
20260408 024600;4838.995000;4839.325000;4833.475000;4835.215000;0
20260408 024700;4835.485000;4836.165000;4833.515000;4833.875000;0
20260408 024800;4833.895000;4834.665000;4832.448000;4833.755000;0
20260408 024900;4833.735000;4833.755000;4832.075000;4832.095000;0
20260408 025000;4831.965000;4832.785000;4827.895000;4830.165000;0
20260408 025100;4830.135000;4831.805000;4829.235000;4830.855000;0
20260408 025200;4830.885000;4831.305000;4826.285000;4826.935000;0
20260408 025300;4826.935000;4828.295000;4825.535000;4826.575000;0
20260408 025400;4826.545000;4827.395000;4821.005000;4823.045000;0
20260408 025500;4823.025000;4823.495000;4821.365000;4822.975000;0
20260408 025600;4823.015000;4823.525000;4819.725000;4820.005000;0
20260408 025700;4820.145000;4822.005000;4819.805000;4820.985000;0
20260408 025800;4821.165000;4823.265000;4820.775000;4822.195000;0
20260408 025900;4822.165000;4823.075000;4819.645000;4819.695000;0
20260408 030000;4819.675000;4820.595000;4815.895000;4816.585000;0
20260408 030100;4816.525000;4817.575000;4814.915000;4816.255000;0
20260408 030200;4816.335000;4816.455000;4807.145000;4814.405000;0
20260408 030300;4814.495000;4818.975000;4814.385000;4814.675000;0
20260408 030400;4814.725000;4815.925000;4812.425000;4812.615000;0
20260408 030500;4812.625000;4817.095000;4812.205000;4815.615000;0
20260408 030600;4815.495000;4815.685000;4812.855000;4814.685000;0
20260408 030700;4814.645000;4815.855000;4811.995000;4812.195000;0
20260408 030800;4812.165000;4816.565000;4812.165000;4815.375000;0
20260408 030900;4815.275000;4816.935000;4814.415000;4815.015000;0
20260408 031000;4814.965000;4815.205000;4811.235000;4812.005000;0
20260408 031100;4812.015000;4813.135000;4809.185000;4811.835000;0
20260408 031200;4811.815000;4815.125000;4811.335000;4814.985000;0
20260408 031300;4814.955000;4814.955000;4811.005000;4812.265000;0
20260408 031400;4812.235000;4815.405000;4811.725000;4812.225000;0
20260408 031500;4812.175000;4815.095000;4811.295000;4814.075000;0
20260408 031600;4813.948000;4814.655000;4810.778000;4810.875000;0
20260408 031700;4810.868000;4813.245000;4810.668000;4812.835000;0
20260408 031800;4812.865000;4814.085000;4811.445000;4812.905000;0
20260408 031900;4812.895000;4813.795000;4811.065000;4812.295000;0
20260408 032000;4812.265000;4814.415000;4809.548000;4809.548000;0
20260408 032100;4809.555000;4811.195000;4809.145000;4810.755000;0
20260408 032200;4810.955000;4813.975000;4810.705000;4812.775000;0
20260408 032300;4812.935000;4815.375000;4811.005000;4814.035000;0
20260408 032400;4814.035000;4816.115000;4813.025000;4815.745000;0
20260408 032500;4815.725000;4821.105000;4815.255000;4820.885000;0
20260408 032600;4820.838000;4820.878000;4817.545000;4819.305000;0
20260408 032700;4819.275000;4819.445000;4817.935000;4819.035000;0
20260408 032800;4819.055000;4819.985000;4817.905000;4818.525000;0
20260408 032900;4818.525000;4818.535000;4815.695000;4818.395000;0
20260408 033000;4818.335000;4818.495000;4816.525000;4817.205000;0
20260408 033100;4817.345000;4817.855000;4815.265000;4817.485000;0
20260408 033200;4817.485000;4818.295000;4813.985000;4814.205000;0
20260408 033300;4814.225000;4814.475000;4811.205000;4811.205000;0
20260408 033400;4811.155000;4811.695000;4807.785000;4809.705000;0
20260408 033500;4809.695000;4814.145000;4809.695000;4813.895000;0
20260408 033600;4813.845000;4813.845000;4807.995000;4810.065000;0
20260408 033700;4810.085000;4810.895000;4809.135000;4810.205000;0
20260408 033800;4810.205000;4810.205000;4806.505000;4807.825000;0
20260408 033900;4807.855000;4810.995000;4807.385000;4810.205000;0
20260408 034000;4810.155000;4810.805000;4808.785000;4809.535000;0
20260408 034100;4809.575000;4809.835000;4804.925000;4806.345000;0
20260408 034200;4806.395000;4808.825000;4806.395000;4808.085000;0
20260408 034300;4808.045000;4808.325000;4806.705000;4808.135000;0
20260408 034400;4808.155000;4809.755000;4807.785000;4808.845000;0
20260408 034500;4808.835000;4812.535000;4808.195000;4812.265000;0
20260408 034600;4812.265000;4814.635000;4812.265000;4812.815000;0
20260408 034700;4812.815000;4812.995000;4811.535000;4812.235000;0
20260408 034800;4812.155000;4813.765000;4811.355000;4813.455000;0
20260408 034900;4813.535000;4814.565000;4812.865000;4814.565000;0
20260408 035000;4815.075000;4815.685000;4813.485000;4814.335000;0
20260408 035100;4814.498000;4818.725000;4814.385000;4818.575000;0
20260408 035200;4818.575000;4819.825000;4817.705000;4818.315000;0
20260408 035300;4818.195000;4819.235000;4817.435000;4818.095000;0
20260408 035400;4818.035000;4818.785000;4817.205000;4818.745000;0
20260408 035500;4818.785000;4819.005000;4817.485000;4818.595000;0
20260408 035600;4818.595000;4820.245000;4818.595000;4819.475000;0
20260408 035700;4819.495000;4819.495000;4816.435000;4816.585000;0
20260408 035800;4816.535000;4817.255000;4813.885000;4814.575000;0
20260408 035900;4814.635000;4815.135000;4812.935000;4813.045000;0
20260408 040000;4813.355000;4813.605000;4810.595000;4810.675000;0
20260408 040100;4810.725000;4812.588000;4810.545000;4812.355000;0
20260408 040200;4812.425000;4814.025000;4811.645000;4814.025000;0
20260408 040300;4813.985000;4813.985000;4811.565000;4811.565000;0
20260408 040400;4811.565000;4816.415000;4807.855000;4816.385000;0
20260408 040500;4816.518000;4819.255000;4816.518000;4818.065000;0
20260408 040600;4818.085000;4818.515000;4815.455000;4817.835000;0
20260408 040700;4817.945000;4817.965000;4814.775000;4814.815000;0
20260408 040800;4814.895000;4817.285000;4814.895000;4816.615000;0
20260408 040900;4816.655000;4816.765000;4815.615000;4815.805000;0
20260408 041000;4815.775000;4815.775000;4813.855000;4814.575000;0
20260408 041100;4814.555000;4815.265000;4811.245000;4812.005000;0
20260408 041200;4811.955000;4813.595000;4811.615000;4812.805000;0
20260408 041300;4812.835000;4815.235000;4812.495000;4814.965000;0
20260408 041400;4814.675000;4816.455000;4814.265000;4814.938000;0
20260408 041500;4815.205000;4816.035000;4814.575000;4815.125000;0
20260408 041600;4815.095000;4816.605000;4814.765000;4815.725000;0
20260408 041700;4815.585000;4816.825000;4815.325000;4815.745000;0
20260408 041800;4815.755000;4817.498000;4815.755000;4817.365000;0
20260408 041900;4817.265000;4819.555000;4817.265000;4818.665000;0
20260408 042000;4818.695000;4818.975000;4814.525000;4815.245000;0
20260408 042100;4815.185000;4817.205000;4814.855000;4815.055000;0
20260408 042200;4815.155000;4815.475000;4812.415000;4813.105000;0
20260408 042300;4813.375000;4813.375000;4811.105000;4811.375000;0
20260408 042400;4811.345000;4811.345000;4807.035000;4807.775000;0
20260408 042500;4807.398000;4809.435000;4801.155000;4805.055000;0
20260408 042600;4805.025000;4805.445000;4798.235000;4801.495000;0
20260408 042700;4801.475000;4804.395000;4800.755000;4804.375000;0
20260408 042800;4804.315000;4804.615000;4802.525000;4803.875000;0
20260408 042900;4803.905000;4808.325000;4803.845000;4808.325000;0
20260408 043000;4808.295000;4808.375000;4803.995000;4805.875000;0
20260408 043100;4805.905000;4806.035000;4803.915000;4805.865000;0
20260408 043200;4805.845000;4805.845000;4802.665000;4803.395000;0
20260408 043300;4803.438000;4805.365000;4803.095000;4804.098000;0
20260408 043400;4804.205000;4804.375000;4802.358000;4802.705000;0
20260408 043500;4802.575000;4806.335000;4801.435000;4806.245000;0
20260408 043600;4806.205000;4807.065000;4802.818000;4804.335000;0
20260408 043700;4804.335000;4805.578000;4803.155000;4803.785000;0
20260408 043800;4803.755000;4804.195000;4802.685000;4803.205000;0
20260408 043900;4803.225000;4804.375000;4801.665000;4802.475000;0
20260408 044000;4802.495000;4804.465000;4801.825000;4802.485000;0
20260408 044100;4801.538000;4802.055000;4797.335000;4797.395000;0
20260408 044200;4797.365000;4797.385000;4790.145000;4790.785000;0
20260408 044300;4790.735000;4794.575000;4790.555000;4793.655000;0
20260408 044400;4793.635000;4795.035000;4790.258000;4793.255000;0
20260408 044500;4793.235000;4794.915000;4790.485000;4790.995000;0
20260408 044600;4790.975000;4797.285000;4790.535000;4795.975000;0
20260408 044700;4795.945000;4798.795000;4795.105000;4795.405000;0
20260408 044800;4795.435000;4795.985000;4793.205000;4794.575000;0
20260408 044900;4794.525000;4796.236000;4793.545000;4794.895000;0
20260408 045000;4795.225000;4801.785000;4794.445000;4800.765000;0
20260408 045100;4800.745000;4803.245000;4796.788000;4796.855000;0
20260408 045200;4796.525000;4796.525000;4793.295000;4796.405000;0
20260408 045300;4796.365000;4798.235000;4795.825000;4797.595000;0
20260408 045400;4797.665000;4797.778000;4795.905000;4796.225000;0
20260408 045500;4796.335000;4798.285000;4796.275000;4797.685000;0
20260408 045600;4797.655000;4797.685000;4795.175000;4795.265000;0
20260408 045700;4795.175000;4796.238000;4794.745000;4795.018000;0
20260408 045800;4795.075000;4795.655000;4793.575000;4794.625000;0
20260408 045900;4794.645000;4794.975000;4793.475000;4793.585000;0
20260408 050000;4793.615000;4795.115000;4792.898000;4793.735000;0
20260408 050100;4793.705000;4798.325000;4793.575000;4796.525000;0
20260408 050200;4796.478000;4796.478000;4794.875000;4795.525000;0
20260408 050300;4795.555000;4797.595000;4794.385000;4796.205000;0
20260408 050400;4796.258000;4796.815000;4795.595000;4796.265000;0
20260408 050500;4796.235000;4796.495000;4795.105000;4795.395000;0
20260408 050600;4795.395000;4797.298000;4795.395000;4796.075000;0
20260408 050700;4796.145000;4798.918000;4796.038000;4798.055000;0
20260408 050800;4798.058000;4798.785000;4796.918000;4798.358000;0
20260408 050900;4798.358000;4798.475000;4796.798000;4796.915000;0
20260408 051000;4796.855000;4797.375000;4794.975000;4796.195000;0
20260408 051100;4796.175000;4797.445000;4795.075000;4797.425000;0
20260408 051200;4797.385000;4797.745000;4796.978000;4797.035000;0
20260408 051300;4797.055000;4798.175000;4796.905000;4797.758000;0
20260408 051400;4797.778000;4800.825000;4797.395000;4800.295000;0
20260408 051500;4800.255000;4800.255000;4797.115000;4797.215000;0
20260408 051600;4797.165000;4797.715000;4796.505000;4796.755000;0
20260408 051700;4796.848000;4797.785000;4796.545000;4796.895000;0
20260408 051800;4796.925000;4797.388000;4796.145000;4796.635000;0
20260408 051900;4796.655000;4797.055000;4795.135000;4796.965000;0
20260408 052000;4796.878000;4797.418000;4796.205000;4796.605000;0
20260408 052100;4796.545000;4796.598000;4794.758000;4796.085000;0
20260408 052200;4796.045000;4800.605000;4795.565000;4800.475000;0
20260408 052300;4800.495000;4802.955000;4800.495000;4801.598000;0
20260408 052400;4801.618000;4803.115000;4801.205000;4801.805000;0
20260408 052500;4801.838000;4804.565000;4800.235000;4804.335000;0
20260408 052600;4804.205000;4806.405000;4803.485000;4803.485000;0
20260408 052700;4803.195000;4806.155000;4802.438000;4802.755000;0
20260408 052800;4802.775000;4804.278000;4801.758000;4802.118000;0
20260408 052900;4802.178000;4802.218000;4796.085000;4798.005000;0
20260408 053000;4797.985000;4803.328000;4797.985000;4800.545000;0
20260408 053100;4800.575000;4800.695000;4796.705000;4800.605000;0
20260408 053200;4800.205000;4800.645000;4797.908000;4798.705000;0
20260408 053300;4798.855000;4799.875000;4797.878000;4798.678000;0
20260408 053400;4798.478000;4799.078000;4795.758000;4797.135000;0
20260408 053500;4797.265000;4799.155000;4795.755000;4799.055000;0
20260408 053600;4799.085000;4799.875000;4797.955000;4798.535000;0
20260408 053700;4798.555000;4801.165000;4798.185000;4798.395000;0
20260408 053800;4798.425000;4798.738000;4796.525000;4796.525000;0
20260408 053900;4796.555000;4797.098000;4793.405000;4794.375000;0
20260408 054000;4794.258000;4794.295000;4790.555000;4790.725000;0
20260408 054100;4790.665000;4795.145000;4790.665000;4793.095000;0
20260408 054200;4793.075000;4793.835000;4791.458000;4791.498000;0
20260408 054300;4791.485000;4791.498000;4783.145000;4786.525000;0
20260408 054400;4786.495000;4786.935000;4776.355000;4782.185000;0
20260408 054500;4782.215000;4783.845000;4775.728000;4778.455000;0
20260408 054600;4778.485000;4779.975000;4777.715000;4779.325000;0
20260408 054700;4779.395000;4783.545000;4777.798000;4783.235000;0
20260408 054800;4783.195000;4783.425000;4781.315000;4782.625000;0
20260408 054900;4782.655000;4786.255000;4782.605000;4785.085000;0
20260408 055000;4785.335000;4788.435000;4784.745000;4787.325000;0
20260408 055100;4787.255000;4787.895000;4784.325000;4784.615000;0
20260408 055200;4784.575000;4786.645000;4784.045000;4785.845000;0
20260408 055300;4785.935000;4786.895000;4783.325000;4784.585000;0
20260408 055400;4784.615000;4785.098000;4783.728000;4784.135000;0
20260408 055500;4784.175000;4784.195000;4783.298000;4783.998000;0
20260408 055600;4783.818000;4785.198000;4782.985000;4784.055000;0
20260408 055700;4784.045000;4784.398000;4781.815000;4782.028000;0
20260408 055800;4781.895000;4782.398000;4778.495000;4782.135000;0
20260408 055900;4782.255000;4782.958000;4779.425000;4782.798000;0
20260408 060000;4782.838000;4784.225000;4781.375000;4783.005000;0
20260408 060100;4782.985000;4789.245000;4782.025000;4788.245000;0
20260408 060200;4788.065000;4788.865000;4786.815000;4787.435000;0
20260408 060300;4787.465000;4789.965000;4787.345000;4789.755000;0
20260408 060400;4789.775000;4789.948000;4787.965000;4788.345000;0
20260408 060500;4788.655000;4789.095000;4785.405000;4787.618000;0
20260408 060600;4787.775000;4788.985000;4787.605000;4787.645000;0
20260408 060700;4787.665000;4788.785000;4787.565000;4788.225000;0
20260408 060800;4788.288000;4788.905000;4786.625000;4786.815000;0
20260408 060900;4786.865000;4787.995000;4786.675000;4787.425000;0
20260408 061000;4787.405000;4788.015000;4786.565000;4787.945000;0
20260408 061100;4787.948000;4787.948000;4785.175000;4785.465000;0
20260408 061200;4785.445000;4785.445000;4784.075000;4784.455000;0
20260408 061300;4784.455000;4784.925000;4783.375000;4783.475000;0
20260408 061400;4783.505000;4784.215000;4782.385000;4782.398000;0
20260408 061500;4782.115000;4782.715000;4780.105000;4780.275000;0
20260408 061600;4780.268000;4780.268000;4770.885000;4775.928000;0
20260408 061700;4775.968000;4779.965000;4775.515000;4778.345000;0
20260408 061800;4778.385000;4780.405000;4777.925000;4778.855000;0
20260408 061900;4778.875000;4779.065000;4775.975000;4775.995000;0
20260408 062000;4776.495000;4777.095000;4771.555000;4774.605000;0
20260408 062100;4774.585000;4775.905000;4773.785000;4774.765000;0
20260408 062200;4774.805000;4779.658000;4774.485000;4779.658000;0
20260408 062300;4779.735000;4780.705000;4779.415000;4780.405000;0
20260408 062400;4780.405000;4780.405000;4777.058000;4778.358000;0
20260408 062500;4778.358000;4780.798000;4778.078000;4780.438000;0
20260408 062600;4780.398000;4780.758000;4778.738000;4779.838000;0
20260408 062700;4779.818000;4780.838000;4779.158000;4780.758000;0
20260408 062800;4780.778000;4782.978000;4780.478000;4780.678000;0
20260408 062900;4780.698000;4782.278000;4780.658000;4782.218000;0
20260408 063000;4782.218000;4782.598000;4779.575000;4782.078000;0
20260408 063100;4781.958000;4782.178000;4781.215000;4781.565000;0
20260408 063200;4781.505000;4784.298000;4781.505000;4784.158000;0
20260408 063300;4784.118000;4784.798000;4781.618000;4781.698000;0
20260408 063400;4781.458000;4783.118000;4781.458000;4782.615000;0
20260408 063500;4782.625000;4785.038000;4781.375000;4784.818000;0
20260408 063600;4784.838000;4786.038000;4783.918000;4786.038000;0
20260408 063700;4785.998000;4789.058000;4785.978000;4786.865000;0
20260408 063800;4786.595000;4789.145000;4786.595000;4789.108000;0
20260408 063900;4788.958000;4788.998000;4786.818000;4787.178000;0
20260408 064000;4787.198000;4787.438000;4784.825000;4785.165000;0
20260408 064100;4785.195000;4786.625000;4784.715000;4786.585000;0
20260408 064200;4786.615000;4787.628000;4785.495000;4786.665000;0
20260408 064300;4786.635000;4788.625000;4786.288000;4788.485000;0
20260408 064400;4788.515000;4791.885000;4788.515000;4791.315000;0
20260408 064500;4791.175000;4794.025000;4791.155000;4794.025000;0
20260408 064600;4794.005000;4794.855000;4792.885000;4794.535000;0
20260408 064700;4794.515000;4794.565000;4793.445000;4794.315000;0
20260408 064800;4794.315000;4794.705000;4792.085000;4794.055000;0
20260408 064900;4794.065000;4794.075000;4792.605000;4792.945000;0
20260408 065000;4792.905000;4795.805000;4792.635000;4793.945000;0
20260408 065100;4793.965000;4794.355000;4792.145000;4793.645000;0
20260408 065200;4793.778000;4794.805000;4792.435000;4793.295000;0
20260408 065300;4793.295000;4795.155000;4793.285000;4794.515000;0
20260408 065400;4794.535000;4795.788000;4790.325000;4790.445000;0
20260408 065500;4790.975000;4791.015000;4786.795000;4786.895000;0
20260408 065600;4787.105000;4789.465000;4786.785000;4788.715000;0
20260408 065700;4789.045000;4789.245000;4786.725000;4786.875000;0
20260408 065800;4786.735000;4786.735000;4784.185000;4784.545000;0
20260408 065900;4784.515000;4785.585000;4782.098000;4782.298000;0
20260408 070000;4782.298000;4783.655000;4779.425000;4781.198000;0
20260408 070100;4781.298000;4782.748000;4780.545000;4781.645000;0
20260408 070200;4781.605000;4785.785000;4780.748000;4783.695000;0
20260408 070300;4783.665000;4785.535000;4783.398000;4785.005000;0
20260408 070400;4784.975000;4784.975000;4781.575000;4782.045000;0
20260408 070500;4782.015000;4782.655000;4779.625000;4782.315000;0
20260408 070600;4782.458000;4784.545000;4782.105000;4783.505000;0
20260408 070700;4783.505000;4786.495000;4783.495000;4786.375000;0
20260408 070800;4786.395000;4789.395000;4785.705000;4789.085000;0
20260408 070900;4789.225000;4790.565000;4788.998000;4790.245000;0
20260408 071000;4790.245000;4790.245000;4788.445000;4789.598000;0
20260408 071100;4789.598000;4789.598000;4786.425000;4787.125000;0
20260408 071200;4787.125000;4788.498000;4786.138000;4787.245000;0
20260408 071300;4787.215000;4788.155000;4786.645000;4788.015000;0
20260408 071400;4787.998000;4788.298000;4786.498000;4786.898000;0
20260408 071500;4786.898000;4787.498000;4783.725000;4783.838000;0
20260408 071600;4783.898000;4785.375000;4782.675000;4785.185000;0
20260408 071700;4785.175000;4786.225000;4784.575000;4785.125000;0
20260408 071800;4785.055000;4785.445000;4782.598000;4783.265000;0
20260408 071900;4783.265000;4784.975000;4783.005000;4784.365000;0
20260408 072000;4784.395000;4785.405000;4783.325000;4783.805000;0
20260408 072100;4783.805000;4786.305000;4782.998000;4784.475000;0
20260408 072200;4784.445000;4786.155000;4782.615000;4784.848000;0
20260408 072300;4784.948000;4785.835000;4783.198000;4784.445000;0
20260408 072400;4784.475000;4787.125000;4783.755000;4785.648000;0
20260408 072500;4785.648000;4791.725000;4784.438000;4791.725000;0
20260408 072600;4791.758000;4794.805000;4791.018000;4793.765000;0
20260408 072700;4793.845000;4796.815000;4793.085000;4793.265000;0
20260408 072800;4793.285000;4794.155000;4789.575000;4789.575000;0
20260408 072900;4789.625000;4792.015000;4789.318000;4789.418000;0
20260408 073000;4789.625000;4790.065000;4785.355000;4789.715000;0
20260408 073100;4789.695000;4791.205000;4786.965000;4786.965000;0
20260408 073200;4786.915000;4790.455000;4784.695000;4789.475000;0
20260408 073300;4789.515000;4792.235000;4788.175000;4788.745000;0
20260408 073400;4788.605000;4789.835000;4787.465000;4787.855000;0
20260408 073500;4787.815000;4787.815000;4782.145000;4783.535000;0
20260408 073600;4783.475000;4783.805000;4777.865000;4778.918000;0
20260408 073700;4778.835000;4782.285000;4777.965000;4781.565000;0
20260408 073800;4781.645000;4782.005000;4779.355000;4781.188000;0
20260408 073900;4781.188000;4783.158000;4780.608000;4782.825000;0
20260408 074000;4782.785000;4782.785000;4780.425000;4782.525000;0
20260408 074100;4782.505000;4786.545000;4781.678000;4786.195000;0
20260408 074200;4786.265000;4791.095000;4786.265000;4786.945000;0
20260408 074300;4786.855000;4787.265000;4785.075000;4786.865000;0
20260408 074400;4786.775000;4790.045000;4786.435000;4789.955000;0
20260408 074500;4790.005000;4792.785000;4789.165000;4792.755000;0
20260408 074600;4792.715000;4794.465000;4791.675000;4793.925000;0
20260408 074700;4793.965000;4795.835000;4793.525000;4793.695000;0
20260408 074800;4793.655000;4796.135000;4792.925000;4795.985000;0
20260408 074900;4796.015000;4796.215000;4793.985000;4796.105000;0
20260408 075000;4796.035000;4798.745000;4794.405000;4797.035000;0
20260408 075100;4797.085000;4798.125000;4795.665000;4796.345000;0
20260408 075200;4796.315000;4798.318000;4795.215000;4797.745000;0
20260408 075300;4797.765000;4800.455000;4797.125000;4800.315000;0
20260408 075400;4800.275000;4800.275000;4796.385000;4796.385000;0
20260408 075500;4796.225000;4798.825000;4796.225000;4797.665000;0
20260408 075600;4797.685000;4797.955000;4796.585000;4797.435000;0
20260408 075700;4797.455000;4802.155000;4797.415000;4801.685000;0
20260408 075800;4801.635000;4802.655000;4800.335000;4800.975000;0
20260408 075900;4801.005000;4801.375000;4796.755000;4798.138000;0
20260408 080000;4798.085000;4801.465000;4797.995000;4800.545000;0
20260408 080100;4800.545000;4801.755000;4798.995000;4800.755000;0
20260408 080200;4800.725000;4802.165000;4800.275000;4801.895000;0
20260408 080300;4801.775000;4802.535000;4801.285000;4802.185000;0
20260408 080400;4802.225000;4804.015000;4801.965000;4803.545000;0
20260408 080500;4803.675000;4803.995000;4802.605000;4803.195000;0
20260408 080600;4803.215000;4805.665000;4802.745000;4803.585000;0
20260408 080700;4803.685000;4804.525000;4800.705000;4801.655000;0
20260408 080800;4801.745000;4802.865000;4799.985000;4801.945000;0
20260408 080900;4802.138000;4803.175000;4799.835000;4800.475000;0
20260408 081000;4800.475000;4801.525000;4798.635000;4798.925000;0
20260408 081100;4798.725000;4801.405000;4797.685000;4800.615000;0
20260408 081200;4800.635000;4803.765000;4800.315000;4803.765000;0
20260408 081300;4803.765000;4807.005000;4802.935000;4806.025000;0
20260408 081400;4806.005000;4806.325000;4803.255000;4805.005000;0
20260408 081500;4805.065000;4805.125000;4802.995000;4803.085000;0
20260408 081600;4803.195000;4803.725000;4800.825000;4800.825000;0
20260408 081700;4800.795000;4803.845000;4800.535000;4803.015000;0
20260408 081800;4802.985000;4803.075000;4801.105000;4802.155000;0
20260408 081900;4802.175000;4802.175000;4792.195000;4793.175000;0
20260408 082000;4792.845000;4794.395000;4785.738000;4787.818000;0
20260408 082100;4787.818000;4791.015000;4777.685000;4778.195000;0
20260408 082200;4778.175000;4780.005000;4768.128000;4775.175000;0
20260408 082300;4775.205000;4777.745000;4770.838000;4771.995000;0
20260408 082400;4772.515000;4778.265000;4768.945000;4769.235000;0
20260408 082500;4769.365000;4776.425000;4769.365000;4775.505000;0
20260408 082600;4775.165000;4779.275000;4773.355000;4778.355000;0
20260408 082700;4778.355000;4780.585000;4775.325000;4778.625000;0
20260408 082800;4778.665000;4780.955000;4777.695000;4778.955000;0
20260408 082900;4778.975000;4784.335000;4778.805000;4783.925000;0
20260408 083000;4783.955000;4788.805000;4783.165000;4788.495000;0
20260408 083100;4788.475000;4790.465000;4787.115000;4789.465000;0
20260408 083200;4789.548000;4791.645000;4787.335000;4788.645000;0
20260408 083300;4788.675000;4791.175000;4786.975000;4791.135000;0
20260408 083400;4791.135000;4793.455000;4790.735000;4792.955000;0
20260408 083500;4793.275000;4793.275000;4791.258000;4792.555000;0
20260408 083600;4792.695000;4793.585000;4791.715000;4792.575000;0
20260408 083700;4792.305000;4796.175000;4792.245000;4796.015000;0
20260408 083800;4795.965000;4797.445000;4795.045000;4797.085000;0
20260408 083900;4797.175000;4797.905000;4795.685000;4796.505000;0
20260408 084000;4796.475000;4797.275000;4793.995000;4795.065000;0
20260408 084100;4795.035000;4796.545000;4794.375000;4796.545000;0
20260408 084200;4796.775000;4797.625000;4795.615000;4796.875000;0
20260408 084300;4797.005000;4797.265000;4795.245000;4796.175000;0
20260408 084400;4796.105000;4796.385000;4793.865000;4794.575000;0
20260408 084500;4794.585000;4797.425000;4794.555000;4797.405000;0
20260408 084600;4797.445000;4800.475000;4796.415000;4799.675000;0
20260408 084700;4799.705000;4801.225000;4799.625000;4800.195000;0
20260408 084800;4800.115000;4800.275000;4795.465000;4795.755000;0
20260408 084900;4795.725000;4797.575000;4795.345000;4797.155000;0
20260408 085000;4797.065000;4797.415000;4794.265000;4794.885000;0
20260408 085100;4794.925000;4797.988000;4794.655000;4797.925000;0
20260408 085200;4797.925000;4798.145000;4796.325000;4797.195000;0
20260408 085300;4797.125000;4797.475000;4795.725000;4796.315000;0
20260408 085400;4796.335000;4801.685000;4796.225000;4801.115000;0
20260408 085500;4801.095000;4802.185000;4800.895000;4801.715000;0
20260408 085600;4801.675000;4801.705000;4798.305000;4798.785000;0
20260408 085700;4798.805000;4800.625000;4798.315000;4800.585000;0
20260408 085800;4800.375000;4800.375000;4798.585000;4799.345000;0
20260408 085900;4799.395000;4800.865000;4798.765000;4799.325000;0
20260408 090000;4799.295000;4804.415000;4798.685000;4802.725000;0
20260408 090100;4802.795000;4804.615000;4801.795000;4803.255000;0
20260408 090200;4803.285000;4806.405000;4802.905000;4806.275000;0
20260408 090300;4806.315000;4806.355000;4804.585000;4805.075000;0
20260408 090400;4805.005000;4805.555000;4800.035000;4802.065000;0
20260408 090500;4802.045000;4802.275000;4798.985000;4800.308000;0
20260408 090600;4800.298000;4801.715000;4798.125000;4798.125000;0
20260408 090700;4798.165000;4798.165000;4796.135000;4796.315000;0
20260408 090800;4796.375000;4798.085000;4796.088000;4796.425000;0
20260408 090900;4796.445000;4798.685000;4795.575000;4797.435000;0
20260408 091000;4797.595000;4797.865000;4792.965000;4793.055000;0
20260408 091100;4793.035000;4793.255000;4790.518000;4792.205000;0
20260408 091200;4792.245000;4794.915000;4792.245000;4793.725000;0
20260408 091300;4793.628000;4794.055000;4792.275000;4793.625000;0
20260408 091400;4793.575000;4793.575000;4791.635000;4792.815000;0
20260408 091500;4792.758000;4795.965000;4792.255000;4794.955000;0
20260408 091600;4794.975000;4796.448000;4793.375000;4795.035000;0
20260408 091700;4795.055000;4797.045000;4793.345000;4796.995000;0
20260408 091800;4796.995000;4796.995000;4792.265000;4792.665000;0
20260408 091900;4792.715000;4793.625000;4790.985000;4792.805000;0
20260408 092000;4792.755000;4792.875000;4789.615000;4791.455000;0
20260408 092100;4791.485000;4792.045000;4789.335000;4791.415000;0
20260408 092200;4791.445000;4794.245000;4790.975000;4791.545000;0
20260408 092300;4791.575000;4795.025000;4791.575000;4794.305000;0
20260408 092400;4794.485000;4797.865000;4794.485000;4797.485000;0
20260408 092500;4797.398000;4798.975000;4795.645000;4797.145000;0
20260408 092600;4797.115000;4797.965000;4796.645000;4797.125000;0
20260408 092700;4797.095000;4797.425000;4793.915000;4793.935000;0
20260408 092800;4793.965000;4794.265000;4791.905000;4793.025000;0
20260408 092900;4793.025000;4793.485000;4788.695000;4789.908000;0
20260408 093000;4789.918000;4794.398000;4785.698000;4785.698000;0
20260408 093100;4785.698000;4787.525000;4779.485000;4781.725000;0
20260408 093200;4781.745000;4785.885000;4780.315000;4781.725000;0
20260408 093300;4781.705000;4783.545000;4773.935000;4778.865000;0
20260408 093400;4778.865000;4784.465000;4777.675000;4782.445000;0
20260408 093500;4782.555000;4785.205000;4780.065000;4782.145000;0
20260408 093600;4782.835000;4787.465000;4782.745000;4785.675000;0
20260408 093700;4786.155000;4786.375000;4779.895000;4781.108000;0
20260408 093800;4781.295000;4781.315000;4774.655000;4777.065000;0
20260408 093900;4777.635000;4777.635000;4773.575000;4776.565000;0
20260408 094000;4777.105000;4778.705000;4774.115000;4778.265000;0
20260408 094100;4778.405000;4778.935000;4773.298000;4776.575000;0
20260408 094200;4776.488000;4779.008000;4773.685000;4774.285000;0
20260408 094300;4774.238000;4776.998000;4773.738000;4775.758000;0
20260408 094400;4775.758000;4780.258000;4773.938000;4773.938000;0
20260408 094500;4773.918000;4780.135000;4773.438000;4778.005000;0
20260408 094600;4778.255000;4784.115000;4776.905000;4784.115000;0
20260408 094700;4784.045000;4785.565000;4783.495000;4784.135000;0
20260408 094800;4784.095000;4786.705000;4783.955000;4786.125000;0
20260408 094900;4786.175000;4788.105000;4786.045000;4787.885000;0
20260408 095000;4787.845000;4788.545000;4786.015000;4787.425000;0
20260408 095100;4787.505000;4787.805000;4775.515000;4776.355000;0
20260408 095200;4776.355000;4781.575000;4776.355000;4778.665000;0
20260408 095300;4778.378000;4779.945000;4771.305000;4773.785000;0
20260408 095400;4773.818000;4776.035000;4771.125000;4771.878000;0
20260408 095500;4771.895000;4773.345000;4767.945000;4770.915000;0
20260408 095600;4770.935000;4778.835000;4770.935000;4778.535000;0
20260408 095700;4778.745000;4780.098000;4776.198000;4779.235000;0
20260408 095800;4779.278000;4780.105000;4777.435000;4779.398000;0
20260408 095900;4779.425000;4780.265000;4777.295000;4777.295000;0
20260408 100000;4777.168000;4787.665000;4776.095000;4784.605000;0
20260408 100100;4784.525000;4786.025000;4782.058000;4783.295000;0
20260408 100200;4783.485000;4785.645000;4780.975000;4783.935000;0
20260408 100300;4783.975000;4789.778000;4783.488000;4789.618000;0
20260408 100400;4789.678000;4791.338000;4785.025000;4785.508000;0
20260408 100500;4785.485000;4788.675000;4784.435000;4786.518000;0
20260408 100600;4786.528000;4789.725000;4786.248000;4789.725000;0
20260408 100700;4789.755000;4791.565000;4786.685000;4787.985000;0
20260408 100800;4788.015000;4789.075000;4776.335000;4779.898000;0
20260408 100900;4779.915000;4786.025000;4779.625000;4785.995000;0
20260408 101000;4785.925000;4786.815000;4782.998000;4782.998000;0
20260408 101100;4782.638000;4785.298000;4781.265000;4784.405000;0
20260408 101200;4784.425000;4784.498000;4780.428000;4782.305000;0
20260408 101300;4782.335000;4782.538000;4778.495000;4780.655000;0
20260408 101400;4780.675000;4782.218000;4778.885000;4779.725000;0
20260408 101500;4779.785000;4783.898000;4779.685000;4783.898000;0
20260408 101600;4783.898000;4783.898000;4781.155000;4782.978000;0
20260408 101700;4782.955000;4784.798000;4782.955000;4784.348000;0
20260408 101800;4784.448000;4785.018000;4781.318000;4781.938000;0
20260408 101900;4782.118000;4782.698000;4772.165000;4772.685000;0
20260408 102000;4772.915000;4779.975000;4771.478000;4778.325000;0
20260408 102100;4778.335000;4779.935000;4775.298000;4775.468000;0
20260408 102200;4775.395000;4777.718000;4772.965000;4776.818000;0
20260408 102300;4776.798000;4777.215000;4774.395000;4775.675000;0
20260408 102400;4775.765000;4776.245000;4774.045000;4774.175000;0
20260408 102500;4774.325000;4774.418000;4760.998000;4764.138000;0
20260408 102600;4764.258000;4768.745000;4762.765000;4765.905000;0
20260408 102700;4765.935000;4772.255000;4765.285000;4771.425000;0
20260408 102800;4772.005000;4773.005000;4769.535000;4771.175000;0
20260408 102900;4771.395000;4772.535000;4764.555000;4767.375000;0
20260408 103000;4767.495000;4768.015000;4761.665000;4763.115000;0
20260408 103100;4763.135000;4765.035000;4755.445000;4755.445000;0
20260408 103200;4755.475000;4758.605000;4750.665000;4750.738000;0
20260408 103300;4751.205000;4757.835000;4750.995000;4757.835000;0
20260408 103400;4757.835000;4757.995000;4750.715000;4753.915000;0
20260408 103500;4753.945000;4759.505000;4751.015000;4753.515000;0
20260408 103600;4753.638000;4756.798000;4753.018000;4755.605000;0
20260408 103700;4755.558000;4759.618000;4755.145000;4758.065000;0
20260408 103800;4758.158000;4766.295000;4753.818000;4764.518000;0
20260408 103900;4764.545000;4765.455000;4760.108000;4760.495000;0
20260408 104000;4760.708000;4766.678000;4760.455000;4766.528000;0
20260408 104100;4766.508000;4769.895000;4766.475000;4767.175000;0
20260408 104200;4767.095000;4767.665000;4762.355000;4765.148000;0
20260408 104300;4765.148000;4766.038000;4759.728000;4760.828000;0
20260408 104400;4760.508000;4761.098000;4757.848000;4759.788000;0
20260408 104500;4759.778000;4764.748000;4758.108000;4758.108000;0
20260408 104600;4758.108000;4759.958000;4755.738000;4758.418000;0
20260408 104700;4758.438000;4758.618000;4753.728000;4754.318000;0
20260408 104800;4754.318000;4756.585000;4749.315000;4756.275000;0
20260408 104900;4756.275000;4759.885000;4754.125000;4755.555000;0
20260408 105000;4755.645000;4756.385000;4750.198000;4754.778000;0
20260408 105100;4754.925000;4756.015000;4749.745000;4750.935000;0
20260408 105200;4750.985000;4751.415000;4744.738000;4748.755000;0
20260408 105300;4748.778000;4749.075000;4744.945000;4746.925000;0
20260408 105400;4746.885000;4753.285000;4746.505000;4752.585000;0
20260408 105500;4752.285000;4753.275000;4744.658000;4745.505000;0
20260408 105600;4745.265000;4746.545000;4731.905000;4732.635000;0
20260408 105700;4732.465000;4739.418000;4732.465000;4736.145000;0
20260408 105800;4736.175000;4742.135000;4736.175000;4741.445000;0
20260408 105900;4741.508000;4742.385000;4734.278000;4735.845000;0
20260408 110000;4735.905000;4745.378000;4735.338000;4743.658000;0
20260408 110100;4743.638000;4746.315000;4742.175000;4745.458000;0
20260408 110200;4745.475000;4747.938000;4744.775000;4744.925000;0
20260408 110300;4744.958000;4747.455000;4741.978000;4744.838000;0
20260408 110400;4744.798000;4746.798000;4740.415000;4746.558000;0
20260408 110500;4746.538000;4747.218000;4742.358000;4743.598000;0
20260408 110600;4743.558000;4746.478000;4742.658000;4746.025000;0
20260408 110700;4746.475000;4749.125000;4743.058000;4746.615000;0
20260408 110800;4746.575000;4746.575000;4743.215000;4744.358000;0
20260408 110900;4744.725000;4746.378000;4741.385000;4742.245000;0
20260408 111000;4742.225000;4742.225000;4733.855000;4738.645000;0
20260408 111100;4738.675000;4742.295000;4735.925000;4741.245000;0
20260408 111200;4741.355000;4743.135000;4739.095000;4743.065000;0
20260408 111300;4743.115000;4747.485000;4741.965000;4746.435000;0
20260408 111400;4746.515000;4746.515000;4741.935000;4743.325000;0
20260408 111500;4743.098000;4747.745000;4742.545000;4747.745000;0
20260408 111600;4747.415000;4751.375000;4746.758000;4750.295000;0
20260408 111700;4750.295000;4750.945000;4744.955000;4745.355000;0
20260408 111800;4745.395000;4751.335000;4745.275000;4751.295000;0
20260408 111900;4751.345000;4754.335000;4750.055000;4754.055000;0
20260408 112000;4753.995000;4755.895000;4753.995000;4755.825000;0
20260408 112100;4755.805000;4757.545000;4754.295000;4754.985000;0
20260408 112200;4754.965000;4755.535000;4753.498000;4753.845000;0
20260408 112300;4753.905000;4755.515000;4753.545000;4754.565000;0
20260408 112400;4754.585000;4755.575000;4752.995000;4754.725000;0
20260408 112500;4754.765000;4755.565000;4752.175000;4753.705000;0
20260408 112600;4753.705000;4755.585000;4752.375000;4755.585000;0
20260408 112700;4755.545000;4757.365000;4751.485000;4753.335000;0
20260408 112800;4753.305000;4754.345000;4752.005000;4752.705000;0
20260408 112900;4752.635000;4752.805000;4749.835000;4750.765000;0
20260408 113000;4750.735000;4754.865000;4750.255000;4753.395000;0
20260408 113100;4753.445000;4753.855000;4750.765000;4752.345000;0
20260408 113200;4752.375000;4754.985000;4750.535000;4754.705000;0
20260408 113300;4754.655000;4755.795000;4752.935000;4753.995000;0
20260408 113400;4754.065000;4756.895000;4753.485000;4756.745000;0
20260408 113500;4756.695000;4758.965000;4756.155000;4758.405000;0
20260408 113600;4758.375000;4760.745000;4757.365000;4760.725000;0
20260408 113700;4760.705000;4760.735000;4756.925000;4758.935000;0
20260408 113800;4758.715000;4760.035000;4757.005000;4759.385000;0
20260408 113900;4759.438000;4760.825000;4759.255000;4760.005000;0
20260408 114000;4759.965000;4760.205000;4758.695000;4759.035000;0
20260408 114100;4758.985000;4760.265000;4758.295000;4760.145000;0
20260408 114200;4760.035000;4761.525000;4757.175000;4757.945000;0
20260408 114300;4757.925000;4758.225000;4756.305000;4756.875000;0
20260408 114400;4756.915000;4757.065000;4753.995000;4755.425000;0
20260408 114500;4755.565000;4756.845000;4754.305000;4755.195000;0
20260408 114600;4755.265000;4757.205000;4755.055000;4757.085000;0
20260408 114700;4757.175000;4759.445000;4756.115000;4757.935000;0
20260408 114800;4757.915000;4758.985000;4757.195000;4758.825000;0
20260408 114900;4758.765000;4758.935000;4757.325000;4758.685000;0
20260408 115000;4758.895000;4762.865000;4758.895000;4761.525000;0
20260408 115100;4761.505000;4762.225000;4760.425000;4762.015000;0
20260408 115200;4761.995000;4762.575000;4760.815000;4761.355000;0
20260408 115300;4761.295000;4761.885000;4759.185000;4759.525000;0
20260408 115400;4759.465000;4759.465000;4757.195000;4757.215000;0
20260408 115500;4757.245000;4758.295000;4756.665000;4757.585000;0
20260408 115600;4757.635000;4759.045000;4757.285000;4759.045000;0
20260408 115700;4759.045000;4759.105000;4756.775000;4757.485000;0
20260408 115800;4757.535000;4757.595000;4755.615000;4756.565000;0
20260408 115900;4756.595000;4756.685000;4754.875000;4756.205000;0
20260408 120000;4756.175000;4758.785000;4755.875000;4758.485000;0
20260408 120100;4758.425000;4759.085000;4756.735000;4758.825000;0
20260408 120200;4758.855000;4761.065000;4758.338000;4759.555000;0
20260408 120300;4759.495000;4762.495000;4759.405000;4761.575000;0
20260408 120400;4761.615000;4761.815000;4755.645000;4757.205000;0
20260408 120500;4757.245000;4757.955000;4756.495000;4757.195000;0
20260408 120600;4757.285000;4757.285000;4754.885000;4755.015000;0
20260408 120700;4755.055000;4757.215000;4754.795000;4756.705000;0
20260408 120800;4756.675000;4757.305000;4755.675000;4756.925000;0
20260408 120900;4756.985000;4758.725000;4756.805000;4757.525000;0
20260408 121000;4757.595000;4758.245000;4755.895000;4758.095000;0
20260408 121100;4758.365000;4760.405000;4758.365000;4759.535000;0
20260408 121200;4759.575000;4760.035000;4755.815000;4756.435000;0
20260408 121300;4756.585000;4758.075000;4756.055000;4757.675000;0
20260408 121400;4757.665000;4757.795000;4753.565000;4753.798000;0
20260408 121500;4753.798000;4754.815000;4752.745000;4754.305000;0
20260408 121600;4754.275000;4754.555000;4749.755000;4750.275000;0
20260408 121700;4750.225000;4751.035000;4746.225000;4746.355000;0
20260408 121800;4746.325000;4748.875000;4745.005000;4748.235000;0
20260408 121900;4748.178000;4749.115000;4746.075000;4747.855000;0
20260408 122000;4747.785000;4751.585000;4746.905000;4748.345000;0
20260408 122100;4748.435000;4751.845000;4748.235000;4751.535000;0
20260408 122200;4751.495000;4751.495000;4748.775000;4749.425000;0
20260408 122300;4749.485000;4749.715000;4747.738000;4748.225000;0
20260408 122400;4748.265000;4752.875000;4748.265000;4752.165000;0
20260408 122500;4752.098000;4752.275000;4749.655000;4750.295000;0
20260408 122600;4750.275000;4753.775000;4750.275000;4751.085000;0
20260408 122700;4751.115000;4751.655000;4749.915000;4751.515000;0
20260408 122800;4751.455000;4751.455000;4748.465000;4750.175000;0
20260408 122900;4750.135000;4750.145000;4748.615000;4749.845000;0
20260408 123000;4749.875000;4751.035000;4747.985000;4749.365000;0
20260408 123100;4749.395000;4750.195000;4747.835000;4749.325000;0
20260408 123200;4749.115000;4753.235000;4749.095000;4753.105000;0
20260408 123300;4753.055000;4757.215000;4752.695000;4756.815000;0
20260408 123400;4756.765000;4756.885000;4754.275000;4755.485000;0
20260408 123500;4755.625000;4756.645000;4755.055000;4756.185000;0
20260408 123600;4756.145000;4756.745000;4754.355000;4754.898000;0
20260408 123700;4754.898000;4756.205000;4753.465000;4755.515000;0
20260408 123800;4755.535000;4756.125000;4753.065000;4755.945000;0
20260408 123900;4756.005000;4758.855000;4755.915000;4758.735000;0
20260408 124000;4758.815000;4759.755000;4758.605000;4759.105000;0
20260408 124100;4759.065000;4759.935000;4758.435000;4759.205000;0
20260408 124200;4759.135000;4759.388000;4757.505000;4757.505000;0
20260408 124300;4757.535000;4759.008000;4756.778000;4758.355000;0
20260408 124400;4758.325000;4759.408000;4757.245000;4758.265000;0
20260408 124500;4758.255000;4758.295000;4756.215000;4757.805000;0
20260408 124600;4757.888000;4760.498000;4757.595000;4759.215000;0
20260408 124700;4759.265000;4759.488000;4758.648000;4759.318000;0
20260408 124800;4759.735000;4761.488000;4759.648000;4761.178000;0
20260408 124900;4761.198000;4761.998000;4760.358000;4760.508000;0
20260408 125000;4760.548000;4762.648000;4759.928000;4761.918000;0
20260408 125100;4761.888000;4763.878000;4761.708000;4763.578000;0
20260408 125200;4763.675000;4765.298000;4762.758000;4763.208000;0
20260408 125300;4763.298000;4763.765000;4761.968000;4762.158000;0
20260408 125400;4761.918000;4762.138000;4760.428000;4760.648000;0
20260408 125500;4760.515000;4762.298000;4760.155000;4760.918000;0
20260408 125600;4760.905000;4761.565000;4760.038000;4760.708000;0
20260408 125700;4760.765000;4761.078000;4759.375000;4759.875000;0
20260408 125800;4759.835000;4760.498000;4759.295000;4760.185000;0
20260408 125900;4760.155000;4760.725000;4759.658000;4760.098000;0
20260408 130000;4760.098000;4760.335000;4758.808000;4759.415000;0
20260408 130100;4759.355000;4761.575000;4759.288000;4760.898000;0
20260408 130200;4760.888000;4762.518000;4760.728000;4761.855000;0
20260408 130300;4762.128000;4764.115000;4761.425000;4761.475000;0
20260408 130400;4761.435000;4761.485000;4759.448000;4759.915000;0
20260408 130500;4759.885000;4760.218000;4757.478000;4757.788000;0
20260408 130600;4757.775000;4757.898000;4756.398000;4756.858000;0
20260408 130700;4756.998000;4759.398000;4755.988000;4759.198000;0
20260408 130800;4759.125000;4759.998000;4756.598000;4756.698000;0
20260408 130900;4756.668000;4758.298000;4756.298000;4757.598000;0
20260408 131000;4757.485000;4759.685000;4757.205000;4759.625000;0
20260408 131100;4759.655000;4761.098000;4759.038000;4760.398000;0
20260408 131200;4760.298000;4760.998000;4758.555000;4758.985000;0
20260408 131300;4759.005000;4761.748000;4759.005000;4761.248000;0
20260408 131400;4760.525000;4761.195000;4759.848000;4760.435000;0
20260408 131500;4760.465000;4762.265000;4759.048000;4759.265000;0
20260408 131600;4759.248000;4759.748000;4758.048000;4758.248000;0
20260408 131700;4758.248000;4758.348000;4755.545000;4755.788000;0
20260408 131800;4755.915000;4756.715000;4755.305000;4755.698000;0
20260408 131900;4755.698000;4756.648000;4754.378000;4755.248000;0
20260408 132000;4755.248000;4756.745000;4754.565000;4754.755000;0
20260408 132100;4754.798000;4755.475000;4752.285000;4752.675000;0
20260408 132200;4752.645000;4753.455000;4748.038000;4749.798000;0
20260408 132300;4749.618000;4751.755000;4746.665000;4748.345000;0
20260408 132400;4748.315000;4749.925000;4746.048000;4748.398000;0
20260408 132500;4748.418000;4748.578000;4746.045000;4747.535000;0
20260408 132600;4747.485000;4748.095000;4745.605000;4746.758000;0
20260408 132700;4746.758000;4749.038000;4745.205000;4749.038000;0
20260408 132800;4748.995000;4752.865000;4748.295000;4751.958000;0
20260408 132900;4752.605000;4753.458000;4749.798000;4750.658000;0
20260408 133000;4750.618000;4753.298000;4749.935000;4751.965000;0
20260408 133100;4751.995000;4754.105000;4751.638000;4752.658000;0
20260408 133200;4752.655000;4753.435000;4751.058000;4751.305000;0
20260408 133300;4751.325000;4751.365000;4746.285000;4747.955000;0
20260408 133400;4748.088000;4748.245000;4742.485000;4744.465000;0
20260408 133500;4744.515000;4744.705000;4740.935000;4740.955000;0
20260408 133600;4741.055000;4744.765000;4740.355000;4740.845000;0
20260408 133700;4740.885000;4742.655000;4738.058000;4741.515000;0
20260408 133800;4741.315000;4742.385000;4738.025000;4739.435000;0
20260408 133900;4739.385000;4741.785000;4736.498000;4736.748000;0
20260408 134000;4736.698000;4738.318000;4736.465000;4737.425000;0
20260408 134100;4737.365000;4739.325000;4735.818000;4738.238000;0
20260408 134200;4738.318000;4740.838000;4737.595000;4740.685000;0
20260408 134300;4740.645000;4741.775000;4738.905000;4741.585000;0
20260408 134400;4741.175000;4742.205000;4740.205000;4740.325000;0
20260408 134500;4740.305000;4740.945000;4739.455000;4739.795000;0
20260408 134600;4739.845000;4740.655000;4736.895000;4736.895000;0
20260408 134700;4736.925000;4739.065000;4736.825000;4738.125000;0
20260408 134800;4738.085000;4738.735000;4735.565000;4737.475000;0
20260408 134900;4737.565000;4739.455000;4737.155000;4737.995000;0
20260408 135000;4738.035000;4740.915000;4738.025000;4740.155000;0
20260408 135100;4740.115000;4741.375000;4739.325000;4740.975000;0
20260408 135200;4740.925000;4740.925000;4738.225000;4740.145000;0
20260408 135300;4740.125000;4740.885000;4738.305000;4738.305000;0
20260408 135400;4738.275000;4738.465000;4735.825000;4736.255000;0
20260408 135500;4736.295000;4736.795000;4731.288000;4732.005000;0
20260408 135600;4732.005000;4735.295000;4731.415000;4735.295000;0
20260408 135700;4735.325000;4737.525000;4735.035000;4735.995000;0
20260408 135800;4735.965000;4736.275000;4733.165000;4733.245000;0
20260408 135900;4733.265000;4734.215000;4732.855000;4733.745000;0
20260408 140000;4733.525000;4735.225000;4726.835000;4734.935000;0
20260408 140100;4734.975000;4736.495000;4733.315000;4736.215000;0
20260408 140200;4736.095000;4738.025000;4735.435000;4736.285000;0
20260408 140300;4736.255000;4737.605000;4735.175000;4737.425000;0
20260408 140400;4737.445000;4739.935000;4736.715000;4739.835000;0
20260408 140500;4739.805000;4741.145000;4738.925000;4739.695000;0
20260408 140600;4739.715000;4740.905000;4739.415000;4740.115000;0
20260408 140700;4740.155000;4743.548000;4740.155000;4742.885000;0
20260408 140800;4742.935000;4742.985000;4740.845000;4741.985000;0
20260408 140900;4742.015000;4743.295000;4741.455000;4743.175000;0
20260408 141000;4743.175000;4743.465000;4741.125000;4741.575000;0
20260408 141100;4741.565000;4743.555000;4740.555000;4743.285000;0
20260408 141200;4743.315000;4744.295000;4742.645000;4743.455000;0
20260408 141300;4743.505000;4743.855000;4742.145000;4743.585000;0
20260408 141400;4743.615000;4743.875000;4741.925000;4743.475000;0
20260408 141500;4743.495000;4744.335000;4742.695000;4743.035000;0
20260408 141600;4742.845000;4743.645000;4741.075000;4743.045000;0
20260408 141700;4743.005000;4744.015000;4741.245000;4741.295000;0
20260408 141800;4741.395000;4741.745000;4716.935000;4725.255000;0
20260408 141900;4724.845000;4731.335000;4720.675000;4729.285000;0
20260408 142000;4729.325000;4731.675000;4722.035000;4727.655000;0
20260408 142100;4727.635000;4728.585000;4723.945000;4726.635000;0
20260408 142200;4726.515000;4727.405000;4721.175000;4722.215000;0
20260408 142300;4722.245000;4728.035000;4722.245000;4725.895000;0
20260408 142400;4725.875000;4728.775000;4722.305000;4723.605000;0
20260408 142500;4723.545000;4724.905000;4717.795000;4721.685000;0
20260408 142600;4721.795000;4726.815000;4720.315000;4726.065000;0
20260408 142700;4726.055000;4726.485000;4720.905000;4724.455000;0
20260408 142800;4724.425000;4725.875000;4722.005000;4723.405000;0
20260408 142900;4723.435000;4724.245000;4721.545000;4722.315000;0
20260408 143000;4722.933000;4724.835000;4721.645000;4722.298000;0
20260408 143100;4722.298000;4724.745000;4722.298000;4724.305000;0
20260408 143200;4724.245000;4724.295000;4721.395000;4722.165000;0
20260408 143300;4722.165000;4722.635000;4720.375000;4721.595000;0
20260408 143400;4721.645000;4724.105000;4721.645000;4722.675000;0
20260408 143500;4722.955000;4723.225000;4720.298000;4721.085000;0
20260408 143600;4721.055000;4721.685000;4718.395000;4719.775000;0
20260408 143700;4719.875000;4720.765000;4717.025000;4717.355000;0
20260408 143800;4717.185000;4717.825000;4713.928000;4715.045000;0
20260408 143900;4714.985000;4715.595000;4713.255000;4714.545000;0
20260408 144000;4714.525000;4716.465000;4713.285000;4713.975000;0
20260408 144100;4713.985000;4715.215000;4712.845000;4713.185000;0
20260408 144200;4713.025000;4716.515000;4711.075000;4715.405000;0
20260408 144300;4715.365000;4715.545000;4707.935000;4710.945000;0
20260408 144400;4710.645000;4711.985000;4708.045000;4709.125000;0
20260408 144500;4709.095000;4713.515000;4708.065000;4713.175000;0
20260408 144600;4712.415000;4714.495000;4711.965000;4714.415000;0
20260408 144700;4714.395000;4716.785000;4713.565000;4715.245000;0
20260408 144800;4715.305000;4715.685000;4710.645000;4712.295000;0
20260408 144900;4712.275000;4712.555000;4708.445000;4710.115000;0
20260408 145000;4710.115000;4710.385000;4706.445000;4709.795000;0
20260408 145100;4709.705000;4710.275000;4704.045000;4705.005000;0
20260408 145200;4705.035000;4709.335000;4704.305000;4709.335000;0
20260408 145300;4709.325000;4711.695000;4707.535000;4707.555000;0
20260408 145400;4707.585000;4709.275000;4705.825000;4707.605000;0
20260408 145500;4707.535000;4707.835000;4704.605000;4705.495000;0
20260408 145600;4705.575000;4706.875000;4703.635000;4706.145000;0
20260408 145700;4706.105000;4707.295000;4704.085000;4704.755000;0
20260408 145800;4704.695000;4706.975000;4703.835000;4706.285000;0
20260408 145900;4706.305000;4706.535000;4704.055000;4705.105000;0
20260408 150000;4704.825000;4704.825000;4701.275000;4702.838000;0
20260408 150100;4702.615000;4707.585000;4702.215000;4705.865000;0
20260408 150200;4705.885000;4708.375000;4703.305000;4703.425000;0
20260408 150300;4703.445000;4705.575000;4702.525000;4703.365000;0
20260408 150400;4703.295000;4704.135000;4701.585000;4701.775000;0
20260408 150500;4701.935000;4703.265000;4699.235000;4700.375000;0
20260408 150600;4700.455000;4704.105000;4700.355000;4703.985000;0
20260408 150700;4704.055000;4708.405000;4703.835000;4708.365000;0
20260408 150800;4708.405000;4708.815000;4706.535000;4707.665000;0
20260408 150900;4707.655000;4708.725000;4706.545000;4707.625000;0
20260408 151000;4707.675000;4712.085000;4706.365000;4711.835000;0
20260408 151100;4711.865000;4714.325000;4710.665000;4713.465000;0
20260408 151200;4713.375000;4715.455000;4712.485000;4714.585000;0
20260408 151300;4714.555000;4716.035000;4713.175000;4715.955000;0
20260408 151400;4715.925000;4716.205000;4714.575000;4715.315000;0
20260408 151500;4715.295000;4718.185000;4714.805000;4718.045000;0
20260408 151600;4717.995000;4718.385000;4715.195000;4715.195000;0
20260408 151700;4715.255000;4715.255000;4712.155000;4713.225000;0
20260408 151800;4713.245000;4713.515000;4710.805000;4711.165000;0
20260408 151900;4711.185000;4712.225000;4710.065000;4711.275000;0
20260408 152000;4711.275000;4711.705000;4709.545000;4710.475000;0
20260408 152100;4710.495000;4712.085000;4710.175000;4711.445000;0
20260408 152200;4711.445000;4711.625000;4708.365000;4709.595000;0
20260408 152300;4709.565000;4710.785000;4708.355000;4710.785000;0
20260408 152400;4710.715000;4711.145000;4709.425000;4710.535000;0
20260408 152500;4710.555000;4714.345000;4710.555000;4712.825000;0
20260408 152600;4712.785000;4713.135000;4709.785000;4709.885000;0
20260408 152700;4709.945000;4711.025000;4707.475000;4708.075000;0
20260408 152800;4708.085000;4708.695000;4707.195000;4708.495000;0
20260408 152900;4708.555000;4708.835000;4707.745000;4708.405000;0
20260408 153000;4708.335000;4712.435000;4707.815000;4712.175000;0
20260408 153100;4712.085000;4715.145000;4711.985000;4714.855000;0
20260408 153200;4714.885000;4718.325000;4714.365000;4717.395000;0
20260408 153300;4717.365000;4718.685000;4716.055000;4716.725000;0
20260408 153400;4716.695000;4716.985000;4715.655000;4716.645000;0
20260408 153500;4716.975000;4718.855000;4715.975000;4717.015000;0
20260408 153600;4716.748000;4721.945000;4716.635000;4721.465000;0
20260408 153700;4721.425000;4724.385000;4721.265000;4724.085000;0
20260408 153800;4724.155000;4724.455000;4720.225000;4721.285000;0
20260408 153900;4721.195000;4724.135000;4721.105000;4723.565000;0
20260408 154000;4723.365000;4724.545000;4723.325000;4724.145000;0
20260408 154100;4724.175000;4724.265000;4720.375000;4720.975000;0
20260408 154200;4721.015000;4723.215000;4720.895000;4722.145000;0
20260408 154300;4722.135000;4722.785000;4721.375000;4722.205000;0
20260408 154400;4722.235000;4722.565000;4721.345000;4721.645000;0
20260408 154500;4721.545000;4724.405000;4721.375000;4723.455000;0
20260408 154600;4723.565000;4724.215000;4721.575000;4723.975000;0
20260408 154700;4724.055000;4724.975000;4723.625000;4724.165000;0
20260408 154800;4724.255000;4726.365000;4724.155000;4724.705000;0
20260408 154900;4724.555000;4725.995000;4723.125000;4725.495000;0
20260408 155000;4725.465000;4728.445000;4725.465000;4727.415000;0
20260408 155100;4727.535000;4728.245000;4726.485000;4727.575000;0
20260408 155200;4727.698000;4728.085000;4725.785000;4726.685000;0
20260408 155300;4726.438000;4730.125000;4726.438000;4728.915000;0
20260408 155400;4728.895000;4730.155000;4728.865000;4729.555000;0
20260408 155500;4729.725000;4730.125000;4727.785000;4728.785000;0
20260408 155600;4728.745000;4730.675000;4727.628000;4729.475000;0
20260408 155700;4729.445000;4729.915000;4728.935000;4729.595000;0
20260408 155800;4729.615000;4730.215000;4727.475000;4729.225000;0
20260408 155900;4729.265000;4731.698000;4729.035000;4730.465000;0
20260408 160000;4730.298000;4731.975000;4728.605000;4729.065000;0
20260408 160100;4729.015000;4731.165000;4729.015000;4729.465000;0
20260408 160200;4728.995000;4731.525000;4728.855000;4731.155000;0
20260408 160300;4731.125000;4731.125000;4729.605000;4729.885000;0
20260408 160400;4729.935000;4731.725000;4729.495000;4731.475000;0
20260408 160500;4731.285000;4731.885000;4727.325000;4727.885000;0
20260408 160600;4727.855000;4729.095000;4727.855000;4728.815000;0
20260408 160700;4728.795000;4730.585000;4728.325000;4730.585000;0
20260408 160800;4730.585000;4730.585000;4728.435000;4729.135000;0
20260408 160900;4729.115000;4730.065000;4727.385000;4727.385000;0
20260408 161000;4727.345000;4727.945000;4727.175000;4727.475000;0
20260408 161100;4727.545000;4727.915000;4726.915000;4727.505000;0
20260408 161200;4727.405000;4727.505000;4726.665000;4727.295000;0
20260408 161300;4727.345000;4727.545000;4726.255000;4726.555000;0
20260408 161400;4727.205000;4728.045000;4726.715000;4727.605000;0
20260408 161500;4727.605000;4729.825000;4726.115000;4726.215000;0
20260408 161600;4726.245000;4727.685000;4726.245000;4727.185000;0
20260408 161700;4727.225000;4727.225000;4725.505000;4726.565000;0
20260408 161800;4726.565000;4726.565000;4725.425000;4725.655000;0
20260408 161900;4725.555000;4725.995000;4723.865000;4724.235000;0
20260408 162000;4724.275000;4724.345000;4722.315000;4722.955000;0
20260408 162100;4723.055000;4723.635000;4722.375000;4723.165000;0
20260408 162200;4723.085000;4723.675000;4722.535000;4723.675000;0
20260408 162300;4723.705000;4724.245000;4722.495000;4722.725000;0
20260408 162400;4722.965000;4724.585000;4722.765000;4724.535000;0
20260408 162500;4724.505000;4724.555000;4721.965000;4722.135000;0
20260408 162600;4722.115000;4722.325000;4721.575000;4722.275000;0
20260408 162700;4722.255000;4723.535000;4721.395000;4723.215000;0
20260408 162800;4723.175000;4723.918000;4722.915000;4723.615000;0
20260408 162900;4723.665000;4723.755000;4721.865000;4722.805000;0
20260408 163000;4722.825000;4722.825000;4720.765000;4721.445000;0
20260408 163100;4721.465000;4723.185000;4721.415000;4722.345000;0
20260408 163200;4722.375000;4723.705000;4722.095000;4723.405000;0
20260408 163300;4723.285000;4723.615000;4722.495000;4723.375000;0
20260408 163400;4723.405000;4723.625000;4722.875000;4723.445000;0
20260408 163500;4723.455000;4723.645000;4721.645000;4721.645000;0
20260408 163600;4721.735000;4721.925000;4721.225000;4721.295000;0
20260408 163700;4721.335000;4721.705000;4720.855000;4720.855000;0
20260408 163800;4720.875000;4721.675000;4720.875000;4721.215000;0
20260408 163900;4721.225000;4722.435000;4721.175000;4722.415000;0
20260408 164000;4722.165000;4723.275000;4722.105000;4723.065000;0
20260408 164100;4723.025000;4723.025000;4722.055000;4722.085000;0
20260408 164200;4722.115000;4723.475000;4721.675000;4723.115000;0
20260408 164300;4723.115000;4723.355000;4722.735000;4722.735000;0
20260408 164400;4722.755000;4723.115000;4721.975000;4722.075000;0
20260408 164500;4722.055000;4723.135000;4721.665000;4723.135000;0
20260408 164600;4723.105000;4724.075000;4722.975000;4723.935000;0
20260408 164700;4723.955000;4724.195000;4723.645000;4723.725000;0
20260408 164800;4723.765000;4723.765000;4721.185000;4721.185000;0
20260408 164900;4721.215000;4721.575000;4719.545000;4719.675000;0
20260408 165000;4719.695000;4720.525000;4718.525000;4719.415000;0
20260408 165100;4719.485000;4720.588000;4717.585000;4719.365000;0
20260408 165200;4719.285000;4719.445000;4717.845000;4718.735000;0
20260408 165300;4718.788000;4719.015000;4717.045000;4717.795000;0
20260408 165400;4717.925000;4719.725000;4716.865000;4718.665000;0
20260408 165500;4718.695000;4720.325000;4718.375000;4719.805000;0
20260408 165600;4719.875000;4720.485000;4719.485000;4719.835000;0
20260408 165700;4719.805000;4720.355000;4718.605000;4719.165000;0
20260408 165800;4719.185000;4719.235000;4718.148000;4718.895000;0
20260408 165900;4718.885000;4720.115000;4715.735000;4715.835000;0
20260408 180000;4718.098000;4732.275000;4718.085000;4727.295000;0
20260408 180100;4727.015000;4729.125000;4723.555000;4728.555000;0
20260408 180200;4728.535000;4732.525000;4728.025000;4729.065000;0
20260408 180300;4729.065000;4730.155000;4721.895000;4724.115000;0
20260408 180400;4724.065000;4727.255000;4722.195000;4727.115000;0
20260408 180500;4727.085000;4729.195000;4725.795000;4727.365000;0
20260408 180600;4727.395000;4728.495000;4726.465000;4728.075000;0
20260408 180700;4727.755000;4727.975000;4725.285000;4725.285000;0
20260408 180800;4725.265000;4726.335000;4723.195000;4723.615000;0
20260408 180900;4723.645000;4724.025000;4720.315000;4722.105000;0
20260408 181000;4722.235000;4723.308000;4721.295000;4722.155000;0
20260408 181100;4721.655000;4722.195000;4717.825000;4717.875000;0
20260408 181200;4717.885000;4718.015000;4710.698000;4711.278000;0
20260408 181300;4711.528000;4716.058000;4708.925000;4716.018000;0
20260408 181400;4716.038000;4716.518000;4710.985000;4711.888000;0
20260408 181500;4711.868000;4716.938000;4711.125000;4714.128000;0
20260408 181600;4714.248000;4716.268000;4713.258000;4713.978000;0
20260408 181700;4713.828000;4714.828000;4711.758000;4712.148000;0
20260408 181800;4711.995000;4712.258000;4707.415000;4710.248000;0
20260408 181900;4710.428000;4711.515000;4709.388000;4711.388000;0
20260408 182000;4711.398000;4713.238000;4706.175000;4708.658000;0
20260408 182100;4708.758000;4709.848000;4704.075000;4706.398000;0
20260408 182200;4706.488000;4707.248000;4704.165000;4706.018000;0
20260408 182300;4706.075000;4708.298000;4705.418000;4708.205000;0
20260408 182400;4708.215000;4712.265000;4707.965000;4712.255000;0
20260408 182500;4711.718000;4712.705000;4711.205000;4711.265000;0
20260408 182600;4711.255000;4711.255000;4708.698000;4709.965000;0
20260408 182700;4710.138000;4710.185000;4709.115000;4709.225000;0
20260408 182800;4709.355000;4712.178000;4708.848000;4711.935000;0
20260408 182900;4711.935000;4713.248000;4711.485000;4713.248000;0
20260408 183000;4713.288000;4714.115000;4713.155000;4713.468000;0
20260408 183100;4713.485000;4713.485000;4709.595000;4710.045000;0
20260408 183200;4709.865000;4709.865000;4706.195000;4707.245000;0
20260408 183300;4707.215000;4713.765000;4705.355000;4712.945000;0
20260408 183400;4712.925000;4716.885000;4712.455000;4716.318000;0
20260408 183500;4716.665000;4717.555000;4715.675000;4717.435000;0
20260408 183600;4717.435000;4717.555000;4714.835000;4715.175000;0
20260408 183700;4714.865000;4719.145000;4714.325000;4717.945000;0
20260408 183800;4717.965000;4717.965000;4715.175000;4716.625000;0
20260408 183900;4715.915000;4715.915000;4712.575000;4713.205000;0
20260408 184000;4713.185000;4713.185000;4710.745000;4712.095000;0
20260408 184100;4712.065000;4717.295000;4711.515000;4712.315000;0
20260408 184200;4712.668000;4714.645000;4712.375000;4714.585000;0
20260408 184300;4714.605000;4714.685000;4713.575000;4713.855000;0
20260408 184400;4713.835000;4714.285000;4712.415000;4712.435000;0
20260408 184500;4712.485000;4713.895000;4711.335000;4712.845000;0
20260408 184600;4712.925000;4715.415000;4712.255000;4715.345000;0
20260408 184700;4715.325000;4715.885000;4713.585000;4715.005000;0
20260408 184800;4715.035000;4715.115000;4713.305000;4714.765000;0
20260408 184900;4714.795000;4715.015000;4714.115000;4714.985000;0
20260408 185000;4715.195000;4715.195000;4713.835000;4715.155000;0
20260408 185100;4715.345000;4717.825000;4714.285000;4716.175000;0
20260408 185200;4716.145000;4718.065000;4716.065000;4717.445000;0
20260408 185300;4717.415000;4718.365000;4716.985000;4718.285000;0
20260408 185400;4718.315000;4718.315000;4715.875000;4716.315000;0
20260408 185500;4716.395000;4716.465000;4715.725000;4716.445000;0
20260408 185600;4716.445000;4718.845000;4714.755000;4718.655000;0
20260408 185700;4718.955000;4720.055000;4717.405000;4717.845000;0
20260408 185800;4717.815000;4718.085000;4716.525000;4717.765000;0
20260408 185900;4717.765000;4717.878000;4716.848000;4717.085000;0
20260408 190000;4715.715000;4716.988000;4714.508000;4715.498000;0
20260408 190100;4715.538000;4715.948000;4713.098000;4713.118000;0
20260408 190200;4713.118000;4713.238000;4708.905000;4710.778000;0
20260408 190300;4711.078000;4713.138000;4711.078000;4712.878000;0
20260408 190400;4712.938000;4714.978000;4710.898000;4713.768000;0
20260408 190500;4713.768000;4717.278000;4712.315000;4714.918000;0
20260408 190600;4714.918000;4714.918000;4712.915000;4714.198000;0
20260408 190700;4714.178000;4714.178000;4711.788000;4712.878000;0
20260408 190800;4712.838000;4712.838000;4709.288000;4709.498000;0
20260408 190900;4709.598000;4709.638000;4706.708000;4706.998000;0
20260408 191000;4706.938000;4708.338000;4706.165000;4706.165000;0
20260408 191100;4706.145000;4707.285000;4705.315000;4706.585000;0
20260408 191200;4706.545000;4706.665000;4704.998000;4706.495000;0
20260408 191300;4706.535000;4710.638000;4706.258000;4710.595000;0
20260408 191400;4710.555000;4711.078000;4708.195000;4708.245000;0
20260408 191500;4708.205000;4709.118000;4706.145000;4707.938000;0
20260408 191600;4707.835000;4710.175000;4705.485000;4709.495000;0
20260408 191700;4709.605000;4711.255000;4708.975000;4711.178000;0
20260408 191800;4711.198000;4713.025000;4711.198000;4712.198000;0
20260408 191900;4712.718000;4713.108000;4711.998000;4712.618000;0
20260408 192000;4712.618000;4715.665000;4710.405000;4713.745000;0
20260408 192100;4713.725000;4713.725000;4710.105000;4712.735000;0
20260408 192200;4712.705000;4712.725000;4711.795000;4712.455000;0
20260408 192300;4712.735000;4713.395000;4712.418000;4712.755000;0
20260408 192400;4713.085000;4713.485000;4712.725000;4713.075000;0
20260408 192500;4713.055000;4713.055000;4710.318000;4711.135000;0
20260408 192600;4711.138000;4711.525000;4709.605000;4710.065000;0
20260408 192700;4709.985000;4711.615000;4709.845000;4710.795000;0
20260408 192800;4710.795000;4711.525000;4710.325000;4711.525000;0
20260408 192900;4711.525000;4711.685000;4709.655000;4709.805000;0
20260408 193000;4709.805000;4710.765000;4709.248000;4710.745000;0
20260408 193100;4710.745000;4710.855000;4708.585000;4709.425000;0
20260408 193200;4709.565000;4709.685000;4707.515000;4708.555000;0
20260408 193300;4708.098000;4708.395000;4706.765000;4707.655000;0
20260408 193400;4707.585000;4710.395000;4707.375000;4710.245000;0
20260408 193500;4710.215000;4711.095000;4709.645000;4711.055000;0
20260408 193600;4710.665000;4713.155000;4710.665000;4712.945000;0
20260408 193700;4712.655000;4713.065000;4711.075000;4711.445000;0
20260408 193800;4711.415000;4711.965000;4710.245000;4710.815000;0
20260408 193900;4710.855000;4712.445000;4709.585000;4712.365000;0
20260408 194000;4712.325000;4713.785000;4712.035000;4713.785000;0
20260408 194100;4713.745000;4714.795000;4713.415000;4714.195000;0
20260408 194200;4714.288000;4715.435000;4714.195000;4714.775000;0
20260408 194300;4714.798000;4714.915000;4713.215000;4713.445000;0
20260408 194400;4713.615000;4713.955000;4713.035000;4713.125000;0
20260408 194500;4713.085000;4715.575000;4712.465000;4715.275000;0
20260408 194600;4715.215000;4717.455000;4714.815000;4717.175000;0
20260408 194700;4717.135000;4717.135000;4715.878000;4716.225000;0
20260408 194800;4716.255000;4717.305000;4716.215000;4716.905000;0
20260408 194900;4717.215000;4717.695000;4716.825000;4717.255000;0
20260408 195000;4717.275000;4718.015000;4717.275000;4717.695000;0
20260408 195100;4717.715000;4719.725000;4717.635000;4719.665000;0
20260408 195200;4719.535000;4719.795000;4718.965000;4719.355000;0
20260408 195300;4719.335000;4719.445000;4718.935000;4718.955000;0
20260408 195400;4718.955000;4718.955000;4714.595000;4714.755000;0
20260408 195500;4714.735000;4715.175000;4712.285000;4713.555000;0
20260408 195600;4713.515000;4713.695000;4712.705000;4713.445000;0
20260408 195700;4713.365000;4713.635000;4712.315000;4713.455000;0
20260408 195800;4713.435000;4716.145000;4713.265000;4715.225000;0
20260408 195900;4715.265000;4716.355000;4714.995000;4715.215000;0
20260408 200000;4715.375000;4715.405000;4709.055000;4710.085000;0
20260408 200100;4710.055000;4710.115000;4706.335000;4708.395000;0
20260408 200200;4708.305000;4709.125000;4705.405000;4708.505000;0
20260408 200300;4708.505000;4709.305000;4705.835000;4706.245000;0
20260408 200400;4706.205000;4706.905000;4702.958000;4705.018000;0
20260408 200500;4705.038000;4705.158000;4701.298000;4702.718000;0
20260408 200600;4702.758000;4703.635000;4700.635000;4702.418000;0
20260408 200700;4702.178000;4702.875000;4698.085000;4700.465000;0
20260408 200800;4700.395000;4702.235000;4699.875000;4701.595000;0
20260408 200900;4701.625000;4702.975000;4700.135000;4700.205000;0
20260408 201000;4700.285000;4700.595000;4698.728000;4699.125000;0
20260408 201100;4699.125000;4699.835000;4698.628000;4699.335000;0
20260408 201200;4699.315000;4701.155000;4699.215000;4699.715000;0
20260408 201300;4699.995000;4702.225000;4698.795000;4701.895000;0
20260408 201400;4701.945000;4703.338000;4701.118000;4702.065000;0
20260408 201500;4702.005000;4703.655000;4700.965000;4702.285000;0
20260408 201600;4702.315000;4704.795000;4701.878000;4703.605000;0
20260408 201700;4703.625000;4704.795000;4702.175000;4704.235000;0
20260408 201800;4704.255000;4704.615000;4701.815000;4702.375000;0
20260408 201900;4702.405000;4703.935000;4700.588000;4703.825000;0
20260408 202000;4703.895000;4704.265000;4701.475000;4704.205000;0
20260408 202100;4704.175000;4708.635000;4702.855000;4708.615000;0
20260408 202200;4708.655000;4709.585000;4705.785000;4707.595000;0
20260408 202300;4707.545000;4709.285000;4707.225000;4708.835000;0
20260408 202400;4708.895000;4711.838000;4708.685000;4710.455000;0
20260408 202500;4710.465000;4711.165000;4708.745000;4710.005000;0
20260408 202600;4710.025000;4712.055000;4709.075000;4711.275000;0
20260408 202700;4711.345000;4711.605000;4709.685000;4710.125000;0
20260408 202800;4710.315000;4710.375000;4708.415000;4708.415000;0
20260408 202900;4708.375000;4708.865000;4706.105000;4706.105000;0
20260408 203000;4706.075000;4707.785000;4705.215000;4707.455000;0
20260408 203100;4707.485000;4713.915000;4706.785000;4712.925000;0
20260408 203200;4712.805000;4713.135000;4710.175000;4710.175000;0
20260408 203300;4710.238000;4712.395000;4708.235000;4708.475000;0
20260408 203400;4708.555000;4712.195000;4708.005000;4712.075000;0
20260408 203500;4712.095000;4713.835000;4711.515000;4712.955000;0
20260408 203600;4712.985000;4714.785000;4712.685000;4713.615000;0
20260408 203700;4713.375000;4714.265000;4712.675000;4713.405000;0
20260408 203800;4713.365000;4714.835000;4712.085000;4714.815000;0
20260408 203900;4714.885000;4714.905000;4712.745000;4712.835000;0
20260408 204000;4712.865000;4715.265000;4712.865000;4714.575000;0
20260408 204100;4714.555000;4715.645000;4713.665000;4715.645000;0
20260408 204200;4715.895000;4717.865000;4715.345000;4717.295000;0
20260408 204300;4717.315000;4717.315000;4715.235000;4716.265000;0
20260408 204400;4716.215000;4718.195000;4716.095000;4718.075000;0
20260408 204500;4718.115000;4718.885000;4713.375000;4714.455000;0
20260408 204600;4714.505000;4715.155000;4713.535000;4714.585000;0
20260408 204700;4714.565000;4714.635000;4713.265000;4713.935000;0
20260408 204800;4713.965000;4717.455000;4713.935000;4717.425000;0
20260408 204900;4717.385000;4718.505000;4715.385000;4715.415000;0
20260408 205000;4715.415000;4716.248000;4714.345000;4714.895000;0
20260408 205100;4714.925000;4716.075000;4713.615000;4715.985000;0
20260408 205200;4716.085000;4716.705000;4712.775000;4713.135000;0
20260408 205300;4713.465000;4713.465000;4710.535000;4710.535000;0
20260408 205400;4710.505000;4710.745000;4707.875000;4709.155000;0
20260408 205500;4709.135000;4709.845000;4708.195000;4708.195000;0
20260408 205600;4708.455000;4709.835000;4707.655000;4707.655000;0
20260408 205700;4707.685000;4710.015000;4707.485000;4710.015000;0
20260408 205800;4710.185000;4710.415000;4707.985000;4709.515000;0
20260408 205900;4709.295000;4709.585000;4705.605000;4706.515000;0
20260408 210000;4706.365000;4716.125000;4705.475000;4712.075000;0
20260408 210100;4711.935000;4714.325000;4709.315000;4712.585000;0
20260408 210200;4712.415000;4715.675000;4705.235000;4705.415000;0
20260408 210300;4705.385000;4710.235000;4699.178000;4709.345000;0
20260408 210400;4709.325000;4712.475000;4705.105000;4712.445000;0
20260408 210500;4712.305000;4715.665000;4708.375000;4709.585000;0
20260408 210600;4709.625000;4715.965000;4709.175000;4713.595000;0
20260408 210700;4713.855000;4713.915000;4710.515000;4711.445000;0
20260408 210800;4711.495000;4712.815000;4709.055000;4712.175000;0
20260408 210900;4712.275000;4716.815000;4711.945000;4715.675000;0
20260408 211000;4715.695000;4718.805000;4714.025000;4718.685000;0
20260408 211100;4718.655000;4718.655000;4712.705000;4714.935000;0
20260408 211200;4714.915000;4714.915000;4711.015000;4712.905000;0
20260408 211300;4712.885000;4717.945000;4712.795000;4717.525000;0
20260408 211400;4717.475000;4721.775000;4717.125000;4720.455000;0
20260408 211500;4720.535000;4722.315000;4718.005000;4722.285000;0
20260408 211600;4722.335000;4722.885000;4719.115000;4719.365000;0
20260408 211700;4719.385000;4719.935000;4716.415000;4717.955000;0
20260408 211800;4717.985000;4723.195000;4717.325000;4720.105000;0
20260408 211900;4720.075000;4723.125000;4719.785000;4720.615000;0
20260408 212000;4720.565000;4720.585000;4714.705000;4715.005000;0
20260408 212100;4714.735000;4717.985000;4713.955000;4715.115000;0
20260408 212200;4715.015000;4715.425000;4710.225000;4711.645000;0
20260408 212300;4711.635000;4711.635000;4708.785000;4709.845000;0
20260408 212400;4709.825000;4711.745000;4709.685000;4711.435000;0
20260408 212500;4711.385000;4711.915000;4706.835000;4707.105000;0
20260408 212600;4707.085000;4707.975000;4705.455000;4707.535000;0
20260408 212700;4707.595000;4708.465000;4702.965000;4704.085000;0
20260408 212800;4704.125000;4706.195000;4702.695000;4705.065000;0
20260408 212900;4705.045000;4705.545000;4702.855000;4704.695000;0
20260408 213000;4704.385000;4708.125000;4703.745000;4707.785000;0
20260408 213100;4707.715000;4709.515000;4705.975000;4706.095000;0
20260408 213200;4706.135000;4708.965000;4705.765000;4708.315000;0
20260408 213300;4708.295000;4710.865000;4707.915000;4710.865000;0
20260408 213400;4710.905000;4719.335000;4710.835000;4718.175000;0
20260408 213500;4718.205000;4719.085000;4716.145000;4717.325000;0
20260408 213600;4717.355000;4717.895000;4715.785000;4716.065000;0
20260408 213700;4716.015000;4717.935000;4714.835000;4715.315000;0
20260408 213800;4715.345000;4716.885000;4714.785000;4715.055000;0
20260408 213900;4715.015000;4718.915000;4714.855000;4718.635000;0
20260408 214000;4718.715000;4719.945000;4716.695000;4719.005000;0
20260408 214100;4718.955000;4719.138000;4716.445000;4716.445000;0
20260408 214200;4716.415000;4721.355000;4715.315000;4720.805000;0
20260408 214300;4720.845000;4720.845000;4716.455000;4716.555000;0
20260408 214400;4716.595000;4717.895000;4715.805000;4717.345000;0
20260408 214500;4717.875000;4719.255000;4717.555000;4718.855000;0
20260408 214600;4718.575000;4722.175000;4718.275000;4721.125000;0
20260408 214700;4721.035000;4721.245000;4719.135000;4720.315000;0
20260408 214800;4720.285000;4721.185000;4718.915000;4720.525000;0
20260408 214900;4720.505000;4722.745000;4720.505000;4722.065000;0
20260408 215000;4722.015000;4724.298000;4721.348000;4723.098000;0
20260408 215100;4723.098000;4723.898000;4722.625000;4723.498000;0
20260408 215200;4723.498000;4723.748000;4722.805000;4723.648000;0
20260408 215300;4723.648000;4723.805000;4722.398000;4723.205000;0
20260408 215400;4723.298000;4724.005000;4722.435000;4723.265000;0
20260408 215500;4723.585000;4723.665000;4721.205000;4722.425000;0
20260408 215600;4722.465000;4723.815000;4721.925000;4723.565000;0
20260408 215700;4723.675000;4727.595000;4723.448000;4727.445000;0
20260408 215800;4727.185000;4727.525000;4725.695000;4726.565000;0
20260408 215900;4726.625000;4728.125000;4726.338000;4727.155000;0
20260408 220000;4727.235000;4728.665000;4724.495000;4724.955000;0
20260408 220100;4724.935000;4725.075000;4722.418000;4722.478000;0
20260408 220200;4722.458000;4728.645000;4722.418000;4725.675000;0
20260408 220300;4725.685000;4725.685000;4721.325000;4723.725000;0
20260408 220400;4723.725000;4724.065000;4720.775000;4721.755000;0
20260408 220500;4721.795000;4725.565000;4721.795000;4724.345000;0
20260408 220600;4724.245000;4724.285000;4722.115000;4722.275000;0
20260408 220700;4722.295000;4725.365000;4721.745000;4725.075000;0
20260408 220800;4725.095000;4725.745000;4722.525000;4724.215000;0
20260408 220900;4724.245000;4724.575000;4722.005000;4722.005000;0
20260408 221000;4721.975000;4722.335000;4721.068000;4721.135000;0
20260408 221100;4721.195000;4723.905000;4721.175000;4723.115000;0
20260408 221200;4723.155000;4723.905000;4722.165000;4722.225000;0
20260408 221300;4722.195000;4722.225000;4721.115000;4721.845000;0
20260408 221400;4722.045000;4722.795000;4721.535000;4722.725000;0
20260408 221500;4722.765000;4723.805000;4722.345000;4723.565000;0
20260408 221600;4723.495000;4725.785000;4723.495000;4725.225000;0
20260408 221700;4725.205000;4725.345000;4723.258000;4725.265000;0
20260408 221800;4725.245000;4725.605000;4722.758000;4723.178000;0
20260408 221900;4722.985000;4727.755000;4722.395000;4726.615000;0
20260408 222000;4726.635000;4727.755000;4725.775000;4725.995000;0
20260408 222100;4725.985000;4726.445000;4724.685000;4725.215000;0
20260408 222200;4725.195000;4725.635000;4724.775000;4725.625000;0
20260408 222300;4725.605000;4727.425000;4725.585000;4726.725000;0
20260408 222400;4726.725000;4726.725000;4725.725000;4726.255000;0
20260408 222500;4726.475000;4726.475000;4724.685000;4725.255000;0
20260408 222600;4725.215000;4725.555000;4723.475000;4723.865000;0
20260408 222700;4723.955000;4724.995000;4723.715000;4723.755000;0
20260408 222800;4723.735000;4725.565000;4723.595000;4725.435000;0
20260408 222900;4725.395000;4725.855000;4724.285000;4725.285000;0
20260408 223000;4725.315000;4729.115000;4725.175000;4729.085000;0
20260408 223100;4729.115000;4729.945000;4727.135000;4727.535000;0
20260408 223200;4727.495000;4729.505000;4727.205000;4728.305000;0
20260408 223300;4728.075000;4728.425000;4725.945000;4725.975000;0
20260408 223400;4725.675000;4726.305000;4725.215000;4725.735000;0
20260408 223500;4725.845000;4727.335000;4725.505000;4726.865000;0
20260408 223600;4726.835000;4729.205000;4725.965000;4729.165000;0
20260408 223700;4729.105000;4730.805000;4728.665000;4730.745000;0
20260408 223800;4730.815000;4731.815000;4730.425000;4731.395000;0
20260408 223900;4731.458000;4732.435000;4730.315000;4730.745000;0
20260408 224000;4730.565000;4730.635000;4728.995000;4729.295000;0
20260408 224100;4729.205000;4730.125000;4728.985000;4729.265000;0
20260408 224200;4729.215000;4731.055000;4729.215000;4731.035000;0
20260408 224300;4731.105000;4732.005000;4730.675000;4731.355000;0
20260408 224400;4731.285000;4732.295000;4731.125000;4732.065000;0
20260408 224500;4732.005000;4732.595000;4729.775000;4730.675000;0
20260408 224600;4730.715000;4731.155000;4729.425000;4729.535000;0
20260408 224700;4729.475000;4730.385000;4728.975000;4729.955000;0
20260408 224800;4729.955000;4729.955000;4727.915000;4728.135000;0
20260408 224900;4728.165000;4728.695000;4725.395000;4725.985000;0
20260408 225000;4726.015000;4727.635000;4723.965000;4727.485000;0
20260408 225100;4727.505000;4728.135000;4726.378000;4726.765000;0
20260408 225200;4726.785000;4728.275000;4726.785000;4727.765000;0
20260408 225300;4727.835000;4727.955000;4725.105000;4726.105000;0
20260408 225400;4726.185000;4726.265000;4722.778000;4722.958000;0
20260408 225500;4722.865000;4723.965000;4721.978000;4722.405000;0
20260408 225600;4722.375000;4722.375000;4717.075000;4719.615000;0
20260408 225700;4719.705000;4720.245000;4718.555000;4719.865000;0
20260408 225800;4720.025000;4721.145000;4718.845000;4720.985000;0
20260408 225900;4720.935000;4721.115000;4718.758000;4718.825000;0
20260408 230000;4718.775000;4720.065000;4717.305000;4718.685000;0
20260408 230100;4718.705000;4719.085000;4715.415000;4715.598000;0
20260408 230200;4715.618000;4719.405000;4715.415000;4718.825000;0
20260408 230300;4718.825000;4719.395000;4717.078000;4718.658000;0
20260408 230400;4718.678000;4719.138000;4717.195000;4718.818000;0
20260408 230500;4718.798000;4718.878000;4717.378000;4717.478000;0
20260408 230600;4717.415000;4717.485000;4715.095000;4715.145000;0
20260408 230700;4715.095000;4717.755000;4715.095000;4716.498000;0
20260408 230800;4716.538000;4719.538000;4716.538000;4718.885000;0
20260408 230900;4718.878000;4719.205000;4717.338000;4717.885000;0
20260408 231000;4717.865000;4717.885000;4715.458000;4715.895000;0
20260408 231100;4715.865000;4715.865000;4712.558000;4712.838000;0
20260408 231200;4712.878000;4714.165000;4712.778000;4714.165000;0
20260408 231300;4714.135000;4714.205000;4712.558000;4712.655000;0
20260408 231400;4712.625000;4712.625000;4711.158000;4712.225000;0
20260408 231500;4712.275000;4713.015000;4710.455000;4710.755000;0
20260408 231600;4710.358000;4710.725000;4708.365000;4708.605000;0
20260408 231700;4708.515000;4709.895000;4708.265000;4708.325000;0
20260408 231800;4708.355000;4711.535000;4707.955000;4708.555000;0
20260408 231900;4708.565000;4708.565000;4705.538000;4707.425000;0
20260408 232000;4707.465000;4710.205000;4707.465000;4708.695000;0
20260408 232100;4708.625000;4708.625000;4704.898000;4704.978000;0
20260408 232200;4704.958000;4707.955000;4704.958000;4706.038000;0
20260408 232300;4705.978000;4708.538000;4705.978000;4707.525000;0
20260408 232400;4707.565000;4708.665000;4705.355000;4708.455000;0
20260408 232500;4708.485000;4709.515000;4708.135000;4709.515000;0
20260408 232600;4709.535000;4710.355000;4708.955000;4709.935000;0
20260408 232700;4709.955000;4711.415000;4709.905000;4711.405000;0
20260408 232800;4711.565000;4712.615000;4711.135000;4711.475000;0
20260408 232900;4711.445000;4712.635000;4711.035000;4712.258000;0
20260408 233000;4712.335000;4713.765000;4712.045000;4713.385000;0
20260408 233100;4713.315000;4714.075000;4712.155000;4713.275000;0
20260408 233200;4713.325000;4714.165000;4712.925000;4713.275000;0
20260408 233300;4713.135000;4714.525000;4712.905000;4714.245000;0
20260408 233400;4714.275000;4714.585000;4713.175000;4713.445000;0
20260408 233500;4713.555000;4713.815000;4712.525000;4712.865000;0
20260408 233600;4712.885000;4713.145000;4711.875000;4712.095000;0
20260408 233700;4712.035000;4712.855000;4711.485000;4712.285000;0
20260408 233800;4712.315000;4712.985000;4712.165000;4712.715000;0
20260408 233900;4712.755000;4714.125000;4712.558000;4714.105000;0
20260408 234000;4714.218000;4714.455000;4713.235000;4713.695000;0
20260408 234100;4713.885000;4714.615000;4713.545000;4713.975000;0
20260408 234200;4714.325000;4714.635000;4713.275000;4713.375000;0
20260408 234300;4713.325000;4713.895000;4713.005000;4713.785000;0
20260408 234400;4713.815000;4714.525000;4713.185000;4714.525000;0
20260408 234500;4714.555000;4714.605000;4712.855000;4712.855000;0
20260408 234600;4712.875000;4713.115000;4711.025000;4711.575000;0
20260408 234700;4711.648000;4712.565000;4709.765000;4710.435000;0
20260408 234800;4710.455000;4710.775000;4706.275000;4708.085000;0
20260408 234900;4708.035000;4711.125000;4707.915000;4710.675000;0
20260408 235000;4710.765000;4713.755000;4710.745000;4711.425000;0
20260408 235100;4711.405000;4711.845000;4710.665000;4711.645000;0
20260408 235200;4711.575000;4712.625000;4708.305000;4708.385000;0
20260408 235300;4708.365000;4710.225000;4707.648000;4710.135000;0
20260408 235400;4709.975000;4711.775000;4709.975000;4711.125000;0
20260408 235500;4711.385000;4712.315000;4711.045000;4712.315000;0
20260408 235600;4712.295000;4713.665000;4711.548000;4711.738000;0
20260408 235700;4711.675000;4712.288000;4710.435000;4710.455000;0
20260408 235800;4710.415000;4711.775000;4710.358000;4711.355000;0
20260408 235900;4711.618000;4712.475000;4710.625000;4711.165000;0
20260409 000000;4711.185000;4712.455000;4711.185000;4711.745000;0
20260409 000100;4711.715000;4711.755000;4710.155000;4710.975000;0
20260409 000200;4711.005000;4712.625000;4710.345000;4710.615000;0
20260409 000300;4710.655000;4712.415000;4709.435000;4711.955000;0
20260409 000400;4711.925000;4715.615000;4711.325000;4714.995000;0
20260409 000500;4714.885000;4717.335000;4714.638000;4716.885000;0
20260409 000600;4716.975000;4717.735000;4716.705000;4717.085000;0
20260409 000700;4717.105000;4718.515000;4715.665000;4718.335000;0
20260409 000800;4718.275000;4719.455000;4717.885000;4719.455000;0
20260409 000900;4719.425000;4720.715000;4719.175000;4720.355000;0
20260409 001000;4720.405000;4722.145000;4720.345000;4721.475000;0
20260409 001100;4721.445000;4721.905000;4721.005000;4721.715000;0
20260409 001200;4721.785000;4721.915000;4721.195000;4721.335000;0
20260409 001300;4721.245000;4721.665000;4720.075000;4720.675000;0
20260409 001400;4720.625000;4721.765000;4720.625000;4721.375000;0
20260409 001500;4721.575000;4722.125000;4721.195000;4721.855000;0
20260409 001600;4721.835000;4722.885000;4721.835000;4722.225000;0
20260409 001700;4722.328000;4722.948000;4719.925000;4720.155000;0
20260409 001800;4720.105000;4720.845000;4719.595000;4719.755000;0
20260409 001900;4719.548000;4720.785000;4719.548000;4720.095000;0
20260409 002000;4720.065000;4720.235000;4719.195000;4719.365000;0
20260409 002100;4719.405000;4719.605000;4718.275000;4719.065000;0
20260409 002200;4719.025000;4719.065000;4718.485000;4718.635000;0
20260409 002300;4718.595000;4718.835000;4718.025000;4718.425000;0
20260409 002400;4718.405000;4718.475000;4717.725000;4717.995000;0
20260409 002500;4718.025000;4719.385000;4717.885000;4718.505000;0
20260409 002600;4718.548000;4718.965000;4718.365000;4718.515000;0
20260409 002700;4718.555000;4719.255000;4718.425000;4718.955000;0
20260409 002800;4718.905000;4718.905000;4717.275000;4717.345000;0
20260409 002900;4717.375000;4717.375000;4716.778000;4716.778000;0
20260409 003000;4716.778000;4716.778000;4714.728000;4715.405000;0
20260409 003100;4715.435000;4716.445000;4714.198000;4716.135000;0
20260409 003200;4716.305000;4717.585000;4716.135000;4716.405000;0
20260409 003300;4716.465000;4716.585000;4714.445000;4714.765000;0
20260409 003400;4714.448000;4715.695000;4714.105000;4715.605000;0
20260409 003500;4715.625000;4716.565000;4715.105000;4716.535000;0
20260409 003600;4716.505000;4718.235000;4716.505000;4717.975000;0
20260409 003700;4717.945000;4719.945000;4717.525000;4719.785000;0
20260409 003800;4719.835000;4720.885000;4719.765000;4720.265000;0
20260409 003900;4720.335000;4720.595000;4717.725000;4717.845000;0
20260409 004000;4717.825000;4720.075000;4717.695000;4719.875000;0
20260409 004100;4719.815000;4722.785000;4719.435000;4722.505000;0
20260409 004200;4722.525000;4723.165000;4721.965000;4721.965000;0
20260409 004300;4721.935000;4722.045000;4721.015000;4721.545000;0
20260409 004400;4721.625000;4721.625000;4720.215000;4720.548000;0
20260409 004500;4720.765000;4721.375000;4719.625000;4720.995000;0
20260409 004600;4721.035000;4721.395000;4720.635000;4720.885000;0
20260409 004700;4720.865000;4720.995000;4720.365000;4720.435000;0
20260409 004800;4720.455000;4721.205000;4720.305000;4721.205000;0
20260409 004900;4721.225000;4722.085000;4720.775000;4720.965000;0
20260409 005000;4720.945000;4721.635000;4720.695000;4721.565000;0
20260409 005100;4721.465000;4723.175000;4721.095000;4722.755000;0
20260409 005200;4722.275000;4723.255000;4722.275000;4723.175000;0
20260409 005300;4723.135000;4725.038000;4722.305000;4723.778000;0
20260409 005400;4723.918000;4724.915000;4723.455000;4723.985000;0
20260409 005500;4724.005000;4724.005000;4720.795000;4722.778000;0
20260409 005600;4722.765000;4722.778000;4721.745000;4722.105000;0
20260409 005700;4721.878000;4722.245000;4720.955000;4721.235000;0
20260409 005800;4721.295000;4722.588000;4721.295000;4721.895000;0
20260409 005900;4721.925000;4722.205000;4720.485000;4720.505000;0
20260409 010000;4720.545000;4722.035000;4720.245000;4721.875000;0
20260409 010100;4722.095000;4723.348000;4720.145000;4720.225000;0
20260409 010200;4720.395000;4721.395000;4719.775000;4721.005000;0
20260409 010300;4720.935000;4721.555000;4720.515000;4720.535000;0
20260409 010400;4720.685000;4720.865000;4719.205000;4719.275000;0
20260409 010500;4719.225000;4719.768000;4717.648000;4718.075000;0
20260409 010600;4717.725000;4718.345000;4716.915000;4717.015000;0
20260409 010700;4716.985000;4716.985000;4715.625000;4715.825000;0
20260409 010800;4715.455000;4715.835000;4715.265000;4715.525000;0
20260409 010900;4715.495000;4716.095000;4714.865000;4716.095000;0
20260409 011000;4716.035000;4716.035000;4711.685000;4711.685000;0
20260409 011100;4711.645000;4712.965000;4710.585000;4712.875000;0
20260409 011200;4712.765000;4714.295000;4710.445000;4710.825000;0
20260409 011300;4710.855000;4714.375000;4710.775000;4713.335000;0
20260409 011400;4713.365000;4713.815000;4712.815000;4713.615000;0
20260409 011500;4713.635000;4714.625000;4713.125000;4714.385000;0
20260409 011600;4714.065000;4717.645000;4713.565000;4716.605000;0
20260409 011700;4716.625000;4718.165000;4715.685000;4717.815000;0
20260409 011800;4718.135000;4718.195000;4716.955000;4716.955000;0
20260409 011900;4716.905000;4720.215000;4716.745000;4720.215000;0
20260409 012000;4720.195000;4721.785000;4719.735000;4721.085000;0
20260409 012100;4721.115000;4723.495000;4720.435000;4723.045000;0
20260409 012200;4723.015000;4723.025000;4720.965000;4721.245000;0
20260409 012300;4721.295000;4722.735000;4721.255000;4722.165000;0
20260409 012400;4722.208000;4722.388000;4720.275000;4720.545000;0
20260409 012500;4720.548000;4722.618000;4720.025000;4722.068000;0
20260409 012600;4722.048000;4724.165000;4722.038000;4723.395000;0
20260409 012700;4723.375000;4723.895000;4722.545000;4723.265000;0
20260409 012800;4723.345000;4724.925000;4722.765000;4724.545000;0
20260409 012900;4724.618000;4726.295000;4724.135000;4726.035000;0
20260409 013000;4726.015000;4726.375000;4718.465000;4721.685000;0
20260409 013100;4721.808000;4722.365000;4719.555000;4719.575000;0
20260409 013200;4719.635000;4720.548000;4716.555000;4718.035000;0
20260409 013300;4718.055000;4719.805000;4717.955000;4718.355000;0
20260409 013400;4718.255000;4719.715000;4717.725000;4719.485000;0
20260409 013500;4719.315000;4719.628000;4715.835000;4716.705000;0
20260409 013600;4716.645000;4718.685000;4716.345000;4718.165000;0
20260409 013700;4718.248000;4721.475000;4717.905000;4719.518000;0
20260409 013800;4719.548000;4721.005000;4718.895000;4720.715000;0
20260409 013900;4721.315000;4721.815000;4718.875000;4719.465000;0
20260409 014000;4719.445000;4720.745000;4719.235000;4719.695000;0
20260409 014100;4719.715000;4722.895000;4719.715000;4722.265000;0
20260409 014200;4722.215000;4722.815000;4720.035000;4720.035000;0
20260409 014300;4719.885000;4722.245000;4719.025000;4722.035000;0
20260409 014400;4722.175000;4724.245000;4720.895000;4723.595000;0
20260409 014500;4723.475000;4724.085000;4720.615000;4720.775000;0
20260409 014600;4720.755000;4721.205000;4718.268000;4720.675000;0
20260409 014700;4720.715000;4720.978000;4719.598000;4720.375000;0
20260409 014800;4720.395000;4721.215000;4718.665000;4718.715000;0
20260409 014900;4718.825000;4718.825000;4714.255000;4714.255000;0
20260409 015000;4714.275000;4714.498000;4711.045000;4712.195000;0
20260409 015100;4712.235000;4712.665000;4708.335000;4708.335000;0
20260409 015200;4708.545000;4710.205000;4705.515000;4706.425000;0
20260409 015300;4705.785000;4709.745000;4705.625000;4708.565000;0
20260409 015400;4708.535000;4710.555000;4707.655000;4708.295000;0
20260409 015500;4708.315000;4710.815000;4707.935000;4708.005000;0
20260409 015600;4707.975000;4710.935000;4706.855000;4710.085000;0
20260409 015700;4709.345000;4713.535000;4708.985000;4713.465000;0
20260409 015800;4713.498000;4715.355000;4712.998000;4713.018000;0
20260409 015900;4713.045000;4713.325000;4711.225000;4712.705000;0
20260409 020000;4712.725000;4717.905000;4711.085000;4716.875000;0
20260409 020100;4716.875000;4718.485000;4716.185000;4717.445000;0
20260409 020200;4717.415000;4718.995000;4717.228000;4718.188000;0
20260409 020300;4718.298000;4722.378000;4718.178000;4721.308000;0
20260409 020400;4721.308000;4722.368000;4720.325000;4721.528000;0
20260409 020500;4721.475000;4721.958000;4720.875000;4721.638000;0
20260409 020600;4721.735000;4723.865000;4721.135000;4723.825000;0
20260409 020700;4723.768000;4724.995000;4722.255000;4724.395000;0
20260409 020800;4724.345000;4724.425000;4721.608000;4722.595000;0
20260409 020900;4722.608000;4722.608000;4720.185000;4720.205000;0
20260409 021000;4720.258000;4722.628000;4719.038000;4721.615000;0
20260409 021100;4721.678000;4723.408000;4721.678000;4722.395000;0
20260409 021200;4722.375000;4723.708000;4721.855000;4722.035000;0
20260409 021300;4721.995000;4722.668000;4717.938000;4718.915000;0
20260409 021400;4718.498000;4719.305000;4717.405000;4718.825000;0
20260409 021500;4718.888000;4720.505000;4718.055000;4719.545000;0
20260409 021600;4719.565000;4720.245000;4718.345000;4720.245000;0
20260409 021700;4720.275000;4721.565000;4718.955000;4719.098000;0
20260409 021800;4718.948000;4719.868000;4718.385000;4718.635000;0
20260409 021900;4718.605000;4718.895000;4716.025000;4716.055000;0
20260409 022000;4716.015000;4719.695000;4716.015000;4719.425000;0
20260409 022100;4719.595000;4719.825000;4717.665000;4718.505000;0
20260409 022200;4718.875000;4720.855000;4717.765000;4718.315000;0
20260409 022300;4718.485000;4718.545000;4716.548000;4717.135000;0
20260409 022400;4717.095000;4717.185000;4713.965000;4714.755000;0
20260409 022500;4714.705000;4714.908000;4713.575000;4713.575000;0
20260409 022600;4713.555000;4714.435000;4712.138000;4712.955000;0
20260409 022700;4712.958000;4716.528000;4712.945000;4716.105000;0
20260409 022800;4716.155000;4716.158000;4713.455000;4715.115000;0
20260409 022900;4715.095000;4718.215000;4715.095000;4718.045000;0
20260409 023000;4718.155000;4722.815000;4716.925000;4721.155000;0
20260409 023100;4720.548000;4721.835000;4717.778000;4718.225000;0
20260409 023200;4718.195000;4719.015000;4716.725000;4717.738000;0
20260409 023300;4717.695000;4718.255000;4716.388000;4718.085000;0
20260409 023400;4718.108000;4720.155000;4718.095000;4718.755000;0
20260409 023500;4718.735000;4718.765000;4715.905000;4716.168000;0
20260409 023600;4716.248000;4717.278000;4712.628000;4713.488000;0
20260409 023700;4713.518000;4713.688000;4711.418000;4712.448000;0
20260409 023800;4712.468000;4714.358000;4711.238000;4714.298000;0
20260409 023900;4714.258000;4714.778000;4713.138000;4714.618000;0
20260409 024000;4714.578000;4715.618000;4713.098000;4714.618000;0
20260409 024100;4714.638000;4715.385000;4713.558000;4714.585000;0
20260409 024200;4714.605000;4716.525000;4714.475000;4716.115000;0
20260409 024300;4716.135000;4718.628000;4715.185000;4715.185000;0
20260409 024400;4715.165000;4715.545000;4712.265000;4713.205000;0
20260409 024500;4713.185000;4713.858000;4711.915000;4713.578000;0
20260409 024600;4713.538000;4714.745000;4713.538000;4713.925000;0
20260409 024700;4713.968000;4714.455000;4711.525000;4712.745000;0
20260409 024800;4712.815000;4714.725000;4712.095000;4713.255000;0
20260409 024900;4713.325000;4713.335000;4711.045000;4711.455000;0
20260409 025000;4711.485000;4712.995000;4708.918000;4710.378000;0
20260409 025100;4710.378000;4710.858000;4708.238000;4709.078000;0
20260409 025200;4709.098000;4710.955000;4707.958000;4710.358000;0
20260409 025300;4710.355000;4711.678000;4703.835000;4704.155000;0
20260409 025400;4704.115000;4708.165000;4703.185000;4707.815000;0
20260409 025500;4707.878000;4711.768000;4707.745000;4711.598000;0
20260409 025600;4711.598000;4713.785000;4711.565000;4712.635000;0
20260409 025700;4712.625000;4713.165000;4710.818000;4712.475000;0
20260409 025800;4712.435000;4712.805000;4710.555000;4711.175000;0
20260409 025900;4711.065000;4712.775000;4711.065000;4712.125000;0
20260409 030000;4712.245000;4713.135000;4710.115000;4710.455000;0
20260409 030100;4710.705000;4715.725000;4708.145000;4714.735000;0
20260409 030200;4714.785000;4715.175000;4710.878000;4714.985000;0
20260409 030300;4714.775000;4714.925000;4713.098000;4713.785000;0
20260409 030400;4713.835000;4716.445000;4713.005000;4715.155000;0
20260409 030500;4715.215000;4717.765000;4714.385000;4717.575000;0
20260409 030600;4717.545000;4721.755000;4717.005000;4721.195000;0
20260409 030700;4721.155000;4724.115000;4720.975000;4723.955000;0
20260409 030800;4724.018000;4728.375000;4724.018000;4726.005000;0
20260409 030900;4726.015000;4727.615000;4723.615000;4724.885000;0
20260409 031000;4724.865000;4730.068000;4724.108000;4728.965000;0
20260409 031100;4728.985000;4729.315000;4726.365000;4727.215000;0
20260409 031200;4727.255000;4727.255000;4723.515000;4723.675000;0
20260409 031300;4723.655000;4724.378000;4721.878000;4722.238000;0
20260409 031400;4722.238000;4724.955000;4721.675000;4724.195000;0
20260409 031500;4724.205000;4724.455000;4722.555000;4723.655000;0
20260409 031600;4723.685000;4723.685000;4721.045000;4722.285000;0
20260409 031700;4722.265000;4722.265000;4718.355000;4718.655000;0
20260409 031800;4718.625000;4720.105000;4718.185000;4719.465000;0
20260409 031900;4719.485000;4720.795000;4714.615000;4715.458000;0
20260409 032000;4715.378000;4715.815000;4714.025000;4715.245000;0
20260409 032100;4715.215000;4715.215000;4712.118000;4713.155000;0
20260409 032200;4713.205000;4714.515000;4712.865000;4712.935000;0
20260409 032300;4712.935000;4713.475000;4709.785000;4710.905000;0
20260409 032400;4710.875000;4713.565000;4710.255000;4713.275000;0
20260409 032500;4713.185000;4713.495000;4711.295000;4711.425000;0
20260409 032600;4711.335000;4714.335000;4711.305000;4714.125000;0
20260409 032700;4714.055000;4714.275000;4707.925000;4707.995000;0
20260409 032800;4707.998000;4708.865000;4705.335000;4707.105000;0
20260409 032900;4707.165000;4708.725000;4706.345000;4708.275000;0
20260409 033000;4708.305000;4714.575000;4708.305000;4713.205000;0
20260409 033100;4713.205000;4714.465000;4711.575000;4714.195000;0
20260409 033200;4714.245000;4714.545000;4710.375000;4713.285000;0
20260409 033300;4713.455000;4716.925000;4713.245000;4716.865000;0
20260409 033400;4716.895000;4722.365000;4716.795000;4718.685000;0
20260409 033500;4718.778000;4720.595000;4718.445000;4718.838000;0
20260409 033600;4718.738000;4725.505000;4718.065000;4725.275000;0
20260409 033700;4725.265000;4727.905000;4724.675000;4726.545000;0
20260409 033800;4726.545000;4728.938000;4726.545000;4728.075000;0
20260409 033900;4728.105000;4730.995000;4727.935000;4729.035000;0
20260409 034000;4728.995000;4729.045000;4726.815000;4727.655000;0
20260409 034100;4727.625000;4727.835000;4723.208000;4723.898000;0
20260409 034200;4723.845000;4723.845000;4722.398000;4722.485000;0
20260409 034300;4722.458000;4723.298000;4721.825000;4723.015000;0
20260409 034400;4722.985000;4723.335000;4722.185000;4722.215000;0
20260409 034500;4722.185000;4722.768000;4720.298000;4721.245000;0
20260409 034600;4721.265000;4723.315000;4716.558000;4716.695000;0
20260409 034700;4716.665000;4719.355000;4716.285000;4718.215000;0
20260409 034800;4718.165000;4719.978000;4717.125000;4719.305000;0
20260409 034900;4719.358000;4720.948000;4717.905000;4717.905000;0
20260409 035000;4717.845000;4717.845000;4711.645000;4712.155000;0
20260409 035100;4712.275000;4715.558000;4711.235000;4714.455000;0
20260409 035200;4714.495000;4717.605000;4713.485000;4717.565000;0
20260409 035300;4717.615000;4717.615000;4714.985000;4715.025000;0
20260409 035400;4715.005000;4717.925000;4715.005000;4717.355000;0
20260409 035500;4717.245000;4717.775000;4716.445000;4717.775000;0
20260409 035600;4717.745000;4718.585000;4717.498000;4718.098000;0
20260409 035700;4718.098000;4718.835000;4717.438000;4718.785000;0
20260409 035800;4718.815000;4721.305000;4718.725000;4721.305000;0
20260409 035900;4721.348000;4724.448000;4721.348000;4724.065000;0
20260409 040000;4724.005000;4725.375000;4722.738000;4724.845000;0
20260409 040100;4724.835000;4726.028000;4723.545000;4723.925000;0
20260409 040200;4723.875000;4723.935000;4720.295000;4721.735000;0
20260409 040300;4721.705000;4722.235000;4720.605000;4720.655000;0
20260409 040400;4720.658000;4722.195000;4720.325000;4721.365000;0
20260409 040500;4721.268000;4721.268000;4719.935000;4720.385000;0
20260409 040600;4720.438000;4721.508000;4719.428000;4721.508000;0
20260409 040700;4721.485000;4722.335000;4721.185000;4721.795000;0
20260409 040800;4721.765000;4723.345000;4721.495000;4723.315000;0
20260409 040900;4722.945000;4723.015000;4720.245000;4722.515000;0
20260409 041000;4722.535000;4724.865000;4722.065000;4724.815000;0
20260409 041100;4724.815000;4724.965000;4722.245000;4722.915000;0
20260409 041200;4722.915000;4723.305000;4721.415000;4723.275000;0
20260409 041300;4723.515000;4725.295000;4722.965000;4725.155000;0
20260409 041400;4725.155000;4725.155000;4723.635000;4723.795000;0
20260409 041500;4723.725000;4723.835000;4721.588000;4721.775000;0
20260409 041600;4721.885000;4723.725000;4721.185000;4723.215000;0
20260409 041700;4723.265000;4723.745000;4722.445000;4723.345000;0
20260409 041800;4723.315000;4724.505000;4723.258000;4724.485000;0
20260409 041900;4724.465000;4725.085000;4723.065000;4723.065000;0
20260409 042000;4723.135000;4725.365000;4722.795000;4724.095000;0
20260409 042100;4724.025000;4725.705000;4723.445000;4724.285000;0
20260409 042200;4724.305000;4725.955000;4724.065000;4725.695000;0
20260409 042300;4725.615000;4725.815000;4723.175000;4725.615000;0
20260409 042400;4725.755000;4727.545000;4724.745000;4726.115000;0
20260409 042500;4726.085000;4726.185000;4724.725000;4725.125000;0
20260409 042600;4725.165000;4725.895000;4723.918000;4725.195000;0
20260409 042700;4724.815000;4725.288000;4721.445000;4722.085000;0
20260409 042800;4722.105000;4723.535000;4721.755000;4721.935000;0
20260409 042900;4721.985000;4722.135000;4720.645000;4720.955000;0
20260409 043000;4721.015000;4724.325000;4719.895000;4724.215000;0
20260409 043100;4724.325000;4726.595000;4723.735000;4726.455000;0
20260409 043200;4726.318000;4727.285000;4724.835000;4725.625000;0
20260409 043300;4725.655000;4726.795000;4724.025000;4725.435000;0
20260409 043400;4725.425000;4726.675000;4725.155000;4725.705000;0
20260409 043500;4725.495000;4725.665000;4723.825000;4724.425000;0
20260409 043600;4724.495000;4726.985000;4724.165000;4726.955000;0
20260409 043700;4726.995000;4727.735000;4725.345000;4726.155000;0
20260409 043800;4726.085000;4728.805000;4724.405000;4728.555000;0
20260409 043900;4728.485000;4729.948000;4728.195000;4728.525000;0
20260409 044000;4728.475000;4729.355000;4726.555000;4727.385000;0
20260409 044100;4727.415000;4728.555000;4726.915000;4728.455000;0
20260409 044200;4728.485000;4728.505000;4727.325000;4727.405000;0
20260409 044300;4727.445000;4730.185000;4727.245000;4729.625000;0
20260409 044400;4729.685000;4732.735000;4729.035000;4729.328000;0
20260409 044500;4729.358000;4731.798000;4729.358000;4730.505000;0
20260409 044600;4730.445000;4732.445000;4730.215000;4732.345000;0
20260409 044700;4732.315000;4732.315000;4729.045000;4730.935000;0
20260409 044800;4730.955000;4733.095000;4730.758000;4732.425000;0
20260409 044900;4732.535000;4732.565000;4730.518000;4730.815000;0
20260409 045000;4730.845000;4730.855000;4729.705000;4730.085000;0
20260409 045100;4730.055000;4730.195000;4728.565000;4729.975000;0
20260409 045200;4729.945000;4731.105000;4727.665000;4728.345000;0
20260409 045300;4728.325000;4729.078000;4726.785000;4727.805000;0
20260409 045400;4727.595000;4729.055000;4726.775000;4729.055000;0
20260409 045500;4729.055000;4729.055000;4727.495000;4728.665000;0
20260409 045600;4728.645000;4729.335000;4726.195000;4726.535000;0
20260409 045700;4726.475000;4727.325000;4726.055000;4726.575000;0
20260409 045800;4726.498000;4727.855000;4726.345000;4727.125000;0
20260409 045900;4727.105000;4727.825000;4725.785000;4726.025000;0
20260409 050000;4726.055000;4726.055000;4723.515000;4725.025000;0
20260409 050100;4724.995000;4725.975000;4724.365000;4725.955000;0
20260409 050200;4725.965000;4726.835000;4724.495000;4726.695000;0
20260409 050300;4726.735000;4727.815000;4725.398000;4726.035000;0
20260409 050400;4726.015000;4726.715000;4725.395000;4725.595000;0
20260409 050500;4725.665000;4727.105000;4725.275000;4726.155000;0
20260409 050600;4726.035000;4726.245000;4723.215000;4724.695000;0
20260409 050700;4724.755000;4726.955000;4722.685000;4726.545000;0
20260409 050800;4726.565000;4728.805000;4726.565000;4728.285000;0
20260409 050900;4728.265000;4731.665000;4728.145000;4731.105000;0
20260409 051000;4731.155000;4732.305000;4730.835000;4731.475000;0
20260409 051100;4731.435000;4732.925000;4731.135000;4732.585000;0
20260409 051200;4732.565000;4732.965000;4731.825000;4731.825000;0
20260409 051300;4731.845000;4732.035000;4729.345000;4729.745000;0
20260409 051400;4729.775000;4730.615000;4729.585000;4730.535000;0
20260409 051500;4730.565000;4731.545000;4729.495000;4729.655000;0
20260409 051600;4729.615000;4730.435000;4728.955000;4730.045000;0
20260409 051700;4729.865000;4732.825000;4729.265000;4732.055000;0
20260409 051800;4732.085000;4732.485000;4730.355000;4731.285000;0
20260409 051900;4731.255000;4731.475000;4730.195000;4730.305000;0
20260409 052000;4730.285000;4730.315000;4729.365000;4729.535000;0
20260409 052100;4729.485000;4730.895000;4729.245000;4730.515000;0
20260409 052200;4730.495000;4732.275000;4730.165000;4731.295000;0
20260409 052300;4731.265000;4732.345000;4731.105000;4731.348000;0
20260409 052400;4731.358000;4731.358000;4729.305000;4731.075000;0
20260409 052500;4731.295000;4732.455000;4730.905000;4732.265000;0
20260409 052600;4732.325000;4732.895000;4731.675000;4732.685000;0
20260409 052700;4732.635000;4732.935000;4732.215000;4732.575000;0
20260409 052800;4732.595000;4733.375000;4729.615000;4729.885000;0
20260409 052900;4729.855000;4731.045000;4728.685000;4729.555000;0
20260409 053000;4729.378000;4730.665000;4728.005000;4728.455000;0
20260409 053100;4728.435000;4729.445000;4727.205000;4728.645000;0
20260409 053200;4728.685000;4730.425000;4728.015000;4729.825000;0
20260409 053300;4729.805000;4730.365000;4729.065000;4729.785000;0
20260409 053400;4729.815000;4729.885000;4728.815000;4729.655000;0
20260409 053500;4729.765000;4729.945000;4727.835000;4728.205000;0
20260409 053600;4728.255000;4729.505000;4727.705000;4729.185000;0
20260409 053700;4729.165000;4729.965000;4728.135000;4728.545000;0
20260409 053800;4728.585000;4732.125000;4728.285000;4731.345000;0
20260409 053900;4731.345000;4732.485000;4731.055000;4732.465000;0
20260409 054000;4732.465000;4732.465000;4730.085000;4730.125000;0
20260409 054100;4730.095000;4730.375000;4729.465000;4729.475000;0
20260409 054200;4729.605000;4729.605000;4727.058000;4728.038000;0
20260409 054300;4727.958000;4727.958000;4726.558000;4726.918000;0
20260409 054400;4726.898000;4727.398000;4726.378000;4726.458000;0
20260409 054500;4726.408000;4726.458000;4723.678000;4723.678000;0
20260409 054600;4723.698000;4724.975000;4723.318000;4724.535000;0
20260409 054700;4724.558000;4725.025000;4723.685000;4724.145000;0
20260409 054800;4724.105000;4727.325000;4723.925000;4726.955000;0
20260409 054900;4726.725000;4729.205000;4726.675000;4728.745000;0
20260409 055000;4728.695000;4729.205000;4728.455000;4729.105000;0
20260409 055100;4729.378000;4730.015000;4728.235000;4729.925000;0
20260409 055200;4729.885000;4730.135000;4728.855000;4728.985000;0
20260409 055300;4728.955000;4730.415000;4726.405000;4726.985000;0
20260409 055400;4727.015000;4728.305000;4726.995000;4728.135000;0
20260409 055500;4727.905000;4728.735000;4726.758000;4728.425000;0
20260409 055600;4728.518000;4730.225000;4727.845000;4728.515000;0
20260409 055700;4728.545000;4728.755000;4726.445000;4727.905000;0
20260409 055800;4728.025000;4728.755000;4727.355000;4728.598000;0
20260409 055900;4728.675000;4729.815000;4728.305000;4728.938000;0
20260409 060000;4728.918000;4730.138000;4727.985000;4730.125000;0
20260409 060100;4730.105000;4732.578000;4729.515000;4731.955000;0
20260409 060200;4731.805000;4731.875000;4730.195000;4731.805000;0
20260409 060300;4731.858000;4731.858000;4730.225000;4730.445000;0
20260409 060400;4730.465000;4730.865000;4728.515000;4728.625000;0
20260409 060500;4728.575000;4728.975000;4726.025000;4726.545000;0
20260409 060600;4726.515000;4727.045000;4725.505000;4726.675000;0
20260409 060700;4726.715000;4728.495000;4726.565000;4728.475000;0
20260409 060800;4728.215000;4729.205000;4727.635000;4728.885000;0
20260409 060900;4728.865000;4729.285000;4728.425000;4728.665000;0
20260409 061000;4728.685000;4729.875000;4728.375000;4729.395000;0
20260409 061100;4729.465000;4729.545000;4726.915000;4727.055000;0
20260409 061200;4727.095000;4728.125000;4726.635000;4728.125000;0
20260409 061300;4728.015000;4728.055000;4725.715000;4727.835000;0
20260409 061400;4727.875000;4728.655000;4726.695000;4727.115000;0
20260409 061500;4727.165000;4727.165000;4724.035000;4724.505000;0
20260409 061600;4724.555000;4725.485000;4723.485000;4724.505000;0
20260409 061700;4724.725000;4727.735000;4724.725000;4727.515000;0
20260409 061800;4727.535000;4729.585000;4727.535000;4728.315000;0
20260409 061900;4729.025000;4729.435000;4728.058000;4728.845000;0
20260409 062000;4728.815000;4731.965000;4728.495000;4731.365000;0
20260409 062100;4731.305000;4733.455000;4731.105000;4732.125000;0
20260409 062200;4732.075000;4732.365000;4731.065000;4732.345000;0
20260409 062300;4732.395000;4733.135000;4731.848000;4731.985000;0
20260409 062400;4732.035000;4738.525000;4732.015000;4737.995000;0
20260409 062500;4738.025000;4739.585000;4736.145000;4738.455000;0
20260409 062600;4738.375000;4738.375000;4735.935000;4737.305000;0
20260409 062700;4737.275000;4737.995000;4736.725000;4737.715000;0
20260409 062800;4737.655000;4737.825000;4735.898000;4736.518000;0
20260409 062900;4736.538000;4738.065000;4736.458000;4737.885000;0
20260409 063000;4737.925000;4740.798000;4737.665000;4740.798000;0
20260409 063100;4740.778000;4740.818000;4738.375000;4739.095000;0
20260409 063200;4739.125000;4739.975000;4737.905000;4738.275000;0
20260409 063300;4738.685000;4741.155000;4738.195000;4740.545000;0
20260409 063400;4740.525000;4740.525000;4738.335000;4738.445000;0
20260409 063500;4738.425000;4738.425000;4737.438000;4737.955000;0
20260409 063600;4737.795000;4738.645000;4737.575000;4738.575000;0
20260409 063700;4738.475000;4739.415000;4737.095000;4739.255000;0
20260409 063800;4739.225000;4740.055000;4738.215000;4739.685000;0
20260409 063900;4739.715000;4740.025000;4738.135000;4739.775000;0
20260409 064000;4739.805000;4740.455000;4739.455000;4739.455000;0
20260409 064100;4739.475000;4740.175000;4736.745000;4736.805000;0
20260409 064200;4736.735000;4738.245000;4736.068000;4738.245000;0
20260409 064300;4738.288000;4740.955000;4738.125000;4740.715000;0
20260409 064400;4740.455000;4740.865000;4739.855000;4740.515000;0
20260409 064500;4740.515000;4740.915000;4739.045000;4740.885000;0
20260409 064600;4740.905000;4741.345000;4739.235000;4740.035000;0
20260409 064700;4739.995000;4743.245000;4739.815000;4741.885000;0
20260409 064800;4741.885000;4742.915000;4741.425000;4741.885000;0
20260409 064900;4741.815000;4744.118000;4741.585000;4743.915000;0
20260409 065000;4744.135000;4745.395000;4743.385000;4745.025000;0
20260409 065100;4745.118000;4745.525000;4741.725000;4745.165000;0
20260409 065200;4745.255000;4746.085000;4744.465000;4744.718000;0
20260409 065300;4744.718000;4744.925000;4743.418000;4743.958000;0
20260409 065400;4743.938000;4744.418000;4742.218000;4744.398000;0
20260409 065500;4744.398000;4746.445000;4743.998000;4745.718000;0
20260409 065600;4745.698000;4745.978000;4743.585000;4743.645000;0
20260409 065700;4743.615000;4744.045000;4740.885000;4740.885000;0
20260409 065800;4740.915000;4741.725000;4739.475000;4740.678000;0
20260409 065900;4740.698000;4741.678000;4740.338000;4740.838000;0
20260409 070000;4740.798000;4742.518000;4740.135000;4741.915000;0
20260409 070100;4741.895000;4743.825000;4741.345000;4741.795000;0
20260409 070200;4741.745000;4742.605000;4738.765000;4739.065000;0
20260409 070300;4739.045000;4740.595000;4738.185000;4738.925000;0
20260409 070400;4738.905000;4741.175000;4738.715000;4740.185000;0
20260409 070500;4740.215000;4740.225000;4738.425000;4738.805000;0
20260409 070600;4738.725000;4739.378000;4738.575000;4739.295000;0
20260409 070700;4739.325000;4740.495000;4739.175000;4739.555000;0
20260409 070800;4739.458000;4739.765000;4738.235000;4738.815000;0
20260409 070900;4738.845000;4741.345000;4738.845000;4739.775000;0
20260409 071000;4739.805000;4740.135000;4738.775000;4738.925000;0
20260409 071100;4738.985000;4739.585000;4738.735000;4739.255000;0
20260409 071200;4739.235000;4741.045000;4739.225000;4739.795000;0
20260409 071300;4739.775000;4740.445000;4739.005000;4740.435000;0
20260409 071400;4740.485000;4740.935000;4738.875000;4738.875000;0
20260409 071500;4738.945000;4740.085000;4738.435000;4739.865000;0
20260409 071600;4739.825000;4740.425000;4739.745000;4740.355000;0
20260409 071700;4740.465000;4740.755000;4739.515000;4739.555000;0
20260409 071800;4739.395000;4740.655000;4739.095000;4740.655000;0
20260409 071900;4740.635000;4742.945000;4740.405000;4742.945000;0
20260409 072000;4742.915000;4745.565000;4742.855000;4743.835000;0
20260409 072100;4743.835000;4744.525000;4742.815000;4744.255000;0
20260409 072200;4744.225000;4745.915000;4743.985000;4744.785000;0
20260409 072300;4744.855000;4745.265000;4742.655000;4742.955000;0
20260409 072400;4743.175000;4743.495000;4742.725000;4743.345000;0
20260409 072500;4743.325000;4743.725000;4741.885000;4743.505000;0
20260409 072600;4743.485000;4743.695000;4742.255000;4742.655000;0
20260409 072700;4742.685000;4743.225000;4742.245000;4742.475000;0
20260409 072800;4742.595000;4745.805000;4742.485000;4745.635000;0
20260409 072900;4745.595000;4747.495000;4745.085000;4745.685000;0
20260409 073000;4745.655000;4747.455000;4745.405000;4746.615000;0
20260409 073100;4746.645000;4747.665000;4745.835000;4746.348000;0
20260409 073200;4746.495000;4747.515000;4746.425000;4746.835000;0
20260409 073300;4746.895000;4746.925000;4744.335000;4744.665000;0
20260409 073400;4744.685000;4744.965000;4742.875000;4744.785000;0
20260409 073500;4744.825000;4745.385000;4743.555000;4743.965000;0
20260409 073600;4743.945000;4744.005000;4742.905000;4743.715000;0
20260409 073700;4743.745000;4745.085000;4743.675000;4744.935000;0
20260409 073800;4744.905000;4746.675000;4744.678000;4745.615000;0
20260409 073900;4745.615000;4748.675000;4745.585000;4748.605000;0
20260409 074000;4748.585000;4750.685000;4748.055000;4749.355000;0
20260409 074100;4749.305000;4750.505000;4749.125000;4749.185000;0
20260409 074200;4749.165000;4749.875000;4749.065000;4749.335000;0
20260409 074300;4749.325000;4750.405000;4748.375000;4750.165000;0
20260409 074400;4750.135000;4751.115000;4749.705000;4750.728000;0
20260409 074500;4750.755000;4755.385000;4750.375000;4754.345000;0
20260409 074600;4754.325000;4756.495000;4754.325000;4755.795000;0
20260409 074700;4755.815000;4756.965000;4755.115000;4756.605000;0
20260409 074800;4756.635000;4756.905000;4755.195000;4755.565000;0
20260409 074900;4755.335000;4757.005000;4755.105000;4755.888000;0
20260409 075000;4755.868000;4756.265000;4755.145000;4756.135000;0
20260409 075100;4756.085000;4756.975000;4755.145000;4755.465000;0
20260409 075200;4755.465000;4756.195000;4755.295000;4755.495000;0
20260409 075300;4755.395000;4756.415000;4755.245000;4755.805000;0
20260409 075400;4755.835000;4756.395000;4755.675000;4756.065000;0
20260409 075500;4756.065000;4756.245000;4755.465000;4756.045000;0
20260409 075600;4755.975000;4756.035000;4753.175000;4754.895000;0
20260409 075700;4755.055000;4757.125000;4755.035000;4756.465000;0
20260409 075800;4756.838000;4757.465000;4755.725000;4756.375000;0
20260409 075900;4756.395000;4757.235000;4756.005000;4756.335000;0
20260409 080000;4756.615000;4757.345000;4755.818000;4756.895000;0
20260409 080100;4756.895000;4759.385000;4754.785000;4754.925000;0
20260409 080200;4754.918000;4754.918000;4752.215000;4752.215000;0
20260409 080300;4752.255000;4752.968000;4750.735000;4751.035000;0
20260409 080400;4751.045000;4751.545000;4748.765000;4750.665000;0
20260409 080500;4750.475000;4750.695000;4747.655000;4747.675000;0
20260409 080600;4747.648000;4748.238000;4746.145000;4746.655000;0
20260409 080700;4746.605000;4747.138000;4745.575000;4746.738000;0
20260409 080800;4746.638000;4749.278000;4746.398000;4748.805000;0
20260409 080900;4748.618000;4748.975000;4744.315000;4744.585000;0
20260409 081000;4744.615000;4746.545000;4744.615000;4745.258000;0
20260409 081100;4745.258000;4747.105000;4744.965000;4745.855000;0
20260409 081200;4745.885000;4746.098000;4744.195000;4744.525000;0
20260409 081300;4744.575000;4745.038000;4743.035000;4743.035000;0
20260409 081400;4743.025000;4743.975000;4741.665000;4742.175000;0
20260409 081500;4742.195000;4743.975000;4742.155000;4742.445000;0
20260409 081600;4742.425000;4742.425000;4739.445000;4741.295000;0
20260409 081700;4741.315000;4741.465000;4739.125000;4739.695000;0
20260409 081800;4739.698000;4740.895000;4739.318000;4740.585000;0
20260409 081900;4740.815000;4741.645000;4738.945000;4738.985000;0
20260409 082000;4739.365000;4739.575000;4736.198000;4738.605000;0
20260409 082100;4738.615000;4739.998000;4737.625000;4738.925000;0
20260409 082200;4739.145000;4741.555000;4738.795000;4740.655000;0
20260409 082300;4740.635000;4740.635000;4738.705000;4738.978000;0
20260409 082400;4738.978000;4740.465000;4738.225000;4739.185000;0
20260409 082500;4739.475000;4741.435000;4738.058000;4740.045000;0
20260409 082600;4740.075000;4741.225000;4739.215000;4739.215000;0
20260409 082700;4739.165000;4739.285000;4734.695000;4735.345000;0
20260409 082800;4735.395000;4737.218000;4734.828000;4735.445000;0
20260409 082900;4735.405000;4738.215000;4735.035000;4737.415000;0
20260409 083000;4737.415000;4742.345000;4736.258000;4741.105000;0
20260409 083100;4741.055000;4741.085000;4734.885000;4739.935000;0
20260409 083200;4739.805000;4743.225000;4736.975000;4742.005000;0
20260409 083300;4742.025000;4743.365000;4738.118000;4738.565000;0
20260409 083400;4738.845000;4742.305000;4738.415000;4741.945000;0
20260409 083500;4741.515000;4744.645000;4741.515000;4743.065000;0
20260409 083600;4743.035000;4744.798000;4742.975000;4743.438000;0
20260409 083700;4743.545000;4744.365000;4740.758000;4740.758000;0
20260409 083800;4740.688000;4742.525000;4739.625000;4739.665000;0
20260409 083900;4739.678000;4742.695000;4739.505000;4741.725000;0
20260409 084000;4741.705000;4742.785000;4740.075000;4741.985000;0
20260409 084100;4742.228000;4747.755000;4741.395000;4742.855000;0
20260409 084200;4742.645000;4747.495000;4741.568000;4746.455000;0
20260409 084300;4746.395000;4746.645000;4741.698000;4742.325000;0
20260409 084400;4742.385000;4743.845000;4741.498000;4743.505000;0
20260409 084500;4743.525000;4744.365000;4741.745000;4743.535000;0
20260409 084600;4743.455000;4743.728000;4741.705000;4742.148000;0
20260409 084700;4742.148000;4742.148000;4737.188000;4738.748000;0
20260409 084800;4738.718000;4741.628000;4737.895000;4740.058000;0
20260409 084900;4740.128000;4743.915000;4740.045000;4742.295000;0
20260409 085000;4742.335000;4743.878000;4741.945000;4742.715000;0
20260409 085100;4742.755000;4743.438000;4740.665000;4740.665000;0
20260409 085200;4740.758000;4744.555000;4740.345000;4744.478000;0
20260409 085300;4744.915000;4745.845000;4743.588000;4744.015000;0
20260409 085400;4743.728000;4743.758000;4741.125000;4741.325000;0
20260409 085500;4741.278000;4743.735000;4741.165000;4742.485000;0
20260409 085600;4742.445000;4744.245000;4742.105000;4743.355000;0
20260409 085700;4743.375000;4746.445000;4742.625000;4746.145000;0
20260409 085800;4746.215000;4747.175000;4745.425000;4746.205000;0
20260409 085900;4746.205000;4746.375000;4744.055000;4745.665000;0
20260409 090000;4745.745000;4746.785000;4740.265000;4741.735000;0
20260409 090100;4741.675000;4743.585000;4740.705000;4740.705000;0
20260409 090200;4740.455000;4743.885000;4740.258000;4742.515000;0
20260409 090300;4742.565000;4743.295000;4740.085000;4740.895000;0
20260409 090400;4740.855000;4742.985000;4738.505000;4742.805000;0
20260409 090500;4742.825000;4746.765000;4742.385000;4746.425000;0
20260409 090600;4746.445000;4746.445000;4743.895000;4746.155000;0
20260409 090700;4746.158000;4749.565000;4745.785000;4747.405000;0
20260409 090800;4747.435000;4748.755000;4746.655000;4748.405000;0
20260409 090900;4748.425000;4749.585000;4746.145000;4749.475000;0
20260409 091000;4749.495000;4752.565000;4748.438000;4752.385000;0
20260409 091100;4752.355000;4752.845000;4750.485000;4752.845000;0
20260409 091200;4752.755000;4754.755000;4751.075000;4754.755000;0
20260409 091300;4754.815000;4756.338000;4753.745000;4754.918000;0
20260409 091400;4754.895000;4755.315000;4752.735000;4754.485000;0
20260409 091500;4754.658000;4758.535000;4754.535000;4757.365000;0
20260409 091600;4757.365000;4757.445000;4755.415000;4756.645000;0
20260409 091700;4756.695000;4756.695000;4753.528000;4754.385000;0
20260409 091800;4754.355000;4755.128000;4752.715000;4753.455000;0
20260409 091900;4753.495000;4754.695000;4752.995000;4753.145000;0
20260409 092000;4753.145000;4755.955000;4752.875000;4755.865000;0
20260409 092100;4756.095000;4757.665000;4755.425000;4756.485000;0
20260409 092200;4756.485000;4758.245000;4756.238000;4756.238000;0
20260409 092300;4756.248000;4756.905000;4753.205000;4753.205000;0
20260409 092400;4753.175000;4755.605000;4752.385000;4753.865000;0
20260409 092500;4753.695000;4754.825000;4753.315000;4754.058000;0
20260409 092600;4754.058000;4756.058000;4752.348000;4753.618000;0
20260409 092700;4753.608000;4753.658000;4751.148000;4751.518000;0
20260409 092800;4751.525000;4755.918000;4751.525000;4755.888000;0
20260409 092900;4755.888000;4755.888000;4751.818000;4752.238000;0
20260409 093000;4752.258000;4754.288000;4750.178000;4750.338000;0
20260409 093100;4750.268000;4755.645000;4750.175000;4755.048000;0
20260409 093200;4755.048000;4755.105000;4751.195000;4751.195000;0
20260409 093300;4751.265000;4757.225000;4751.205000;4756.825000;0
20260409 093400;4756.945000;4757.248000;4753.895000;4756.625000;0
20260409 093500;4756.645000;4764.028000;4756.505000;4762.495000;0
20260409 093600;4762.505000;4765.825000;4762.375000;4765.027000;0
20260409 093700;4765.105000;4766.398000;4763.045000;4764.565000;0
20260409 093800;4764.595000;4769.678000;4763.165000;4769.525000;0
20260409 093900;4769.578000;4771.065000;4767.675000;4769.948000;0
20260409 094000;4769.948000;4773.695000;4769.385000;4773.598000;0
20260409 094100;4773.615000;4774.425000;4771.935000;4772.835000;0
20260409 094200;4772.855000;4775.455000;4771.635000;4774.938000;0
20260409 094300;4774.958000;4776.888000;4774.065000;4776.085000;0
20260409 094400;4776.135000;4777.015000;4774.795000;4775.585000;0
20260409 094500;4775.585000;4776.525000;4773.328000;4774.755000;0
20260409 094600;4774.728000;4775.215000;4772.168000;4772.755000;0
20260409 094700;4772.805000;4773.415000;4769.668000;4769.778000;0
20260409 094800;4769.778000;4772.738000;4768.478000;4770.735000;0
20260409 094900;4770.785000;4771.568000;4768.898000;4771.308000;0
20260409 095000;4771.258000;4771.445000;4765.748000;4766.738000;0
20260409 095100;4766.738000;4766.798000;4760.778000;4761.655000;0
20260409 095200;4761.675000;4762.195000;4759.365000;4760.295000;0
20260409 095300;4760.325000;4765.195000;4760.325000;4764.158000;0
20260409 095400;4764.085000;4765.215000;4763.065000;4763.195000;0
20260409 095500;4763.415000;4766.335000;4763.048000;4765.455000;0
20260409 095600;4765.335000;4766.265000;4764.465000;4765.785000;0
20260409 095700;4765.895000;4768.715000;4765.698000;4766.728000;0
20260409 095800;4766.798000;4767.405000;4763.625000;4764.338000;0
20260409 095900;4764.278000;4764.278000;4762.278000;4764.048000;0
20260409 100000;4764.048000;4765.758000;4761.558000;4762.918000;0
20260409 100100;4762.898000;4766.098000;4761.578000;4765.898000;0
20260409 100200;4765.798000;4768.855000;4765.158000;4768.798000;0
20260409 100300;4768.798000;4772.285000;4767.245000;4772.145000;0
20260409 100400;4772.165000;4775.715000;4772.105000;4772.448000;0
20260409 100500;4772.448000;4772.988000;4770.638000;4771.068000;0
20260409 100600;4771.088000;4771.395000;4769.438000;4770.155000;0
20260409 100700;4769.885000;4771.605000;4766.458000;4766.815000;0
20260409 100800;4766.835000;4768.915000;4765.545000;4767.415000;0
20260409 100900;4767.235000;4770.305000;4766.755000;4767.005000;0
20260409 101000;4766.755000;4769.165000;4765.665000;4768.918000;0
20260409 101100;4768.765000;4769.045000;4766.125000;4767.475000;0
20260409 101200;4767.425000;4774.945000;4766.988000;4774.485000;0
20260409 101300;4774.455000;4775.935000;4772.545000;4772.545000;0
20260409 101400;4772.595000;4772.775000;4769.708000;4770.608000;0
20260409 101500;4770.535000;4772.995000;4769.198000;4771.505000;0
20260409 101600;4771.518000;4771.765000;4765.485000;4765.735000;0
20260409 101700;4765.818000;4767.565000;4764.755000;4766.385000;0
20260409 101800;4766.375000;4767.025000;4760.135000;4761.315000;0
20260409 101900;4761.345000;4762.725000;4759.915000;4761.145000;0
20260409 102000;4761.215000;4766.315000;4760.785000;4764.835000;0
20260409 102100;4764.835000;4766.515000;4763.838000;4764.575000;0
20260409 102200;4764.415000;4765.685000;4763.168000;4765.165000;0
20260409 102300;4765.195000;4769.565000;4765.195000;4768.585000;0
20260409 102400;4768.625000;4770.868000;4768.155000;4770.315000;0
20260409 102500;4770.315000;4771.665000;4770.048000;4771.578000;0
20260409 102600;4771.598000;4772.665000;4767.308000;4767.658000;0
20260409 102700;4767.695000;4767.695000;4764.048000;4764.068000;0
20260409 102800;4764.088000;4766.998000;4764.088000;4766.735000;0
20260409 102900;4766.795000;4767.985000;4763.085000;4765.285000;0
20260409 103000;4765.128000;4767.295000;4763.358000;4764.518000;0
20260409 103100;4764.518000;4764.678000;4761.278000;4761.468000;0
20260409 103200;4761.468000;4761.485000;4758.255000;4758.745000;0
20260409 103300;4758.725000;4760.915000;4755.998000;4757.855000;0
20260409 103400;4757.835000;4758.035000;4754.965000;4755.568000;0
20260409 103500;4755.568000;4756.158000;4752.688000;4755.325000;0
20260409 103600;4755.355000;4755.585000;4747.075000;4747.695000;0
20260409 103700;4747.945000;4752.655000;4747.945000;4751.995000;0
20260409 103800;4751.995000;4754.108000;4750.805000;4751.098000;0
20260409 103900;4751.108000;4759.275000;4751.108000;4758.825000;0
20260409 104000;4758.485000;4759.215000;4756.375000;4758.625000;0
20260409 104100;4758.658000;4761.205000;4756.355000;4756.528000;0
20260409 104200;4756.538000;4757.195000;4751.065000;4754.375000;0
20260409 104300;4754.435000;4758.425000;4754.105000;4757.265000;0
20260409 104400;4757.285000;4757.285000;4754.435000;4755.935000;0
20260409 104500;4755.885000;4761.075000;4755.005000;4760.555000;0
20260409 104600;4760.525000;4760.795000;4757.935000;4757.995000;0
20260409 104700;4757.955000;4760.965000;4757.655000;4759.205000;0
20260409 104800;4759.065000;4761.925000;4758.875000;4761.495000;0
20260409 104900;4761.505000;4763.015000;4760.995000;4761.405000;0
20260409 105000;4761.385000;4764.005000;4761.115000;4763.515000;0
20260409 105100;4763.735000;4765.645000;4763.395000;4763.395000;0
20260409 105200;4763.295000;4763.785000;4762.285000;4762.645000;0
20260409 105300;4762.585000;4765.395000;4762.225000;4765.268000;0
20260409 105400;4765.535000;4765.675000;4762.725000;4763.335000;0
20260409 105500;4763.355000;4766.725000;4762.678000;4766.015000;0
20260409 105600;4766.045000;4766.385000;4762.965000;4763.655000;0
20260409 105700;4763.595000;4766.005000;4763.425000;4765.155000;0
20260409 105800;4765.185000;4768.465000;4764.815000;4768.465000;0
20260409 105900;4768.435000;4768.785000;4766.405000;4768.545000;0
20260409 110000;4768.575000;4769.205000;4767.015000;4768.245000;0
20260409 110100;4768.245000;4769.035000;4766.395000;4767.695000;0
20260409 110200;4767.495000;4767.745000;4763.085000;4763.975000;0
20260409 110300;4763.895000;4765.375000;4762.328000;4762.575000;0
20260409 110400;4762.595000;4763.665000;4760.948000;4763.645000;0
20260409 110500;4763.675000;4765.545000;4762.645000;4764.125000;0
20260409 110600;4764.165000;4765.045000;4762.395000;4763.325000;0
20260409 110700;4763.295000;4766.275000;4763.265000;4764.225000;0
20260409 110800;4764.155000;4764.805000;4763.665000;4763.825000;0
20260409 110900;4763.845000;4763.845000;4761.095000;4762.105000;0
20260409 111000;4762.155000;4764.545000;4761.705000;4764.455000;0
20260409 111100;4764.365000;4765.295000;4762.745000;4764.535000;0
20260409 111200;4764.595000;4765.635000;4762.775000;4764.995000;0
20260409 111300;4765.015000;4767.755000;4764.575000;4767.215000;0
20260409 111400;4767.235000;4770.325000;4766.295000;4768.815000;0
20260409 111500;4768.885000;4775.475000;4768.885000;4774.825000;0
20260409 111600;4774.798000;4774.905000;4771.465000;4771.895000;0
20260409 111700;4771.935000;4778.825000;4771.718000;4777.755000;0
20260409 111800;4777.748000;4781.785000;4777.485000;4780.525000;0
20260409 111900;4780.785000;4783.285000;4780.525000;4782.925000;0
20260409 112000;4782.955000;4784.105000;4781.755000;4783.185000;0
20260409 112100;4783.065000;4785.538000;4781.645000;4781.755000;0
20260409 112200;4781.778000;4786.045000;4779.338000;4785.115000;0
20260409 112300;4785.095000;4786.295000;4782.905000;4782.905000;0
20260409 112400;4782.885000;4785.435000;4782.395000;4784.505000;0
20260409 112500;4784.455000;4784.525000;4781.705000;4782.978000;0
20260409 112600;4782.978000;4783.065000;4780.955000;4782.045000;0
20260409 112700;4782.065000;4782.405000;4780.085000;4780.975000;0
20260409 112800;4780.945000;4781.555000;4779.625000;4780.595000;0
20260409 112900;4780.545000;4780.565000;4777.668000;4778.705000;0
20260409 113000;4778.865000;4781.845000;4778.135000;4781.605000;0
20260409 113100;4781.745000;4782.645000;4780.135000;4781.205000;0
20260409 113200;4781.225000;4790.305000;4780.785000;4787.298000;0
20260409 113300;4787.258000;4791.245000;4785.785000;4790.835000;0
20260409 113400;4790.805000;4791.935000;4788.375000;4791.768000;0
20260409 113500;4791.858000;4795.405000;4791.735000;4793.648000;0
20260409 113600;4793.715000;4797.285000;4793.168000;4795.988000;0
20260409 113700;4796.005000;4797.855000;4793.918000;4796.008000;0
20260409 113800;4795.925000;4796.025000;4787.815000;4789.125000;0
20260409 113900;4788.915000;4792.245000;4788.788000;4791.315000;0
20260409 114000;4791.215000;4795.125000;4791.205000;4794.875000;0
20260409 114100;4795.075000;4795.995000;4794.055000;4794.955000;0
20260409 114200;4794.925000;4794.928000;4791.925000;4792.535000;0
20260409 114300;4792.495000;4793.955000;4790.775000;4791.018000;0
20260409 114400;4791.055000;4792.485000;4789.838000;4789.865000;0
20260409 114500;4790.095000;4790.515000;4787.985000;4790.095000;0
20260409 114600;4790.118000;4793.375000;4785.725000;4786.145000;0
20260409 114700;4786.195000;4786.985000;4785.418000;4786.255000;0
20260409 114800;4786.285000;4794.035000;4786.075000;4793.325000;0
20260409 114900;4793.295000;4793.295000;4784.435000;4784.575000;0
20260409 115000;4784.595000;4786.665000;4784.105000;4784.445000;0
20260409 115100;4784.385000;4786.545000;4784.015000;4784.995000;0
20260409 115200;4785.015000;4789.145000;4785.015000;4788.735000;0
20260409 115300;4788.835000;4789.965000;4787.215000;4789.165000;0
20260409 115400;4789.395000;4790.535000;4786.785000;4787.705000;0
20260409 115500;4787.905000;4788.045000;4784.405000;4788.045000;0
20260409 115600;4787.995000;4789.605000;4787.508000;4789.145000;0
20260409 115700;4788.895000;4789.995000;4786.855000;4787.235000;0
20260409 115800;4787.378000;4791.115000;4787.258000;4790.838000;0
20260409 115900;4790.925000;4793.875000;4790.365000;4792.515000;0
20260409 120000;4792.738000;4794.295000;4791.195000;4793.225000;0
20260409 120100;4793.355000;4797.075000;4792.515000;4796.055000;0
20260409 120200;4796.028000;4798.615000;4795.415000;4797.835000;0
20260409 120300;4797.828000;4800.695000;4796.765000;4797.658000;0
20260409 120400;4797.795000;4798.895000;4795.355000;4796.585000;0
20260409 120500;4796.645000;4797.405000;4794.238000;4795.605000;0
20260409 120600;4795.605000;4795.705000;4793.065000;4793.898000;0
20260409 120700;4793.798000;4797.095000;4793.568000;4795.935000;0
20260409 120800;4795.905000;4797.135000;4794.255000;4796.165000;0
20260409 120900;4796.115000;4796.315000;4792.035000;4792.095000;0
20260409 121000;4792.075000;4794.135000;4791.845000;4792.475000;0
20260409 121100;4792.315000;4792.465000;4790.635000;4791.385000;0
20260409 121200;4791.395000;4792.695000;4790.885000;4791.335000;0
20260409 121300;4791.305000;4793.215000;4788.865000;4789.305000;0
20260409 121400;4789.255000;4789.565000;4787.645000;4788.015000;0
20260409 121500;4787.825000;4790.755000;4787.495000;4789.905000;0
20260409 121600;4789.895000;4791.545000;4789.685000;4791.405000;0
20260409 121700;4791.355000;4791.985000;4790.165000;4790.875000;0
20260409 121800;4790.765000;4794.235000;4790.695000;4794.225000;0
20260409 121900;4794.305000;4797.515000;4793.815000;4795.315000;0
20260409 122000;4795.525000;4796.795000;4793.475000;4793.515000;0
20260409 122100;4793.545000;4793.565000;4791.355000;4793.355000;0
20260409 122200;4793.355000;4794.055000;4791.645000;4794.055000;0
20260409 122300;4794.055000;4795.995000;4793.895000;4793.995000;0
20260409 122400;4793.995000;4795.175000;4793.995000;4794.685000;0
20260409 122500;4794.635000;4794.635000;4792.055000;4793.555000;0
20260409 122600;4793.555000;4793.555000;4791.075000;4791.595000;0
20260409 122700;4791.715000;4793.655000;4790.745000;4792.995000;0
20260409 122800;4793.045000;4793.235000;4790.715000;4792.865000;0
20260409 122900;4793.025000;4793.485000;4791.405000;4792.455000;0
20260409 123000;4792.745000;4793.265000;4790.995000;4791.955000;0
20260409 123100;4791.985000;4792.825000;4790.645000;4791.575000;0
20260409 123200;4791.615000;4792.605000;4790.655000;4792.405000;0
20260409 123300;4792.375000;4795.315000;4791.395000;4794.895000;0
20260409 123400;4794.885000;4794.885000;4792.615000;4794.195000;0
20260409 123500;4794.155000;4794.565000;4792.485000;4793.175000;0
20260409 123600;4793.285000;4793.645000;4792.008000;4792.148000;0
20260409 123700;4792.208000;4792.895000;4791.158000;4791.275000;0
20260409 123800;4791.298000;4791.378000;4787.985000;4789.385000;0
20260409 123900;4789.365000;4792.235000;4789.045000;4792.235000;0
20260409 124000;4792.185000;4792.185000;4787.815000;4788.555000;0
20260409 124100;4788.575000;4789.365000;4785.625000;4786.095000;0
20260409 124200;4786.285000;4789.025000;4786.205000;4788.575000;0
20260409 124300;4788.615000;4788.665000;4786.278000;4787.635000;0
20260409 124400;4787.565000;4788.075000;4786.555000;4787.095000;0
20260409 124500;4787.125000;4788.025000;4786.108000;4786.955000;0
20260409 124600;4786.915000;4789.065000;4786.365000;4788.425000;0
20260409 124700;4788.395000;4788.575000;4785.885000;4787.065000;0
20260409 124800;4787.175000;4787.175000;4785.058000;4785.505000;0
20260409 124900;4785.655000;4787.245000;4784.195000;4784.235000;0
20260409 125000;4784.415000;4788.175000;4784.415000;4788.025000;0
20260409 125100;4787.825000;4788.845000;4786.145000;4788.625000;0
20260409 125200;4788.595000;4791.055000;4787.245000;4789.415000;0
20260409 125300;4789.445000;4789.515000;4787.565000;4788.625000;0
20260409 125400;4788.645000;4788.805000;4787.715000;4787.908000;0
20260409 125500;4788.235000;4789.235000;4786.365000;4786.485000;0
20260409 125600;4786.705000;4787.955000;4786.555000;4787.655000;0
20260409 125700;4787.615000;4787.745000;4786.625000;4786.835000;0
20260409 125800;4786.865000;4789.045000;4786.635000;4788.765000;0
20260409 125900;4788.785000;4789.005000;4787.885000;4788.595000;0
20260409 130000;4788.645000;4790.205000;4788.645000;4789.865000;0
20260409 130100;4789.805000;4790.715000;4789.435000;4790.135000;0
20260409 130200;4790.095000;4790.225000;4786.705000;4787.145000;0
20260409 130300;4787.105000;4787.605000;4786.485000;4787.505000;0
20260409 130400;4787.535000;4788.775000;4787.175000;4788.605000;0
20260409 130500;4788.685000;4790.215000;4788.225000;4789.845000;0
20260409 130600;4789.975000;4792.065000;4789.005000;4791.975000;0
20260409 130700;4792.135000;4793.265000;4791.385000;4791.725000;0
20260409 130800;4791.805000;4793.505000;4791.495000;4792.985000;0
20260409 130900;4793.025000;4793.795000;4792.145000;4792.455000;0
20260409 131000;4792.485000;4793.585000;4790.675000;4790.835000;0
20260409 131100;4790.815000;4791.855000;4790.755000;4791.665000;0
20260409 131200;4791.735000;4791.745000;4789.795000;4791.535000;0
20260409 131300;4791.505000;4793.175000;4790.995000;4791.395000;0
20260409 131400;4791.375000;4793.355000;4790.625000;4792.885000;0
20260409 131500;4792.748000;4795.098000;4792.395000;4794.505000;0
20260409 131600;4794.525000;4795.835000;4794.335000;4795.135000;0
20260409 131700;4795.138000;4795.915000;4793.935000;4795.425000;0
20260409 131800;4795.675000;4796.605000;4795.235000;4796.165000;0
20260409 131900;4796.185000;4798.048000;4796.095000;4797.218000;0
20260409 132000;4797.265000;4797.605000;4793.975000;4793.975000;0
20260409 132100;4793.995000;4794.315000;4792.635000;4792.715000;0
20260409 132200;4792.745000;4793.265000;4791.965000;4792.345000;0
20260409 132300;4792.565000;4793.305000;4792.285000;4792.925000;0
20260409 132400;4793.025000;4793.655000;4791.775000;4792.285000;0
20260409 132500;4792.215000;4792.785000;4789.855000;4791.995000;0
20260409 132600;4791.965000;4792.545000;4790.875000;4791.875000;0
20260409 132700;4791.895000;4794.275000;4791.895000;4793.645000;0
20260409 132800;4793.625000;4795.165000;4793.445000;4795.105000;0
20260409 132900;4795.335000;4795.608000;4792.145000;4792.615000;0
20260409 133000;4793.312000;4794.025000;4788.598000;4789.695000;0
20260409 133100;4789.575000;4790.745000;4787.385000;4790.395000;0
20260409 133200;4790.365000;4792.615000;4789.835000;4792.315000;0
20260409 133300;4792.355000;4792.805000;4790.355000;4790.525000;0
20260409 133400;4790.565000;4793.725000;4790.435000;4793.055000;0
20260409 133500;4793.005000;4795.325000;4792.158000;4795.038000;0
20260409 133600;4794.998000;4797.155000;4794.575000;4796.185000;0
20260409 133700;4796.125000;4797.928000;4796.015000;4796.675000;0
20260409 133800;4796.725000;4800.545000;4796.545000;4799.845000;0
20260409 133900;4799.875000;4799.875000;4797.815000;4798.605000;0
20260409 134000;4798.585000;4801.015000;4797.995000;4800.035000;0
20260409 134100;4800.055000;4800.655000;4798.875000;4799.895000;0
20260409 134200;4799.935000;4800.085000;4794.375000;4795.545000;0
20260409 134300;4795.415000;4796.095000;4794.128000;4795.435000;0
20260409 134400;4795.425000;4795.625000;4794.545000;4795.025000;0
20260409 134500;4795.095000;4797.975000;4795.025000;4797.755000;0
20260409 134600;4797.785000;4800.155000;4797.785000;4799.895000;0
20260409 134700;4799.915000;4800.015000;4798.415000;4799.955000;0
20260409 134800;4799.895000;4800.615000;4797.878000;4800.035000;0
20260409 134900;4800.065000;4800.845000;4799.375000;4800.245000;0
20260409 135000;4800.225000;4800.325000;4798.815000;4799.115000;0
20260409 135100;4799.165000;4799.205000;4796.215000;4796.575000;0
20260409 135200;4796.575000;4796.985000;4795.925000;4796.805000;0
20260409 135300;4796.835000;4798.335000;4796.755000;4797.105000;0
20260409 135400;4797.065000;4798.135000;4796.875000;4797.675000;0
20260409 135500;4797.645000;4798.155000;4796.848000;4797.425000;0
20260409 135600;4797.415000;4799.435000;4797.035000;4798.185000;0
20260409 135700;4798.075000;4799.195000;4797.895000;4798.075000;0
20260409 135800;4798.195000;4798.665000;4797.245000;4797.965000;0
20260409 135900;4797.985000;4798.695000;4797.455000;4797.525000;0
20260409 140000;4797.625000;4797.765000;4795.045000;4795.055000;0
20260409 140100;4795.015000;4796.335000;4793.235000;4793.235000;0
20260409 140200;4793.385000;4794.625000;4789.748000;4790.065000;0
20260409 140300;4790.015000;4791.295000;4786.165000;4786.285000;0
20260409 140400;4786.265000;4787.645000;4781.858000;4785.185000;0
20260409 140500;4785.365000;4789.358000;4785.365000;4789.245000;0
20260409 140600;4789.118000;4789.995000;4787.758000;4787.985000;0
20260409 140700;4787.925000;4787.925000;4784.598000;4784.598000;0
20260409 140800;4784.775000;4785.675000;4781.125000;4781.725000;0
20260409 140900;4781.765000;4785.638000;4781.345000;4785.555000;0
20260409 141000;4785.445000;4788.098000;4785.265000;4785.898000;0
20260409 141100;4785.878000;4786.518000;4784.225000;4785.655000;0
20260409 141200;4785.695000;4785.915000;4783.155000;4783.155000;0
20260409 141300;4783.235000;4783.235000;4781.185000;4781.195000;0
20260409 141400;4781.175000;4783.525000;4780.255000;4783.525000;0
20260409 141500;4783.558000;4783.595000;4782.085000;4782.715000;0
20260409 141600;4782.755000;4784.845000;4782.138000;4784.725000;0
20260409 141700;4784.698000;4788.035000;4784.595000;4786.735000;0
20260409 141800;4786.778000;4787.608000;4783.925000;4784.078000;0
20260409 141900;4784.005000;4786.338000;4784.005000;4785.385000;0
20260409 142000;4785.445000;4786.705000;4785.335000;4786.455000;0
20260409 142100;4786.505000;4786.785000;4784.258000;4784.485000;0
20260409 142200;4784.535000;4784.705000;4783.215000;4783.475000;0
20260409 142300;4783.425000;4783.555000;4778.935000;4779.258000;0
20260409 142400;4779.325000;4780.055000;4777.505000;4779.938000;0
20260409 142500;4779.958000;4782.375000;4778.625000;4780.375000;0
20260409 142600;4780.615000;4781.425000;4779.115000;4779.565000;0
20260409 142700;4779.635000;4781.515000;4778.355000;4781.455000;0
20260409 142800;4781.525000;4783.045000;4781.115000;4783.015000;0
20260409 142900;4783.075000;4783.165000;4781.875000;4781.875000;0
20260409 143000;4781.798000;4782.115000;4777.005000;4777.095000;0
20260409 143100;4777.025000;4777.675000;4774.778000;4775.398000;0
20260409 143200;4775.365000;4775.378000;4772.905000;4773.865000;0
20260409 143300;4773.885000;4774.995000;4772.018000;4773.665000;0
20260409 143400;4773.615000;4777.045000;4773.515000;4776.715000;0
20260409 143500;4776.685000;4779.455000;4776.095000;4778.065000;0
20260409 143600;4777.725000;4778.085000;4776.135000;4776.738000;0
20260409 143700;4776.738000;4777.465000;4775.958000;4777.075000;0
20260409 143800;4777.125000;4778.385000;4776.025000;4776.025000;0
20260409 143900;4776.158000;4777.085000;4773.525000;4776.285000;0
20260409 144000;4776.245000;4776.305000;4772.165000;4772.655000;0
20260409 144100;4772.605000;4772.918000;4768.655000;4770.745000;0
20260409 144200;4770.805000;4774.018000;4769.908000;4771.335000;0
20260409 144300;4771.355000;4771.355000;4768.715000;4768.798000;0
20260409 144400;4768.855000;4770.298000;4768.245000;4770.298000;0
20260409 144500;4770.325000;4771.535000;4769.198000;4771.535000;0
20260409 144600;4771.485000;4772.438000;4769.538000;4769.725000;0
20260409 144700;4769.745000;4771.195000;4767.498000;4770.385000;0
20260409 144800;4770.365000;4772.778000;4770.155000;4771.495000;0
20260409 144900;4771.605000;4772.358000;4770.575000;4772.318000;0
20260409 145000;4772.218000;4772.635000;4769.995000;4770.078000;0
20260409 145100;4770.058000;4772.055000;4769.285000;4770.765000;0
20260409 145200;4770.795000;4772.445000;4769.065000;4769.925000;0
20260409 145300;4769.895000;4772.625000;4769.765000;4770.735000;0
20260409 145400;4770.705000;4771.135000;4769.025000;4769.525000;0
20260409 145500;4769.555000;4771.525000;4769.285000;4769.615000;0
20260409 145600;4769.645000;4770.045000;4769.005000;4769.755000;0
20260409 145700;4769.645000;4773.768000;4769.645000;4771.955000;0
20260409 145800;4771.915000;4773.715000;4771.295000;4773.585000;0
20260409 145900;4773.635000;4774.185000;4771.335000;4771.785000;0
20260409 150000;4771.755000;4772.345000;4768.675000;4770.025000;0
20260409 150100;4770.015000;4773.075000;4769.105000;4772.685000;0
20260409 150200;4772.755000;4775.885000;4772.365000;4774.955000;0
20260409 150300;4774.915000;4775.225000;4774.225000;4775.035000;0
20260409 150400;4775.085000;4776.505000;4774.885000;4776.105000;0
20260409 150500;4776.185000;4777.955000;4774.535000;4777.955000;0
20260409 150600;4777.975000;4779.635000;4777.315000;4779.345000;0
20260409 150700;4779.345000;4781.695000;4779.205000;4780.425000;0
20260409 150800;4780.355000;4780.515000;4779.698000;4779.845000;0
20260409 150900;4779.825000;4781.615000;4779.725000;4781.475000;0
20260409 151000;4781.535000;4782.305000;4780.265000;4781.535000;0
20260409 151100;4781.605000;4782.385000;4780.185000;4780.235000;0
20260409 151200;4780.198000;4781.585000;4779.925000;4780.785000;0
20260409 151300;4780.695000;4780.755000;4779.585000;4779.585000;0
20260409 151400;4779.565000;4779.565000;4778.055000;4779.265000;0
20260409 151500;4779.295000;4780.275000;4778.065000;4778.365000;0
20260409 151600;4778.425000;4779.275000;4777.235000;4777.515000;0
20260409 151700;4777.475000;4777.565000;4774.355000;4776.115000;0
20260409 151800;4776.235000;4776.245000;4773.945000;4774.215000;0
20260409 151900;4774.265000;4774.445000;4772.905000;4773.605000;0
20260409 152000;4773.495000;4774.105000;4772.675000;4772.915000;0
20260409 152100;4772.945000;4773.885000;4772.495000;4772.875000;0
20260409 152200;4772.875000;4773.685000;4772.165000;4772.735000;0
20260409 152300;4772.705000;4773.995000;4772.195000;4772.505000;0
20260409 152400;4772.368000;4776.095000;4772.368000;4775.745000;0
20260409 152500;4775.765000;4778.015000;4775.688000;4776.285000;0
20260409 152600;4776.235000;4777.235000;4775.635000;4776.565000;0
20260409 152700;4776.585000;4776.725000;4775.415000;4775.455000;0
20260409 152800;4775.435000;4775.855000;4773.725000;4774.225000;0
20260409 152900;4774.195000;4774.555000;4772.998000;4773.405000;0
20260409 153000;4773.335000;4777.815000;4773.285000;4776.955000;0
20260409 153100;4777.055000;4777.655000;4775.205000;4775.965000;0
20260409 153200;4776.015000;4777.285000;4775.705000;4776.145000;0
20260409 153300;4776.105000;4776.515000;4772.365000;4772.715000;0
20260409 153400;4772.405000;4772.735000;4769.365000;4771.305000;0
20260409 153500;4771.285000;4772.455000;4771.005000;4771.685000;0
20260409 153600;4771.365000;4772.645000;4770.155000;4772.465000;0
20260409 153700;4772.425000;4772.905000;4770.705000;4772.525000;0
20260409 153800;4772.545000;4772.685000;4770.598000;4771.135000;0
20260409 153900;4771.155000;4771.435000;4770.805000;4771.055000;0
20260409 154000;4771.085000;4771.755000;4769.305000;4771.255000;0
20260409 154100;4771.225000;4771.345000;4770.145000;4770.205000;0
20260409 154200;4770.175000;4775.225000;4770.175000;4775.085000;0
20260409 154300;4775.065000;4775.445000;4771.945000;4772.265000;0
20260409 154400;4772.435000;4773.195000;4771.575000;4771.965000;0
20260409 154500;4771.915000;4772.615000;4770.435000;4770.955000;0
20260409 154600;4770.995000;4771.215000;4768.895000;4771.215000;0
20260409 154700;4771.215000;4772.125000;4771.085000;4771.245000;0
20260409 154800;4771.225000;4771.465000;4770.045000;4770.655000;0
20260409 154900;4770.645000;4770.645000;4768.785000;4769.615000;0
20260409 155000;4769.725000;4771.645000;4769.725000;4771.615000;0
20260409 155100;4771.595000;4771.595000;4769.778000;4771.045000;0
20260409 155200;4771.015000;4773.715000;4770.875000;4773.255000;0
20260409 155300;4773.225000;4773.225000;4771.295000;4771.635000;0
20260409 155400;4771.655000;4772.385000;4770.865000;4771.825000;0
20260409 155500;4771.785000;4771.785000;4766.675000;4767.555000;0
20260409 155600;4767.558000;4769.895000;4767.558000;4769.655000;0
20260409 155700;4769.685000;4769.735000;4767.485000;4767.485000;0
20260409 155800;4767.885000;4769.355000;4766.735000;4768.855000;0
20260409 155900;4769.075000;4769.665000;4768.345000;4768.665000;0
20260409 160000;4768.855000;4769.965000;4768.855000;4769.198000;0
20260409 160100;4769.218000;4770.098000;4766.678000;4769.965000;0
20260409 160200;4770.098000;4770.655000;4769.485000;4770.158000;0
20260409 160300;4770.138000;4770.138000;4768.455000;4769.345000;0
20260409 160400;4769.295000;4771.175000;4769.185000;4770.305000;0
20260409 160500;4770.025000;4770.755000;4769.255000;4769.335000;0
20260409 160600;4769.115000;4769.805000;4768.835000;4769.225000;0
20260409 160700;4769.238000;4769.365000;4768.675000;4769.035000;0
20260409 160800;4769.065000;4769.435000;4768.575000;4769.355000;0
20260409 160900;4769.435000;4770.625000;4768.815000;4770.305000;0
20260409 161000;4770.265000;4771.035000;4769.325000;4770.905000;0
20260409 161100;4770.925000;4771.055000;4770.258000;4770.695000;0
20260409 161200;4770.715000;4770.765000;4769.295000;4770.325000;0
20260409 161300;4770.335000;4770.465000;4769.365000;4769.585000;0
20260409 161400;4769.605000;4769.805000;4769.175000;4769.585000;0
20260409 161500;4769.725000;4769.725000;4766.005000;4766.345000;0
20260409 161600;4766.055000;4767.895000;4766.055000;4767.845000;0
20260409 161700;4767.895000;4768.515000;4767.585000;4768.345000;0
20260409 161800;4768.375000;4770.575000;4768.355000;4770.535000;0
20260409 161900;4770.485000;4770.655000;4770.205000;4770.355000;0
20260409 162000;4770.325000;4771.085000;4770.115000;4771.085000;0
20260409 162100;4771.095000;4771.145000;4770.168000;4770.405000;0
20260409 162200;4770.445000;4772.075000;4770.405000;4771.995000;0
20260409 162300;4771.975000;4772.745000;4771.145000;4771.255000;0
20260409 162400;4771.285000;4773.135000;4771.125000;4772.095000;0
20260409 162500;4772.085000;4772.675000;4771.285000;4771.545000;0
20260409 162600;4771.485000;4771.485000;4769.435000;4769.435000;0
20260409 162700;4769.295000;4770.925000;4769.285000;4770.695000;0
20260409 162800;4770.735000;4771.015000;4769.995000;4770.055000;0
20260409 162900;4770.075000;4770.075000;4769.355000;4769.675000;0
20260409 163000;4769.665000;4770.815000;4769.665000;4770.605000;0
20260409 163100;4770.555000;4771.185000;4770.215000;4770.665000;0
20260409 163200;4770.605000;4770.765000;4769.885000;4770.425000;0
20260409 163300;4770.455000;4770.765000;4770.425000;4770.635000;0
20260409 163400;4770.155000;4770.555000;4768.945000;4768.975000;0
20260409 163500;4768.955000;4769.205000;4767.155000;4767.155000;0
20260409 163600;4767.135000;4767.985000;4763.625000;4764.075000;0
20260409 163700;4764.035000;4764.065000;4763.145000;4763.775000;0
20260409 163800;4763.725000;4764.845000;4762.945000;4764.845000;0
20260409 163900;4764.795000;4765.565000;4763.968000;4764.145000;0
20260409 164000;4764.195000;4764.495000;4762.065000;4762.765000;0
20260409 164100;4762.735000;4762.775000;4761.485000;4761.835000;0
20260409 164200;4761.805000;4762.355000;4760.745000;4761.435000;0
20260409 164300;4761.465000;4762.718000;4760.505000;4761.355000;0
20260409 164400;4761.375000;4764.455000;4761.355000;4763.975000;0
20260409 164500;4764.115000;4766.605000;4763.435000;4765.785000;0
20260409 164600;4765.755000;4765.755000;4764.255000;4764.335000;0
20260409 164700;4764.355000;4764.875000;4764.125000;4764.495000;0
20260409 164800;4764.445000;4764.765000;4764.355000;4764.425000;0
20260409 164900;4764.495000;4764.855000;4763.555000;4764.835000;0
20260409 165000;4764.395000;4765.515000;4764.355000;4764.905000;0
20260409 165100;4764.505000;4766.248000;4764.505000;4765.895000;0
20260409 165200;4766.085000;4766.175000;4765.745000;4766.095000;0
20260409 165300;4766.055000;4768.095000;4765.965000;4767.535000;0
20260409 165400;4767.555000;4768.645000;4767.535000;4767.585000;0
20260409 165500;4767.435000;4767.625000;4766.675000;4766.795000;0
20260409 165600;4766.775000;4766.925000;4766.245000;4766.405000;0
20260409 165700;4766.445000;4766.455000;4764.425000;4764.505000;0
20260409 165800;4764.555000;4765.595000;4764.375000;4765.275000;0
20260409 165900;4765.315000;4767.185000;4763.345000;4763.345000;0
20260409 180000;4766.498000;4779.285000;4766.298000;4775.295000;0
20260409 180100;4774.925000;4778.605000;4770.048000;4771.435000;0
20260409 180200;4771.375000;4773.485000;4765.285000;4772.585000;0
20260409 180300;4772.555000;4772.555000;4767.115000;4770.465000;0
20260409 180400;4770.445000;4772.755000;4770.445000;4771.965000;0
20260409 180500;4771.935000;4772.145000;4766.875000;4767.475000;0
20260409 180600;4767.455000;4769.815000;4767.425000;4767.955000;0
20260409 180700;4767.935000;4769.475000;4766.668000;4768.955000;0
20260409 180800;4768.925000;4772.018000;4767.685000;4770.225000;0
20260409 180900;4770.375000;4771.855000;4770.205000;4770.305000;0
20260409 181000;4770.155000;4770.155000;4768.585000;4769.065000;0
20260409 181100;4769.045000;4770.135000;4767.685000;4767.835000;0
20260409 181200;4767.855000;4771.445000;4767.455000;4771.445000;0
20260409 181300;4770.705000;4770.875000;4768.595000;4769.245000;0
20260409 181400;4769.035000;4770.075000;4768.995000;4769.845000;0
20260409 181500;4769.815000;4770.735000;4768.565000;4768.805000;0
20260409 181600;4768.905000;4768.905000;4768.145000;4768.145000;0
20260409 181700;4768.185000;4768.415000;4767.485000;4767.485000;0
20260409 181800;4767.535000;4767.845000;4765.055000;4766.615000;0
20260409 181900;4767.265000;4767.265000;4765.585000;4765.838000;0
20260409 182000;4765.798000;4767.105000;4765.115000;4765.798000;0
20260409 182100;4765.798000;4767.925000;4764.438000;4767.925000;0
20260409 182200;4767.895000;4769.645000;4766.395000;4768.055000;0
20260409 182300;4768.075000;4768.815000;4767.005000;4767.155000;0
20260409 182400;4767.205000;4767.685000;4766.285000;4767.095000;0
20260409 182500;4766.795000;4767.755000;4766.735000;4767.215000;0
20260409 182600;4767.285000;4768.535000;4767.285000;4768.035000;0
20260409 182700;4768.105000;4768.735000;4767.445000;4767.485000;0
20260409 182800;4767.465000;4768.135000;4767.205000;4767.675000;0
20260409 182900;4767.665000;4769.025000;4763.475000;4764.245000;0
20260409 183000;4764.385000;4766.585000;4763.345000;4763.555000;0
20260409 183100;4763.765000;4764.675000;4762.275000;4763.955000;0
20260409 183200;4764.015000;4765.415000;4763.515000;4764.295000;0
20260409 183300;4764.225000;4767.325000;4763.758000;4765.725000;0
20260409 183400;4765.695000;4766.965000;4764.865000;4764.865000;0
20260409 183500;4764.855000;4765.435000;4760.885000;4762.165000;0
20260409 183600;4762.165000;4762.165000;4761.015000;4761.645000;0
20260409 183700;4761.685000;4763.205000;4761.345000;4763.205000;0
20260409 183800;4763.225000;4763.505000;4762.435000;4762.735000;0
20260409 183900;4762.785000;4762.875000;4759.105000;4759.485000;0
20260409 184000;4759.165000;4761.305000;4759.085000;4759.695000;0
20260409 184100;4759.665000;4761.845000;4759.525000;4761.845000;0
20260409 184200;4761.915000;4762.395000;4761.165000;4761.175000;0
20260409 184300;4761.155000;4762.025000;4760.855000;4761.735000;0
20260409 184400;4761.645000;4761.855000;4760.378000;4760.975000;0
20260409 184500;4761.085000;4762.055000;4760.418000;4761.575000;0
20260409 184600;4761.625000;4761.905000;4760.445000;4760.445000;0
20260409 184700;4760.615000;4761.245000;4758.905000;4759.065000;0
20260409 184800;4758.915000;4761.415000;4758.735000;4761.415000;0
20260409 184900;4761.235000;4761.235000;4759.905000;4760.185000;0
20260409 185000;4760.245000;4760.535000;4758.995000;4758.995000;0
20260409 185100;4759.045000;4761.945000;4758.375000;4761.805000;0
20260409 185200;4761.865000;4762.055000;4761.095000;4761.715000;0
20260409 185300;4761.685000;4762.035000;4760.125000;4761.085000;0
20260409 185400;4761.285000;4762.665000;4760.908000;4761.695000;0
20260409 185500;4761.675000;4764.475000;4760.435000;4763.865000;0
20260409 185600;4763.815000;4763.815000;4760.485000;4760.505000;0
20260409 185700;4760.585000;4762.775000;4760.585000;4762.775000;0
20260409 185800;4762.755000;4762.798000;4761.855000;4762.298000;0
20260409 185900;4762.318000;4764.178000;4762.318000;4763.838000;0
20260409 190000;4763.858000;4763.918000;4759.778000;4759.818000;0
20260409 190100;4759.265000;4760.938000;4758.698000;4758.948000;0
20260409 190200;4758.948000;4761.118000;4758.665000;4760.118000;0
20260409 190300;4760.118000;4761.518000;4759.695000;4761.138000;0
20260409 190400;4761.138000;4762.358000;4760.118000;4762.298000;0
20260409 190500;4762.298000;4762.738000;4761.785000;4762.058000;0
20260409 190600;4762.038000;4762.478000;4757.108000;4759.118000;0
20260409 190700;4759.158000;4760.518000;4758.745000;4760.518000;0
20260409 190800;4760.538000;4762.678000;4760.518000;4761.578000;0
20260409 190900;4761.558000;4762.418000;4761.198000;4761.658000;0
20260409 191000;4761.618000;4761.835000;4760.735000;4761.215000;0
20260409 191100;4761.195000;4761.685000;4757.025000;4758.415000;0
20260409 191200;4758.335000;4760.145000;4758.335000;4758.435000;0
20260409 191300;4759.115000;4759.325000;4757.805000;4757.885000;0
20260409 191400;4757.945000;4759.855000;4757.685000;4759.395000;0
20260409 191500;4759.345000;4760.415000;4759.345000;4760.005000;0
20260409 191600;4760.055000;4761.035000;4759.935000;4760.985000;0
20260409 191700;4761.005000;4761.575000;4760.645000;4761.125000;0
20260409 191800;4761.095000;4761.405000;4760.865000;4761.275000;0
20260409 191900;4761.245000;4761.425000;4760.135000;4760.265000;0
20260409 192000;4760.255000;4760.445000;4759.315000;4759.495000;0
20260409 192100;4759.515000;4759.515000;4758.695000;4758.985000;0
20260409 192200;4758.955000;4758.995000;4757.905000;4757.905000;0
20260409 192300;4757.935000;4758.495000;4756.745000;4758.315000;0
20260409 192400;4758.285000;4759.065000;4757.585000;4757.665000;0
20260409 192500;4757.705000;4757.785000;4757.505000;4757.675000;0
20260409 192600;4757.655000;4757.895000;4756.995000;4757.178000;0
20260409 192700;4757.218000;4757.298000;4756.695000;4757.298000;0
20260409 192800;4757.385000;4757.865000;4757.295000;4757.835000;0
20260409 192900;4757.855000;4758.145000;4757.455000;4758.085000;0
20260409 193000;4758.105000;4759.905000;4758.085000;4759.685000;0
20260409 193100;4759.665000;4760.345000;4759.025000;4760.345000;0
20260409 193200;4760.305000;4760.385000;4758.765000;4759.695000;0
20260409 193300;4759.815000;4759.855000;4759.215000;4759.735000;0
20260409 193400;4759.805000;4761.675000;4759.595000;4761.345000;0
20260409 193500;4761.435000;4762.885000;4761.395000;4762.775000;0
20260409 193600;4762.408000;4762.525000;4760.905000;4761.665000;0
20260409 193700;4761.545000;4762.725000;4761.545000;4762.035000;0
20260409 193800;4761.805000;4762.035000;4760.995000;4761.155000;0
20260409 193900;4761.095000;4761.585000;4760.115000;4760.485000;0
20260409 194000;4760.515000;4760.605000;4758.865000;4759.215000;0
20260409 194100;4759.185000;4759.205000;4758.165000;4758.785000;0
20260409 194200;4758.745000;4760.365000;4758.625000;4760.025000;0
20260409 194300;4760.095000;4760.705000;4759.985000;4760.375000;0
20260409 194400;4760.395000;4760.395000;4759.365000;4759.845000;0
20260409 194500;4759.875000;4759.875000;4758.285000;4759.325000;0
20260409 194600;4759.535000;4761.935000;4759.535000;4761.525000;0
20260409 194700;4761.555000;4762.485000;4761.345000;4762.325000;0
20260409 194800;4762.425000;4763.225000;4761.935000;4762.418000;0
20260409 194900;4762.438000;4764.065000;4762.015000;4762.155000;0
20260409 195000;4762.065000;4762.065000;4761.225000;4761.545000;0
20260409 195100;4761.415000;4762.685000;4761.415000;4762.175000;0
20260409 195200;4762.145000;4762.628000;4761.225000;4761.225000;0
20260409 195300;4761.245000;4761.965000;4759.975000;4761.965000;0
20260409 195400;4761.935000;4762.095000;4760.955000;4761.865000;0
20260409 195500;4762.145000;4762.175000;4760.975000;4761.605000;0
20260409 195600;4761.655000;4763.295000;4761.305000;4762.975000;0
20260409 195700;4763.015000;4763.255000;4762.595000;4762.815000;0
20260409 195800;4762.775000;4763.065000;4762.055000;4762.095000;0
20260409 195900;4762.298000;4763.725000;4761.245000;4763.435000;0
20260409 200000;4763.485000;4763.485000;4755.425000;4756.405000;0
20260409 200100;4756.745000;4756.965000;4753.515000;4755.015000;0
20260409 200200;4755.125000;4756.855000;4753.305000;4755.725000;0
20260409 200300;4755.745000;4758.165000;4755.605000;4757.345000;0
20260409 200400;4757.325000;4758.015000;4754.765000;4757.125000;0
20260409 200500;4756.865000;4756.955000;4754.815000;4756.205000;0
20260409 200600;4756.515000;4757.505000;4752.925000;4752.925000;0
20260409 200700;4752.945000;4753.115000;4750.685000;4751.235000;0
20260409 200800;4751.275000;4752.705000;4750.475000;4752.445000;0
20260409 200900;4752.285000;4754.685000;4751.895000;4754.085000;0
20260409 201000;4753.795000;4754.685000;4752.405000;4752.895000;0
20260409 201100;4752.875000;4753.715000;4751.378000;4751.695000;0
20260409 201200;4751.848000;4753.775000;4750.515000;4751.495000;0
20260409 201300;4751.415000;4753.775000;4751.155000;4753.165000;0
20260409 201400;4753.185000;4754.535000;4751.615000;4754.005000;0
20260409 201500;4754.015000;4756.358000;4753.445000;4756.145000;0
20260409 201600;4756.225000;4757.225000;4753.415000;4753.685000;0
20260409 201700;4753.698000;4753.805000;4751.905000;4753.705000;0
20260409 201800;4753.665000;4753.685000;4751.005000;4751.555000;0
20260409 201900;4751.305000;4755.045000;4751.185000;4755.045000;0
20260409 202000;4755.145000;4758.155000;4754.985000;4757.305000;0
20260409 202100;4757.335000;4757.645000;4755.025000;4755.035000;0
20260409 202200;4755.005000;4756.275000;4753.715000;4754.295000;0
20260409 202300;4754.265000;4754.355000;4752.748000;4753.688000;0
20260409 202400;4753.658000;4754.955000;4753.555000;4753.575000;0
20260409 202500;4753.535000;4754.765000;4753.065000;4753.985000;0
20260409 202600;4753.925000;4754.935000;4752.895000;4753.715000;0
20260409 202700;4753.695000;4754.425000;4752.245000;4752.435000;0
20260409 202800;4752.555000;4752.695000;4750.575000;4751.825000;0
20260409 202900;4751.525000;4754.145000;4751.525000;4753.415000;0
20260409 203000;4753.445000;4756.855000;4753.445000;4755.465000;0
20260409 203100;4755.625000;4757.845000;4755.515000;4756.565000;0
20260409 203200;4756.545000;4757.595000;4756.255000;4757.485000;0
20260409 203300;4757.365000;4758.048000;4756.175000;4756.715000;0
20260409 203400;4756.585000;4758.815000;4756.145000;4758.705000;0
20260409 203500;4758.865000;4760.065000;4758.475000;4759.745000;0
20260409 203600;4759.705000;4760.865000;4758.825000;4760.685000;0
20260409 203700;4760.605000;4760.915000;4758.455000;4759.245000;0
20260409 203800;4759.335000;4759.615000;4757.405000;4759.235000;0
20260409 203900;4759.275000;4759.955000;4758.325000;4759.265000;0
20260409 204000;4759.225000;4760.085000;4757.945000;4758.185000;0
20260409 204100;4758.205000;4758.575000;4757.085000;4757.515000;0
20260409 204200;4757.665000;4758.065000;4755.535000;4755.885000;0
20260409 204300;4755.795000;4756.615000;4754.248000;4754.905000;0
20260409 204400;4754.805000;4755.735000;4754.455000;4755.315000;0
20260409 204500;4755.255000;4755.495000;4754.645000;4754.865000;0
20260409 204600;4754.695000;4755.535000;4754.455000;4755.245000;0
20260409 204700;4755.135000;4755.915000;4754.685000;4755.865000;0
20260409 204800;4755.835000;4755.885000;4754.865000;4755.355000;0
20260409 204900;4755.295000;4755.975000;4754.655000;4755.375000;0
20260409 205000;4755.455000;4758.145000;4755.455000;4757.465000;0
20260409 205100;4757.505000;4758.055000;4756.275000;4757.205000;0
20260409 205200;4757.115000;4758.475000;4756.985000;4757.755000;0
20260409 205300;4757.705000;4757.725000;4755.595000;4756.285000;0
20260409 205400;4756.315000;4757.085000;4755.645000;4755.815000;0
20260409 205500;4756.545000;4757.165000;4755.495000;4756.895000;0
20260409 205600;4756.865000;4758.875000;4756.065000;4758.705000;0
20260409 205700;4758.655000;4759.865000;4758.185000;4759.325000;0
20260409 205800;4759.275000;4760.755000;4759.215000;4760.755000;0
20260409 205900;4760.805000;4762.935000;4760.555000;4762.745000;0
20260409 210000;4762.705000;4766.055000;4761.185000;4765.385000;0
20260409 210100;4765.355000;4766.295000;4763.185000;4764.055000;0
20260409 210200;4763.985000;4767.215000;4763.955000;4765.795000;0
20260409 210300;4765.895000;4766.055000;4760.555000;4760.655000;0
20260409 210400;4760.815000;4762.155000;4760.255000;4760.545000;0
20260409 210500;4760.485000;4760.885000;4759.665000;4759.885000;0
20260409 210600;4759.815000;4761.125000;4758.245000;4761.125000;0
20260409 210700;4761.085000;4764.585000;4760.735000;4761.345000;0
20260409 210800;4761.415000;4762.165000;4759.975000;4761.895000;0
20260409 210900;4761.885000;4762.235000;4758.675000;4758.915000;0
20260409 211000;4758.885000;4761.735000;4758.875000;4760.785000;0
20260409 211100;4760.755000;4760.885000;4757.995000;4758.285000;0
20260409 211200;4758.315000;4762.065000;4758.315000;4760.715000;0
20260409 211300;4760.745000;4760.795000;4759.235000;4759.705000;0
20260409 211400;4759.655000;4760.605000;4757.665000;4760.515000;0
20260409 211500;4760.495000;4761.145000;4757.995000;4760.435000;0
20260409 211600;4760.475000;4762.255000;4757.925000;4761.845000;0
20260409 211700;4761.725000;4762.775000;4761.095000;4761.665000;0
20260409 211800;4761.715000;4764.895000;4761.185000;4764.725000;0
20260409 211900;4764.765000;4765.245000;4762.775000;4763.415000;0
20260409 212000;4763.445000;4764.135000;4759.805000;4760.285000;0
20260409 212100;4760.315000;4762.805000;4760.005000;4760.165000;0
20260409 212200;4760.195000;4760.265000;4758.695000;4759.115000;0
20260409 212300;4759.135000;4761.595000;4758.705000;4761.415000;0
20260409 212400;4761.395000;4761.875000;4758.515000;4758.635000;0
20260409 212500;4758.615000;4760.845000;4758.335000;4759.605000;0
20260409 212600;4759.635000;4760.115000;4758.435000;4759.585000;0
20260409 212700;4759.605000;4760.575000;4758.955000;4760.575000;0
20260409 212800;4760.545000;4762.245000;4760.545000;4761.905000;0
20260409 212900;4762.095000;4763.225000;4761.845000;4762.235000;0
20260409 213000;4762.295000;4762.725000;4760.525000;4761.765000;0
20260409 213100;4761.335000;4762.325000;4760.125000;4760.775000;0
20260409 213200;4760.918000;4764.615000;4760.435000;4764.425000;0
20260409 213300;4764.445000;4767.915000;4764.125000;4767.275000;0
20260409 213400;4767.325000;4771.245000;4767.185000;4771.215000;0
20260409 213500;4771.265000;4772.575000;4769.735000;4772.425000;0
20260409 213600;4772.675000;4776.105000;4772.355000;4775.705000;0
20260409 213700;4775.675000;4777.035000;4773.465000;4775.995000;0
20260409 213800;4776.055000;4776.515000;4772.405000;4773.625000;0
20260409 213900;4773.605000;4774.005000;4772.075000;4773.105000;0
20260409 214000;4773.075000;4775.465000;4772.315000;4773.215000;0
20260409 214100;4773.185000;4773.275000;4769.355000;4770.115000;0
20260409 214200;4770.085000;4772.325000;4769.785000;4772.025000;0
20260409 214300;4771.905000;4771.975000;4770.355000;4770.675000;0
20260409 214400;4770.595000;4772.185000;4769.615000;4771.645000;0
20260409 214500;4771.505000;4772.695000;4770.618000;4772.695000;0
20260409 214600;4772.725000;4773.345000;4768.675000;4770.175000;0
20260409 214700;4770.215000;4770.215000;4766.805000;4769.175000;0
20260409 214800;4769.305000;4769.565000;4765.888000;4766.038000;0
20260409 214900;4765.885000;4766.415000;4764.698000;4766.195000;0
20260409 215000;4766.225000;4766.225000;4760.018000;4761.715000;0
20260409 215100;4761.595000;4763.675000;4760.305000;4763.245000;0
20260409 215200;4763.175000;4764.435000;4761.825000;4762.355000;0
20260409 215300;4762.335000;4765.125000;4762.335000;4764.075000;0
20260409 215400;4764.045000;4765.425000;4762.925000;4765.345000;0
20260409 215500;4765.855000;4767.275000;4764.465000;4766.335000;0
20260409 215600;4766.285000;4766.815000;4763.125000;4763.145000;0
20260409 215700;4763.145000;4763.665000;4761.445000;4763.325000;0
20260409 215800;4763.145000;4765.565000;4763.098000;4764.725000;0
20260409 215900;4764.755000;4764.815000;4763.075000;4764.335000;0
20260409 220000;4764.385000;4765.235000;4761.245000;4761.825000;0
20260409 220100;4761.795000;4762.755000;4760.578000;4762.755000;0
20260409 220200;4762.795000;4762.795000;4760.745000;4762.175000;0
20260409 220300;4762.275000;4762.275000;4758.845000;4760.095000;0
20260409 220400;4760.045000;4760.085000;4754.355000;4754.895000;0
20260409 220500;4754.805000;4757.385000;4754.575000;4756.835000;0
20260409 220600;4756.915000;4757.815000;4756.255000;4757.335000;0
20260409 220700;4757.245000;4758.425000;4755.815000;4756.545000;0
20260409 220800;4756.565000;4760.015000;4755.215000;4758.915000;0
20260409 220900;4758.895000;4759.985000;4757.855000;4759.265000;0
20260409 221000;4759.205000;4759.275000;4756.315000;4756.635000;0
20260409 221100;4756.585000;4756.595000;4754.065000;4755.025000;0
20260409 221200;4754.775000;4756.105000;4752.675000;4752.675000;0
20260409 221300;4752.705000;4753.015000;4749.635000;4750.325000;0
20260409 221400;4750.405000;4753.795000;4748.245000;4752.305000;0
20260409 221500;4752.335000;4753.955000;4752.205000;4753.565000;0
20260409 221600;4753.505000;4753.975000;4751.885000;4753.295000;0
20260409 221700;4753.255000;4753.755000;4751.895000;4752.535000;0
20260409 221800;4752.565000;4752.565000;4749.205000;4749.635000;0
20260409 221900;4749.575000;4750.095000;4746.175000;4747.505000;0
20260409 222000;4747.525000;4749.875000;4745.345000;4746.195000;0
20260409 222100;4746.155000;4746.245000;4742.125000;4743.435000;0
20260409 222200;4743.405000;4744.135000;4742.245000;4743.145000;0
20260409 222300;4743.125000;4745.425000;4742.905000;4744.175000;0
20260409 222400;4744.275000;4746.215000;4743.805000;4744.975000;0
20260409 222500;4745.085000;4748.175000;4744.745000;4747.805000;0
20260409 222600;4747.735000;4748.905000;4746.925000;4748.765000;0
20260409 222700;4748.725000;4749.215000;4747.175000;4747.545000;0
20260409 222800;4747.525000;4747.825000;4743.705000;4743.735000;0
20260409 222900;4743.755000;4744.755000;4743.665000;4744.385000;0
20260409 223000;4744.345000;4745.595000;4741.805000;4742.255000;0
20260409 223100;4742.205000;4742.265000;4737.715000;4739.665000;0
20260409 223200;4739.615000;4743.535000;4738.025000;4743.125000;0
20260409 223300;4743.155000;4744.185000;4742.215000;4743.115000;0
20260409 223400;4743.195000;4745.125000;4742.635000;4743.765000;0
20260409 223500;4743.825000;4744.775000;4743.335000;4744.435000;0
20260409 223600;4744.455000;4745.095000;4743.605000;4744.035000;0
20260409 223700;4743.995000;4746.655000;4742.745000;4746.365000;0
20260409 223800;4746.465000;4748.895000;4745.805000;4747.275000;0
20260409 223900;4747.335000;4747.765000;4746.535000;4747.545000;0
20260409 224000;4747.585000;4749.015000;4746.195000;4748.955000;0
20260409 224100;4749.015000;4749.565000;4748.645000;4749.235000;0
20260409 224200;4749.265000;4749.305000;4747.915000;4748.535000;0
20260409 224300;4748.575000;4749.775000;4748.545000;4749.515000;0
20260409 224400;4749.485000;4749.765000;4748.185000;4749.375000;0
20260409 224500;4749.635000;4750.645000;4748.465000;4750.505000;0
20260409 224600;4750.545000;4751.215000;4749.605000;4750.385000;0
20260409 224700;4750.315000;4750.475000;4749.515000;4749.725000;0
20260409 224800;4749.835000;4750.105000;4747.215000;4748.065000;0
20260409 224900;4748.105000;4749.595000;4747.645000;4749.345000;0
20260409 225000;4749.125000;4751.015000;4748.665000;4750.245000;0
20260409 225100;4750.265000;4751.755000;4750.265000;4750.615000;0
20260409 225200;4750.675000;4750.735000;4749.475000;4749.475000;0
20260409 225300;4749.585000;4750.125000;4749.318000;4749.585000;0
20260409 225400;4749.565000;4749.685000;4747.355000;4749.245000;0
20260409 225500;4749.245000;4749.555000;4748.085000;4749.405000;0
20260409 225600;4749.325000;4750.235000;4748.015000;4750.215000;0
20260409 225700;4750.265000;4752.225000;4749.725000;4752.075000;0
20260409 225800;4752.015000;4753.275000;4751.555000;4752.835000;0
20260409 225900;4752.885000;4753.545000;4752.585000;4752.925000;0
20260409 230000;4752.815000;4755.845000;4752.805000;4755.085000;0
20260409 230100;4755.115000;4756.125000;4753.655000;4754.035000;0
20260409 230200;4754.365000;4755.715000;4754.095000;4755.058000;0
20260409 230300;4754.978000;4756.455000;4753.515000;4755.045000;0
20260409 230400;4755.095000;4756.115000;4753.935000;4754.625000;0
20260409 230500;4754.665000;4755.175000;4753.905000;4754.575000;0
20260409 230600;4754.745000;4755.325000;4753.605000;4755.125000;0
20260409 230700;4755.145000;4756.835000;4754.965000;4756.235000;0
20260409 230800;4756.185000;4756.795000;4755.615000;4755.715000;0
20260409 230900;4755.735000;4757.935000;4755.545000;4757.705000;0
20260409 231000;4757.648000;4758.275000;4757.195000;4757.395000;0
20260409 231100;4757.315000;4759.455000;4757.288000;4759.455000;0
20260409 231200;4759.515000;4761.575000;4759.425000;4760.515000;0
20260409 231300;4760.535000;4760.535000;4759.135000;4760.245000;0
20260409 231400;4760.085000;4760.685000;4759.665000;4759.835000;0
20260409 231500;4759.775000;4760.295000;4758.435000;4758.985000;0
20260409 231600;4759.095000;4760.695000;4759.065000;4760.378000;0
20260409 231700;4760.358000;4760.838000;4759.418000;4760.018000;0
20260409 231800;4760.058000;4760.358000;4759.285000;4759.718000;0
20260409 231900;4759.718000;4761.715000;4759.425000;4761.225000;0
20260409 232000;4761.175000;4761.748000;4760.045000;4760.045000;0
20260409 232100;4760.025000;4760.555000;4758.295000;4758.835000;0
20260409 232200;4758.815000;4759.355000;4757.455000;4757.845000;0
20260409 232300;4757.835000;4758.645000;4757.715000;4758.148000;0
20260409 232400;4758.215000;4758.605000;4757.245000;4758.098000;0
20260409 232500;4758.098000;4758.205000;4756.485000;4756.595000;0
20260409 232600;4756.548000;4757.095000;4754.788000;4755.598000;0
20260409 232700;4755.588000;4756.438000;4755.148000;4755.208000;0
20260409 232800;4755.208000;4755.818000;4754.698000;4755.818000;0
20260409 232900;4755.948000;4756.395000;4755.198000;4755.635000;0
20260409 233000;4755.635000;4757.828000;4755.465000;4757.275000;0
20260409 233100;4757.175000;4757.598000;4756.218000;4757.345000;0
20260409 233200;4757.295000;4758.975000;4757.245000;4758.975000;0
20260409 233300;4758.915000;4761.225000;4758.098000;4761.125000;0
20260409 233400;4761.198000;4762.395000;4760.415000;4762.015000;0
20260409 233500;4762.265000;4763.135000;4761.895000;4762.535000;0
20260409 233600;4762.605000;4764.605000;4762.198000;4764.325000;0
20260409 233700;4764.495000;4765.998000;4764.238000;4765.625000;0
20260409 233800;4765.668000;4766.928000;4765.648000;4766.765000;0
20260409 233900;4766.815000;4768.265000;4764.458000;4764.475000;0
20260409 234000;4764.735000;4765.738000;4763.125000;4763.665000;0
20260409 234100;4763.645000;4764.625000;4762.985000;4763.815000;0
20260409 234200;4763.835000;4764.255000;4762.798000;4763.648000;0
20260409 234300;4763.875000;4764.755000;4763.145000;4764.615000;0
20260409 234400;4764.595000;4765.465000;4764.005000;4764.995000;0
20260409 234500;4765.015000;4765.755000;4764.715000;4765.305000;0
20260409 234600;4765.385000;4767.735000;4764.515000;4767.675000;0
20260409 234700;4767.818000;4769.235000;4767.055000;4767.055000;0
20260409 234800;4767.095000;4767.845000;4765.505000;4765.595000;0
20260409 234900;4765.535000;4767.488000;4765.265000;4766.645000;0
20260409 235000;4766.585000;4766.915000;4764.875000;4765.335000;0
20260409 235100;4765.385000;4765.445000;4764.965000;4765.025000;0
20260409 235200;4764.995000;4765.485000;4764.755000;4764.795000;0
20260409 235300;4764.828000;4765.245000;4763.868000;4764.035000;0
20260409 235400;4763.975000;4765.658000;4763.895000;4764.275000;0
20260409 235500;4764.228000;4766.755000;4763.625000;4765.885000;0
20260409 235600;4765.865000;4765.895000;4764.565000;4765.825000;0
20260409 235700;4765.795000;4766.785000;4765.315000;4765.675000;0
20260409 235800;4765.795000;4765.985000;4765.055000;4765.405000;0
20260409 235900;4765.385000;4766.355000;4765.205000;4766.355000;0
20260410 000000;4766.325000;4767.805000;4765.955000;4767.205000;0
20260410 000100;4767.215000;4767.775000;4766.905000;4767.565000;0
20260410 000200;4767.595000;4767.845000;4766.455000;4766.845000;0
20260410 000300;4766.915000;4767.555000;4766.465000;4767.145000;0
20260410 000400;4767.285000;4767.415000;4766.755000;4766.965000;0
20260410 000500;4766.945000;4767.475000;4765.985000;4766.015000;0
20260410 000600;4766.045000;4766.765000;4765.435000;4765.925000;0
20260410 000700;4765.865000;4765.885000;4765.295000;4765.405000;0
20260410 000800;4765.385000;4765.625000;4765.125000;4765.335000;0
20260410 000900;4765.365000;4765.885000;4765.035000;4765.665000;0
20260410 001000;4765.775000;4765.775000;4765.125000;4765.325000;0
20260410 001100;4765.295000;4765.645000;4764.838000;4764.838000;0
20260410 001200;4764.838000;4765.105000;4764.508000;4764.508000;0
20260410 001300;4764.508000;4766.535000;4764.508000;4766.375000;0
20260410 001400;4766.335000;4767.285000;4765.745000;4767.035000;0
20260410 001500;4767.105000;4767.285000;4766.705000;4767.025000;0
20260410 001600;4766.985000;4767.515000;4765.795000;4767.065000;0
20260410 001700;4767.045000;4769.545000;4766.645000;4769.155000;0
20260410 001800;4769.135000;4769.875000;4769.135000;4769.675000;0
20260410 001900;4769.605000;4770.525000;4769.485000;4770.345000;0
20260410 002000;4770.375000;4770.455000;4767.615000;4767.705000;0
20260410 002100;4767.665000;4768.365000;4767.315000;4767.705000;0
20260410 002200;4767.685000;4768.105000;4767.475000;4767.805000;0
20260410 002300;4767.855000;4767.935000;4767.265000;4767.885000;0
20260410 002400;4767.405000;4767.445000;4766.638000;4766.638000;0
20260410 002500;4766.638000;4766.945000;4766.158000;4766.855000;0
20260410 002600;4766.785000;4766.948000;4766.158000;4766.655000;0
20260410 002700;4766.595000;4767.355000;4766.405000;4767.055000;0
20260410 002800;4767.005000;4767.005000;4766.185000;4766.438000;0
20260410 002900;4766.438000;4766.438000;4765.105000;4765.175000;0
20260410 003000;4765.205000;4765.435000;4763.315000;4764.445000;0
20260410 003100;4764.525000;4765.115000;4763.938000;4764.045000;0
20260410 003200;4764.118000;4764.478000;4763.518000;4764.138000;0
20260410 003300;4764.398000;4764.638000;4763.278000;4763.558000;0
20260410 003400;4763.578000;4763.598000;4763.325000;4763.378000;0
20260410 003500;4763.458000;4763.718000;4763.278000;4763.278000;0
20260410 003600;4763.278000;4763.278000;4761.815000;4763.155000;0
20260410 003700;4763.125000;4763.445000;4762.528000;4763.425000;0
20260410 003800;4763.385000;4764.195000;4762.195000;4762.465000;0
20260410 003900;4762.378000;4763.695000;4762.198000;4762.845000;0
20260410 004000;4762.905000;4763.575000;4762.365000;4762.715000;0
20260410 004100;4762.735000;4763.105000;4761.525000;4762.095000;0
20260410 004200;4762.065000;4762.405000;4761.925000;4761.935000;0
20260410 004300;4761.965000;4762.635000;4761.375000;4762.635000;0
20260410 004400;4762.675000;4763.015000;4761.985000;4762.145000;0
20260410 004500;4762.075000;4762.735000;4761.355000;4761.835000;0
20260410 004600;4761.805000;4761.955000;4761.275000;4761.545000;0
20260410 004700;4761.715000;4762.025000;4761.545000;4761.705000;0
20260410 004800;4761.655000;4762.035000;4761.615000;4761.985000;0
20260410 004900;4762.128000;4763.135000;4762.128000;4763.115000;0
20260410 005000;4763.185000;4765.335000;4763.125000;4763.705000;0
20260410 005100;4763.685000;4764.455000;4761.385000;4761.485000;0
20260410 005200;4761.395000;4763.805000;4760.825000;4763.645000;0
20260410 005300;4763.715000;4763.735000;4762.265000;4763.245000;0
20260410 005400;4763.345000;4763.365000;4762.445000;4762.475000;0
20260410 005500;4762.385000;4762.505000;4760.628000;4760.628000;0
20260410 005600;4760.628000;4760.725000;4759.345000;4760.625000;0
20260410 005700;4760.605000;4760.605000;4758.585000;4758.595000;0
20260410 005800;4758.515000;4759.535000;4758.305000;4758.795000;0
20260410 005900;4758.755000;4758.755000;4757.635000;4758.255000;0
20260410 010000;4758.315000;4758.875000;4756.928000;4757.115000;0
20260410 010100;4757.175000;4759.635000;4757.155000;4758.975000;0
20260410 010200;4759.085000;4761.335000;4758.545000;4759.345000;0
20260410 010300;4759.315000;4760.645000;4758.255000;4758.485000;0
20260410 010400;4758.465000;4762.185000;4758.465000;4761.915000;0
20260410 010500;4762.045000;4763.085000;4760.335000;4760.765000;0
20260410 010600;4760.745000;4762.015000;4759.875000;4761.735000;0
20260410 010700;4761.785000;4761.955000;4760.125000;4761.135000;0
20260410 010800;4761.595000;4762.105000;4760.375000;4761.355000;0
20260410 010900;4761.335000;4761.885000;4761.325000;4761.575000;0
20260410 011000;4761.615000;4761.865000;4760.775000;4760.775000;0
20260410 011100;4760.835000;4760.835000;4758.745000;4759.005000;0
20260410 011200;4759.035000;4760.905000;4758.975000;4759.605000;0
20260410 011300;4759.555000;4759.915000;4758.885000;4759.065000;0
20260410 011400;4759.085000;4760.005000;4758.805000;4759.745000;0
20260410 011500;4759.765000;4759.865000;4758.475000;4758.535000;0
20260410 011600;4758.565000;4759.275000;4758.325000;4758.435000;0
20260410 011700;4758.405000;4760.265000;4758.375000;4759.855000;0
20260410 011800;4759.875000;4760.095000;4759.575000;4759.875000;0
20260410 011900;4759.825000;4760.235000;4759.315000;4759.825000;0
20260410 012000;4759.875000;4763.885000;4759.845000;4763.395000;0
20260410 012100;4763.425000;4763.655000;4763.075000;4763.465000;0
20260410 012200;4763.485000;4763.525000;4761.855000;4761.875000;0
20260410 012300;4761.835000;4762.125000;4761.105000;4761.675000;0
20260410 012400;4761.655000;4761.785000;4760.475000;4760.845000;0
20260410 012500;4760.905000;4761.355000;4760.475000;4761.025000;0
20260410 012600;4761.005000;4762.525000;4760.705000;4762.525000;0
20260410 012700;4762.205000;4763.785000;4762.205000;4763.055000;0
20260410 012800;4763.198000;4763.575000;4761.675000;4761.785000;0
20260410 012900;4761.825000;4761.845000;4759.175000;4759.385000;0
20260410 013000;4759.715000;4761.915000;4759.045000;4761.565000;0
20260410 013100;4761.515000;4762.035000;4760.455000;4761.585000;0
20260410 013200;4761.445000;4765.355000;4761.425000;4764.185000;0
20260410 013300;4764.155000;4764.155000;4762.015000;4763.495000;0
20260410 013400;4763.465000;4764.775000;4762.675000;4764.695000;0
20260410 013500;4764.575000;4765.255000;4763.865000;4764.905000;0
20260410 013600;4764.825000;4767.055000;4764.265000;4766.645000;0
20260410 013700;4766.995000;4768.055000;4766.245000;4768.025000;0
20260410 013800;4768.055000;4768.055000;4763.415000;4765.205000;0
20260410 013900;4765.478000;4766.105000;4764.285000;4764.885000;0
20260410 014000;4764.905000;4765.585000;4764.105000;4764.495000;0
20260410 014100;4764.515000;4766.615000;4764.095000;4765.335000;0
20260410 014200;4765.475000;4765.935000;4763.715000;4763.715000;0
20260410 014300;4763.795000;4764.105000;4761.305000;4762.475000;0
20260410 014400;4762.495000;4765.285000;4762.495000;4764.735000;0
20260410 014500;4764.705000;4767.105000;4764.705000;4766.605000;0
20260410 014600;4766.625000;4766.725000;4765.635000;4765.965000;0
20260410 014700;4765.935000;4766.445000;4764.455000;4764.935000;0
20260410 014800;4764.935000;4766.875000;4764.935000;4765.535000;0
20260410 014900;4765.575000;4767.025000;4765.105000;4766.065000;0
20260410 015000;4766.035000;4766.975000;4765.395000;4766.925000;0
20260410 015100;4766.875000;4767.705000;4766.305000;4767.675000;0
20260410 015200;4767.845000;4768.915000;4767.845000;4768.495000;0
20260410 015300;4768.465000;4768.525000;4766.705000;4767.535000;0
20260410 015400;4767.545000;4768.405000;4766.695000;4766.945000;0
20260410 015500;4766.875000;4766.895000;4765.305000;4766.685000;0
20260410 015600;4766.655000;4766.745000;4765.505000;4765.975000;0
20260410 015700;4766.035000;4767.535000;4765.175000;4766.958000;0
20260410 015800;4766.958000;4767.535000;4766.918000;4767.118000;0
20260410 015900;4767.118000;4767.498000;4765.298000;4765.465000;0
20260410 020000;4765.505000;4765.625000;4760.188000;4761.405000;0
20260410 020100;4761.435000;4762.695000;4760.485000;4761.605000;0
20260410 020200;4761.505000;4763.885000;4761.335000;4761.885000;0
20260410 020300;4761.865000;4762.825000;4761.525000;4761.715000;0
20260410 020400;4761.735000;4761.855000;4760.125000;4761.605000;0
20260410 020500;4761.635000;4762.165000;4758.845000;4759.175000;0
20260410 020600;4759.195000;4760.795000;4759.035000;4760.205000;0
20260410 020700;4760.245000;4761.855000;4759.895000;4761.825000;0
20260410 020800;4762.045000;4763.775000;4759.785000;4761.655000;0
20260410 020900;4761.675000;4761.845000;4759.055000;4759.075000;0
20260410 021000;4759.045000;4760.655000;4758.405000;4760.645000;0
20260410 021100;4760.698000;4760.905000;4759.405000;4760.205000;0
20260410 021200;4760.235000;4761.145000;4759.625000;4760.625000;0
20260410 021300;4760.705000;4760.705000;4758.075000;4758.285000;0
20260410 021400;4758.325000;4758.765000;4755.385000;4756.035000;0
20260410 021500;4756.045000;4757.385000;4755.305000;4755.565000;0
20260410 021600;4755.605000;4756.695000;4754.875000;4755.615000;0
20260410 021700;4755.595000;4756.375000;4754.905000;4755.465000;0
20260410 021800;4755.515000;4755.585000;4753.025000;4754.235000;0
20260410 021900;4754.275000;4754.725000;4751.935000;4752.525000;0
20260410 022000;4752.475000;4752.975000;4751.495000;4751.585000;0
20260410 022100;4751.575000;4753.135000;4751.495000;4752.865000;0
20260410 022200;4752.985000;4754.595000;4752.085000;4753.385000;0
20260410 022300;4753.345000;4753.795000;4751.915000;4753.355000;0
20260410 022400;4753.325000;4753.985000;4751.935000;4753.625000;0
20260410 022500;4753.675000;4755.765000;4752.865000;4755.705000;0
20260410 022600;4755.495000;4755.785000;4753.095000;4753.445000;0
20260410 022700;4753.275000;4755.385000;4752.415000;4754.215000;0
20260410 022800;4754.195000;4754.625000;4753.435000;4754.315000;0
20260410 022900;4754.225000;4755.605000;4754.035000;4755.255000;0
20260410 023000;4755.275000;4758.085000;4754.885000;4757.975000;0
20260410 023100;4758.085000;4758.395000;4755.835000;4756.375000;0
20260410 023200;4756.405000;4757.195000;4754.435000;4755.665000;0
20260410 023300;4755.645000;4755.955000;4753.985000;4755.385000;0
20260410 023400;4755.475000;4758.005000;4755.315000;4757.975000;0
20260410 023500;4757.935000;4758.275000;4756.465000;4757.165000;0
20260410 023600;4757.075000;4757.735000;4755.355000;4755.385000;0
20260410 023700;4755.445000;4755.445000;4752.195000;4752.485000;0
20260410 023800;4752.505000;4752.635000;4749.198000;4750.025000;0
20260410 023900;4750.155000;4753.365000;4749.738000;4752.205000;0
20260410 024000;4752.015000;4753.055000;4751.745000;4752.605000;0
20260410 024100;4752.735000;4753.905000;4752.245000;4752.715000;0
20260410 024200;4752.755000;4752.865000;4749.635000;4751.075000;0
20260410 024300;4751.035000;4751.865000;4750.635000;4750.975000;0
20260410 024400;4750.995000;4751.495000;4750.525000;4750.535000;0
20260410 024500;4750.565000;4751.305000;4750.215000;4751.005000;0
20260410 024600;4751.038000;4753.765000;4750.865000;4753.665000;0
20260410 024700;4753.695000;4754.045000;4751.505000;4752.778000;0
20260410 024800;4752.765000;4753.295000;4750.025000;4750.025000;0
20260410 024900;4749.985000;4749.985000;4743.645000;4743.645000;0
20260410 025000;4743.685000;4747.055000;4743.095000;4746.285000;0
20260410 025100;4746.325000;4746.745000;4744.265000;4746.045000;0
20260410 025200;4746.095000;4746.475000;4742.655000;4745.615000;0
20260410 025300;4745.585000;4745.865000;4744.225000;4744.945000;0
20260410 025400;4744.915000;4746.195000;4744.475000;4744.525000;0
20260410 025500;4744.555000;4748.085000;4744.555000;4747.205000;0
20260410 025600;4747.185000;4747.415000;4744.075000;4745.005000;0
20260410 025700;4744.965000;4747.015000;4744.955000;4746.385000;0
20260410 025800;4746.365000;4746.565000;4745.345000;4746.315000;0
20260410 025900;4746.455000;4747.515000;4746.165000;4746.165000;0
20260410 030000;4745.725000;4747.365000;4745.095000;4745.745000;0
20260410 030100;4745.485000;4745.585000;4743.555000;4743.955000;0
20260410 030200;4743.985000;4744.595000;4741.045000;4743.435000;0
20260410 030300;4743.455000;4747.825000;4743.455000;4747.105000;0
20260410 030400;4747.075000;4750.595000;4746.295000;4750.275000;0
20260410 030500;4750.345000;4750.495000;4748.755000;4749.525000;0
20260410 030600;4749.465000;4750.915000;4748.665000;4749.975000;0
20260410 030700;4750.015000;4750.105000;4749.075000;4750.085000;0
20260410 030800;4750.105000;4750.715000;4749.815000;4750.045000;0
20260410 030900;4750.075000;4752.035000;4750.075000;4751.515000;0
20260410 031000;4751.485000;4752.505000;4751.145000;4752.305000;0
20260410 031100;4752.275000;4752.275000;4750.475000;4750.685000;0
20260410 031200;4750.855000;4751.755000;4750.415000;4750.865000;0
20260410 031300;4750.905000;4750.905000;4748.835000;4749.295000;0
20260410 031400;4749.215000;4749.325000;4745.458000;4746.855000;0
20260410 031500;4746.965000;4747.735000;4746.035000;4747.735000;0
20260410 031600;4747.775000;4749.895000;4747.045000;4749.855000;0
20260410 031700;4749.825000;4750.485000;4748.595000;4750.485000;0
20260410 031800;4750.275000;4752.355000;4750.275000;4752.075000;0
20260410 031900;4752.105000;4753.145000;4751.425000;4752.415000;0
20260410 032000;4752.515000;4754.045000;4752.025000;4752.455000;0
20260410 032100;4752.505000;4753.345000;4751.535000;4751.535000;0
20260410 032200;4751.505000;4752.765000;4751.135000;4752.485000;0
20260410 032300;4752.455000;4754.605000;4752.185000;4754.605000;0
20260410 032400;4754.625000;4754.645000;4753.415000;4754.045000;0
20260410 032500;4754.175000;4755.835000;4753.745000;4755.685000;0
20260410 032600;4755.665000;4755.665000;4754.425000;4754.765000;0
20260410 032700;4754.915000;4755.045000;4752.485000;4752.935000;0
20260410 032800;4752.955000;4754.155000;4752.885000;4754.155000;0
20260410 032900;4754.105000;4754.785000;4752.895000;4753.365000;0
20260410 033000;4753.605000;4753.655000;4752.075000;4752.165000;0
20260410 033100;4752.145000;4753.075000;4751.335000;4752.745000;0
20260410 033200;4752.745000;4752.775000;4752.225000;4752.675000;0
20260410 033300;4752.705000;4754.805000;4752.435000;4754.015000;0
20260410 033400;4754.055000;4755.915000;4753.775000;4755.585000;0
20260410 033500;4755.555000;4755.775000;4754.405000;4754.705000;0
20260410 033600;4754.675000;4756.255000;4754.615000;4754.945000;0
20260410 033700;4754.995000;4756.645000;4754.845000;4755.695000;0
20260410 033800;4755.665000;4756.965000;4755.395000;4756.615000;0
20260410 033900;4756.545000;4756.635000;4755.345000;4755.435000;0
20260410 034000;4755.395000;4757.345000;4755.395000;4755.615000;0
20260410 034100;4755.665000;4755.765000;4754.265000;4755.305000;0
20260410 034200;4755.325000;4755.365000;4753.735000;4753.895000;0
20260410 034300;4753.875000;4754.355000;4752.725000;4752.755000;0
20260410 034400;4752.595000;4754.255000;4752.425000;4753.805000;0
20260410 034500;4753.775000;4753.865000;4751.855000;4752.015000;0
20260410 034600;4751.758000;4754.765000;4751.655000;4754.765000;0
20260410 034700;4754.505000;4754.685000;4753.248000;4753.505000;0
20260410 034800;4753.475000;4753.975000;4752.415000;4753.065000;0
20260410 034900;4753.025000;4753.795000;4752.705000;4753.795000;0
20260410 035000;4753.775000;4753.775000;4751.285000;4751.745000;0
20260410 035100;4751.615000;4752.375000;4750.135000;4750.505000;0
20260410 035200;4750.485000;4751.255000;4749.845000;4750.495000;0
20260410 035300;4750.515000;4752.175000;4749.695000;4752.155000;0
20260410 035400;4752.205000;4752.365000;4750.285000;4750.545000;0
20260410 035500;4750.505000;4751.555000;4750.095000;4750.925000;0
20260410 035600;4750.885000;4751.885000;4750.405000;4750.825000;0
20260410 035700;4750.795000;4750.815000;4749.598000;4749.815000;0
20260410 035800;4749.635000;4750.395000;4748.535000;4748.555000;0
20260410 035900;4748.585000;4749.785000;4747.965000;4749.355000;0
20260410 040000;4749.385000;4751.285000;4748.545000;4751.285000;0
20260410 040100;4751.335000;4752.565000;4751.305000;4751.595000;0
20260410 040200;4751.555000;4753.105000;4750.925000;4753.045000;0
20260410 040300;4752.995000;4753.155000;4748.465000;4748.555000;0
20260410 040400;4748.525000;4748.525000;4747.365000;4747.365000;0
20260410 040500;4747.475000;4749.155000;4746.985000;4747.505000;0
20260410 040600;4747.805000;4748.298000;4747.245000;4747.565000;0
20260410 040700;4747.595000;4748.285000;4747.015000;4747.545000;0
20260410 040800;4747.585000;4750.825000;4747.445000;4750.315000;0
20260410 040900;4750.245000;4750.315000;4749.405000;4749.835000;0
20260410 041000;4749.805000;4751.595000;4749.605000;4750.785000;0
20260410 041100;4750.705000;4751.955000;4749.955000;4750.075000;0
20260410 041200;4750.105000;4750.715000;4749.275000;4750.625000;0
20260410 041300;4750.655000;4750.795000;4748.735000;4750.545000;0
20260410 041400;4750.435000;4750.705000;4749.115000;4749.675000;0
20260410 041500;4749.625000;4749.715000;4747.555000;4748.655000;0
20260410 041600;4748.685000;4749.895000;4747.865000;4748.425000;0
20260410 041700;4748.425000;4748.455000;4743.125000;4743.145000;0
20260410 041800;4743.135000;4745.175000;4742.005000;4744.755000;0
20260410 041900;4744.705000;4746.035000;4743.175000;4745.285000;0
20260410 042000;4745.335000;4746.545000;4744.595000;4745.965000;0
20260410 042100;4745.995000;4746.475000;4744.985000;4745.495000;0
20260410 042200;4745.595000;4746.835000;4745.405000;4746.525000;0
20260410 042300;4746.485000;4746.705000;4743.995000;4744.105000;0
20260410 042400;4744.085000;4746.135000;4744.085000;4745.768000;0
20260410 042500;4745.785000;4746.675000;4745.605000;4746.605000;0
20260410 042600;4746.625000;4746.625000;4745.525000;4745.625000;0
20260410 042700;4745.665000;4746.825000;4744.885000;4746.745000;0
20260410 042800;4746.815000;4746.875000;4745.395000;4746.695000;0
20260410 042900;4746.845000;4747.855000;4746.035000;4746.775000;0
20260410 043000;4746.555000;4749.295000;4746.145000;4749.145000;0
20260410 043100;4749.305000;4752.145000;4749.305000;4751.125000;0
20260410 043200;4751.265000;4751.875000;4750.625000;4751.765000;0
20260410 043300;4751.765000;4751.925000;4751.045000;4751.275000;0
20260410 043400;4751.335000;4751.355000;4749.485000;4749.815000;0
20260410 043500;4749.665000;4750.745000;4749.478000;4749.595000;0
20260410 043600;4749.615000;4751.955000;4749.555000;4750.165000;0
20260410 043700;4750.215000;4750.425000;4748.695000;4748.945000;0
20260410 043800;4749.045000;4749.045000;4748.335000;4748.555000;0
20260410 043900;4748.525000;4749.435000;4747.775000;4749.205000;0
20260410 044000;4749.255000;4749.675000;4748.295000;4748.345000;0
20260410 044100;4748.285000;4748.675000;4747.245000;4747.958000;0
20260410 044200;4747.978000;4749.115000;4747.555000;4747.555000;0
20260410 044300;4747.395000;4747.545000;4744.885000;4745.085000;0
20260410 044400;4745.045000;4745.608000;4740.825000;4742.135000;0
20260410 044500;4742.315000;4743.755000;4741.925000;4742.755000;0
20260410 044600;4742.745000;4743.605000;4741.575000;4741.965000;0
20260410 044700;4741.995000;4741.995000;4732.805000;4736.435000;0
20260410 044800;4736.445000;4737.595000;4734.518000;4736.295000;0
20260410 044900;4736.345000;4737.225000;4734.995000;4735.245000;0
20260410 045000;4735.225000;4735.845000;4732.805000;4735.735000;0
20260410 045100;4735.625000;4735.625000;4731.745000;4732.665000;0
20260410 045200;4732.695000;4734.655000;4732.165000;4732.635000;0
20260410 045300;4732.575000;4733.805000;4730.205000;4733.805000;0
20260410 045400;4733.845000;4736.475000;4733.735000;4736.365000;0
20260410 045500;4736.205000;4738.715000;4734.395000;4738.715000;0
20260410 045600;4738.655000;4739.545000;4738.145000;4738.145000;0
20260410 045700;4738.205000;4739.975000;4737.895000;4739.905000;0
20260410 045800;4739.975000;4741.995000;4739.875000;4741.035000;0
20260410 045900;4741.575000;4741.725000;4740.145000;4740.398000;0
20260410 050000;4740.735000;4742.645000;4740.545000;4740.995000;0
20260410 050100;4741.015000;4743.125000;4740.615000;4743.095000;0
20260410 050200;4743.075000;4744.415000;4742.825000;4744.005000;0
20260410 050300;4743.915000;4745.155000;4742.875000;4744.845000;0
20260410 050400;4744.945000;4745.105000;4744.025000;4744.325000;0
20260410 050500;4744.345000;4745.805000;4743.875000;4745.795000;0
20260410 050600;4745.865000;4745.865000;4744.275000;4744.755000;0
20260410 050700;4744.735000;4744.925000;4743.045000;4743.185000;0
20260410 050800;4743.215000;4743.565000;4741.735000;4742.865000;0
20260410 050900;4742.895000;4743.105000;4741.355000;4741.985000;0
20260410 051000;4742.005000;4743.515000;4741.348000;4743.365000;0
20260410 051100;4743.595000;4744.875000;4743.135000;4744.745000;0
20260410 051200;4744.855000;4744.855000;4742.735000;4743.935000;0
20260410 051300;4743.915000;4744.195000;4743.455000;4743.645000;0
20260410 051400;4743.685000;4746.585000;4743.655000;4746.565000;0
20260410 051500;4746.475000;4746.585000;4745.345000;4745.785000;0
20260410 051600;4745.825000;4745.825000;4744.435000;4744.565000;0
20260410 051700;4744.545000;4745.095000;4744.365000;4744.765000;0
20260410 051800;4744.745000;4754.345000;4744.675000;4749.875000;0
20260410 051900;4750.225000;4760.555000;4748.415000;4759.165000;0
20260410 052000;4759.125000;4759.245000;4752.345000;4753.235000;0
20260410 052100;4753.075000;4756.725000;4752.695000;4754.045000;0
20260410 052200;4753.915000;4757.485000;4753.775000;4755.885000;0
20260410 052300;4755.865000;4757.995000;4754.245000;4755.875000;0
20260410 052400;4755.845000;4756.775000;4752.745000;4752.745000;0
20260410 052500;4752.655000;4753.245000;4751.025000;4751.585000;0
20260410 052600;4751.565000;4752.445000;4750.715000;4752.445000;0
20260410 052700;4752.225000;4752.828000;4751.555000;4751.555000;0
20260410 052800;4751.585000;4752.905000;4750.695000;4751.535000;0
20260410 052900;4751.445000;4753.005000;4748.545000;4748.545000;0
20260410 053000;4748.365000;4748.925000;4746.995000;4748.005000;0
20260410 053100;4748.415000;4749.935000;4746.735000;4748.625000;0
20260410 053200;4748.605000;4749.995000;4746.045000;4747.085000;0
20260410 053300;4747.095000;4748.038000;4746.655000;4747.465000;0
20260410 053400;4747.525000;4747.875000;4746.335000;4747.375000;0
20260410 053500;4747.425000;4749.665000;4747.065000;4749.495000;0
20260410 053600;4749.425000;4750.235000;4748.235000;4748.635000;0
20260410 053700;4748.605000;4749.425000;4748.565000;4749.185000;0
20260410 053800;4749.155000;4750.015000;4748.398000;4749.305000;0
20260410 053900;4749.505000;4750.015000;4747.215000;4748.385000;0
20260410 054000;4748.345000;4748.535000;4747.575000;4748.365000;0
20260410 054100;4749.105000;4749.595000;4747.775000;4749.305000;0
20260410 054200;4749.455000;4749.955000;4749.155000;4749.505000;0
20260410 054300;4749.475000;4750.575000;4749.315000;4750.235000;0
20260410 054400;4750.285000;4750.825000;4749.925000;4750.225000;0
20260410 054500;4750.195000;4750.225000;4749.375000;4749.415000;0
20260410 054600;4749.558000;4750.065000;4748.235000;4748.275000;0
20260410 054700;4748.355000;4748.815000;4747.975000;4748.775000;0
20260410 054800;4748.805000;4748.805000;4748.005000;4748.015000;0
20260410 054900;4748.005000;4749.535000;4747.725000;4749.535000;0
20260410 055000;4749.505000;4749.505000;4748.515000;4749.195000;0
20260410 055100;4749.285000;4749.968000;4749.145000;4749.335000;0
20260410 055200;4749.235000;4751.138000;4748.925000;4750.435000;0
20260410 055300;4750.415000;4751.795000;4750.135000;4751.675000;0
20260410 055400;4751.625000;4752.408000;4751.295000;4751.355000;0
20260410 055500;4751.245000;4751.525000;4750.015000;4750.495000;0
20260410 055600;4750.488000;4751.318000;4750.235000;4750.435000;0
20260410 055700;4750.465000;4752.765000;4750.155000;4752.675000;0
20260410 055800;4752.655000;4752.915000;4751.845000;4752.145000;0
20260410 055900;4752.095000;4752.245000;4751.275000;4751.355000;0
20260410 060000;4751.335000;4752.078000;4750.795000;4751.998000;0
20260410 060100;4751.998000;4753.125000;4751.155000;4751.205000;0
20260410 060200;4751.205000;4751.205000;4748.025000;4748.025000;0
20260410 060300;4747.865000;4748.855000;4747.795000;4748.285000;0
20260410 060400;4748.295000;4748.705000;4746.925000;4747.245000;0
20260410 060500;4747.195000;4747.225000;4745.375000;4745.495000;0
20260410 060600;4745.515000;4745.945000;4742.095000;4743.515000;0
20260410 060700;4743.575000;4745.345000;4742.918000;4744.015000;0
20260410 060800;4743.995000;4745.145000;4743.335000;4744.765000;0
20260410 060900;4744.755000;4745.825000;4744.605000;4745.595000;0
20260410 061000;4745.545000;4746.378000;4744.605000;4746.145000;0
20260410 061100;4746.158000;4746.358000;4744.718000;4744.758000;0
20260410 061200;4744.605000;4745.115000;4742.925000;4745.095000;0
20260410 061300;4745.265000;4746.355000;4744.975000;4745.995000;0
20260410 061400;4746.035000;4747.315000;4745.985000;4746.875000;0
20260410 061500;4746.905000;4747.355000;4746.178000;4747.065000;0
20260410 061600;4747.065000;4748.135000;4746.635000;4746.785000;0
20260410 061700;4746.795000;4748.805000;4746.795000;4747.925000;0
20260410 061800;4747.915000;4749.555000;4747.115000;4749.425000;0
20260410 061900;4749.415000;4752.005000;4749.415000;4751.865000;0
20260410 062000;4751.925000;4752.675000;4751.555000;4752.375000;0
20260410 062100;4752.405000;4753.015000;4752.125000;4752.995000;0
20260410 062200;4752.955000;4755.555000;4752.925000;4754.705000;0
20260410 062300;4754.795000;4758.038000;4754.795000;4757.445000;0
20260410 062400;4757.505000;4758.598000;4757.455000;4758.245000;0
20260410 062500;4758.185000;4760.468000;4757.868000;4759.715000;0
20260410 062600;4759.715000;4760.138000;4757.975000;4759.105000;0
20260410 062700;4759.065000;4759.405000;4757.415000;4759.175000;0
20260410 062800;4758.838000;4760.055000;4757.785000;4759.135000;0
20260410 062900;4758.895000;4758.905000;4757.525000;4757.995000;0
20260410 063000;4758.025000;4758.715000;4756.685000;4757.138000;0
20260410 063100;4757.095000;4757.505000;4756.805000;4757.478000;0
20260410 063200;4757.458000;4758.685000;4756.625000;4758.138000;0
20260410 063300;4758.185000;4758.425000;4757.825000;4758.105000;0
20260410 063400;4758.135000;4759.485000;4757.935000;4759.385000;0
20260410 063500;4759.335000;4759.355000;4756.235000;4756.365000;0
20260410 063600;4756.265000;4756.675000;4755.895000;4755.998000;0
20260410 063700;4755.998000;4756.355000;4755.105000;4755.475000;0
20260410 063800;4755.345000;4755.528000;4753.665000;4753.755000;0
20260410 063900;4753.785000;4755.495000;4753.648000;4754.098000;0
20260410 064000;4754.198000;4756.075000;4754.198000;4755.545000;0
20260410 064100;4755.698000;4755.768000;4754.505000;4754.535000;0
20260410 064200;4754.505000;4754.798000;4753.835000;4754.115000;0
20260410 064300;4754.075000;4755.388000;4753.995000;4755.188000;0
20260410 064400;4755.098000;4755.615000;4755.045000;4755.345000;0
20260410 064500;4755.305000;4755.305000;4753.905000;4753.905000;0
20260410 064600;4753.955000;4755.285000;4753.895000;4754.435000;0
20260410 064700;4754.415000;4754.995000;4754.025000;4754.955000;0
20260410 064800;4754.925000;4756.815000;4754.795000;4756.395000;0
20260410 064900;4756.335000;4757.828000;4755.845000;4757.695000;0
20260410 065000;4757.975000;4759.005000;4757.615000;4759.005000;0
20260410 065100;4759.038000;4759.525000;4757.395000;4757.745000;0
20260410 065200;4757.715000;4757.945000;4756.825000;4756.855000;0
20260410 065300;4756.785000;4758.895000;4756.055000;4758.895000;0
20260410 065400;4759.015000;4759.015000;4756.755000;4756.855000;0
20260410 065500;4756.825000;4757.575000;4756.215000;4756.405000;0
20260410 065600;4756.485000;4756.485000;4755.288000;4755.595000;0
20260410 065700;4755.635000;4756.815000;4755.578000;4756.815000;0
20260410 065800;4756.795000;4758.215000;4756.668000;4758.005000;0
20260410 065900;4757.975000;4757.975000;4756.668000;4756.895000;0
20260410 070000;4756.915000;4758.405000;4756.668000;4756.765000;0
20260410 070100;4756.795000;4758.135000;4756.645000;4757.815000;0
20260410 070200;4757.795000;4757.995000;4756.245000;4756.935000;0
20260410 070300;4756.705000;4757.745000;4756.545000;4757.175000;0
20260410 070400;4757.155000;4759.325000;4757.015000;4759.295000;0
20260410 070500;4759.275000;4759.315000;4757.225000;4757.895000;0
20260410 070600;4757.875000;4758.005000;4755.615000;4756.075000;0
20260410 070700;4756.105000;4756.805000;4755.585000;4756.115000;0
20260410 070800;4756.115000;4757.685000;4755.955000;4756.385000;0
20260410 070900;4756.415000;4756.815000;4754.825000;4755.615000;0
20260410 071000;4755.465000;4755.725000;4755.115000;4755.475000;0
20260410 071100;4755.435000;4755.435000;4753.285000;4753.965000;0
20260410 071200;4753.935000;4754.405000;4753.025000;4753.955000;0
20260410 071300;4754.025000;4756.485000;4754.025000;4755.625000;0
20260410 071400;4755.805000;4755.845000;4755.065000;4755.415000;0
20260410 071500;4755.415000;4755.735000;4754.575000;4754.685000;0
20260410 071600;4754.705000;4755.115000;4754.175000;4754.335000;0
20260410 071700;4754.295000;4756.115000;4754.295000;4755.915000;0
20260410 071800;4755.885000;4756.455000;4755.638000;4755.815000;0
20260410 071900;4755.845000;4758.225000;4755.845000;4758.165000;0
20260410 072000;4758.145000;4758.598000;4757.555000;4758.145000;0
20260410 072100;4758.178000;4759.385000;4757.975000;4758.715000;0
20260410 072200;4758.735000;4759.335000;4758.695000;4759.125000;0
20260410 072300;4759.165000;4760.915000;4758.655000;4760.095000;0
20260410 072400;4760.135000;4762.245000;4759.998000;4761.045000;0
20260410 072500;4761.025000;4761.025000;4758.565000;4759.195000;0
20260410 072600;4759.105000;4759.665000;4757.865000;4758.895000;0
20260410 072700;4758.805000;4761.035000;4758.705000;4760.365000;0
20260410 072800;4760.395000;4762.125000;4760.385000;4762.125000;0
20260410 072900;4762.095000;4762.115000;4760.855000;4761.475000;0
20260410 073000;4761.405000;4762.955000;4760.985000;4762.765000;0
20260410 073100;4762.745000;4762.845000;4759.815000;4759.895000;0
20260410 073200;4759.875000;4759.935000;4758.715000;4759.725000;0
20260410 073300;4759.745000;4759.945000;4758.705000;4758.775000;0
20260410 073400;4758.765000;4759.075000;4758.268000;4758.915000;0
20260410 073500;4758.945000;4761.155000;4758.795000;4760.885000;0
20260410 073600;4760.915000;4762.315000;4760.915000;4761.655000;0
20260410 073700;4761.675000;4762.525000;4761.395000;4761.545000;0
20260410 073800;4761.465000;4761.655000;4760.885000;4761.245000;0
20260410 073900;4761.275000;4761.585000;4760.895000;4761.248000;0
20260410 074000;4761.248000;4761.248000;4760.075000;4760.435000;0
20260410 074100;4760.455000;4761.775000;4760.025000;4760.675000;0
20260410 074200;4760.695000;4762.175000;4760.435000;4762.125000;0
20260410 074300;4761.955000;4763.475000;4761.845000;4763.395000;0
20260410 074400;4763.395000;4766.775000;4763.075000;4766.775000;0
20260410 074500;4766.795000;4766.795000;4764.875000;4765.825000;0
20260410 074600;4765.905000;4766.485000;4763.085000;4763.505000;0
20260410 074700;4763.525000;4764.605000;4763.355000;4764.235000;0
20260410 074800;4764.185000;4764.355000;4763.435000;4764.045000;0
20260410 074900;4764.075000;4764.215000;4762.868000;4763.105000;0
20260410 075000;4763.285000;4765.405000;4763.025000;4765.065000;0
20260410 075100;4765.095000;4766.085000;4762.615000;4763.005000;0
20260410 075200;4762.995000;4764.438000;4762.975000;4764.018000;0
20260410 075300;4764.018000;4765.515000;4763.495000;4765.235000;0
20260410 075400;4765.295000;4765.365000;4764.105000;4764.445000;0
20260410 075500;4764.465000;4764.935000;4763.185000;4764.458000;0
20260410 075600;4764.698000;4765.665000;4764.365000;4765.145000;0
20260410 075700;4765.185000;4765.405000;4763.875000;4765.138000;0
20260410 075800;4765.115000;4765.395000;4764.238000;4765.175000;0
20260410 075900;4765.198000;4768.445000;4764.958000;4767.965000;0
20260410 080000;4768.115000;4768.745000;4766.025000;4766.875000;0
20260410 080100;4766.958000;4769.755000;4766.335000;4766.365000;0
20260410 080200;4766.335000;4766.335000;4763.815000;4764.965000;0
20260410 080300;4764.985000;4766.478000;4764.498000;4765.225000;0
20260410 080400;4765.195000;4766.515000;4764.675000;4766.375000;0
20260410 080500;4766.305000;4766.905000;4764.615000;4764.765000;0
20260410 080600;4764.895000;4764.955000;4763.365000;4764.525000;0
20260410 080700;4764.505000;4767.785000;4764.425000;4766.855000;0
20260410 080800;4766.905000;4767.555000;4765.895000;4766.475000;0
20260410 080900;4766.445000;4767.445000;4764.495000;4764.555000;0
20260410 081000;4764.535000;4765.835000;4763.948000;4765.535000;0
20260410 081100;4765.505000;4766.865000;4765.155000;4766.495000;0
20260410 081200;4766.515000;4767.055000;4765.045000;4766.655000;0
20260410 081300;4766.625000;4767.175000;4764.105000;4764.748000;0
20260410 081400;4764.748000;4766.865000;4764.525000;4766.675000;0
20260410 081500;4766.725000;4767.295000;4765.485000;4766.545000;0
20260410 081600;4766.565000;4769.365000;4766.565000;4769.335000;0
20260410 081700;4769.275000;4770.265000;4767.595000;4767.765000;0
20260410 081800;4767.755000;4770.898000;4766.665000;4770.295000;0
20260410 081900;4770.235000;4770.898000;4767.748000;4768.105000;0
20260410 082000;4767.905000;4768.415000;4765.335000;4766.955000;0
20260410 082100;4766.915000;4767.005000;4765.295000;4765.495000;0
20260410 082200;4765.465000;4766.585000;4764.205000;4764.205000;0
20260410 082300;4763.865000;4763.865000;4761.135000;4761.885000;0
20260410 082400;4761.905000;4762.065000;4759.575000;4759.905000;0
20260410 082500;4759.925000;4761.515000;4759.565000;4761.175000;0
20260410 082600;4761.135000;4761.785000;4760.345000;4760.475000;0
20260410 082700;4760.465000;4761.985000;4760.425000;4760.635000;0
20260410 082800;4760.655000;4762.215000;4759.905000;4761.445000;0
20260410 082900;4761.355000;4762.675000;4760.415000;4762.435000;0
20260410 083000;4762.465000;4777.015000;4761.195000;4776.195000;0
20260410 083100;4776.025000;4776.025000;4772.305000;4774.735000;0
20260410 083200;4774.655000;4778.095000;4772.655000;4775.225000;0
20260410 083300;4775.205000;4779.795000;4774.165000;4779.455000;0
20260410 083400;4779.495000;4782.315000;4778.635000;4780.375000;0
20260410 083500;4780.495000;4782.135000;4777.655000;4778.145000;0
20260410 083600;4778.195000;4778.555000;4770.505000;4775.775000;0
20260410 083700;4775.805000;4778.275000;4775.285000;4775.405000;0
20260410 083800;4774.895000;4776.215000;4773.465000;4774.925000;0
20260410 083900;4774.505000;4775.718000;4771.458000;4775.718000;0
20260410 084000;4775.698000;4778.405000;4774.658000;4775.015000;0
20260410 084100;4774.995000;4775.355000;4773.505000;4774.575000;0
20260410 084200;4774.545000;4774.735000;4768.655000;4771.145000;0
20260410 084300;4771.555000;4772.505000;4770.075000;4771.785000;0
20260410 084400;4771.815000;4772.925000;4770.665000;4772.445000;0
20260410 084500;4772.485000;4773.995000;4770.325000;4770.745000;0
20260410 084600;4770.845000;4771.185000;4765.985000;4766.145000;0
20260410 084700;4766.418000;4768.385000;4764.895000;4767.085000;0
20260410 084800;4767.105000;4767.705000;4763.655000;4763.858000;0
20260410 084900;4763.858000;4767.485000;4763.385000;4767.285000;0
20260410 085000;4767.315000;4768.695000;4766.775000;4767.725000;0
20260410 085100;4767.695000;4768.465000;4767.175000;4768.095000;0
20260410 085200;4768.085000;4768.975000;4767.298000;4767.705000;0
20260410 085300;4767.745000;4770.835000;4767.465000;4770.615000;0
20260410 085400;4770.678000;4770.875000;4764.565000;4764.638000;0
20260410 085500;4764.765000;4771.105000;4764.415000;4770.775000;0
20260410 085600;4770.695000;4772.145000;4770.415000;4771.345000;0
20260410 085700;4771.125000;4772.135000;4770.665000;4771.075000;0
20260410 085800;4770.945000;4771.665000;4769.135000;4769.715000;0
20260410 085900;4769.735000;4771.865000;4769.295000;4771.565000;0
20260410 090000;4771.615000;4771.615000;4768.835000;4769.445000;0
20260410 090100;4769.475000;4771.785000;4768.445000;4771.365000;0
20260410 090200;4771.295000;4773.365000;4771.015000;4772.075000;0
20260410 090300;4772.125000;4772.585000;4767.895000;4768.335000;0
20260410 090400;4768.315000;4770.975000;4767.825000;4770.855000;0
20260410 090500;4770.815000;4772.695000;4768.998000;4772.425000;0
20260410 090600;4772.385000;4777.485000;4772.385000;4775.825000;0
20260410 090700;4775.795000;4777.095000;4773.565000;4777.045000;0
20260410 090800;4776.555000;4777.145000;4774.585000;4774.675000;0
20260410 090900;4774.695000;4775.755000;4772.855000;4774.025000;0
20260410 091000;4773.995000;4774.215000;4772.475000;4772.725000;0
20260410 091100;4772.785000;4772.945000;4770.005000;4771.025000;0
20260410 091200;4770.995000;4773.605000;4770.995000;4773.515000;0
20260410 091300;4773.495000;4773.615000;4771.498000;4772.115000;0
20260410 091400;4772.085000;4772.965000;4770.248000;4772.145000;0
20260410 091500;4772.278000;4772.335000;4768.345000;4770.248000;0
20260410 091600;4770.158000;4772.545000;4770.028000;4772.385000;0
20260410 091700;4772.388000;4772.868000;4771.048000;4772.165000;0
20260410 091800;4772.158000;4773.268000;4769.295000;4769.658000;0
20260410 091900;4769.658000;4772.465000;4765.825000;4772.165000;0
20260410 092000;4772.115000;4774.755000;4770.415000;4773.748000;0
20260410 092100;4773.985000;4776.785000;4773.835000;4776.615000;0
20260410 092200;4776.555000;4779.405000;4776.525000;4778.745000;0
20260410 092300;4778.715000;4779.815000;4777.065000;4777.545000;0
20260410 092400;4777.525000;4777.685000;4774.985000;4775.755000;0
20260410 092500;4775.775000;4778.445000;4775.775000;4777.688000;0
20260410 092600;4777.768000;4777.988000;4775.075000;4775.425000;0
20260410 092700;4775.445000;4777.685000;4774.395000;4777.295000;0
20260410 092800;4776.848000;4777.795000;4775.925000;4776.925000;0
20260410 092900;4776.875000;4779.875000;4773.945000;4775.545000;0
20260410 093000;4775.635000;4776.915000;4770.455000;4771.875000;0
20260410 093100;4771.775000;4774.865000;4771.775000;4774.795000;0
20260410 093200;4774.795000;4778.625000;4771.115000;4772.405000;0
20260410 093300;4772.275000;4774.365000;4770.865000;4773.385000;0
20260410 093400;4773.185000;4774.285000;4768.985000;4769.845000;0
20260410 093500;4769.885000;4770.355000;4764.615000;4768.178000;0
20260410 093600;4768.265000;4770.678000;4767.835000;4769.005000;0
20260410 093700;4769.035000;4775.225000;4768.205000;4775.205000;0
20260410 093800;4775.155000;4777.215000;4773.885000;4775.955000;0
20260410 093900;4775.845000;4776.025000;4773.145000;4775.595000;0
20260410 094000;4775.545000;4775.765000;4771.295000;4774.465000;0
20260410 094100;4774.405000;4774.405000;4771.085000;4772.075000;0
20260410 094200;4772.055000;4772.315000;4766.905000;4767.875000;0
20260410 094300;4767.605000;4770.245000;4766.445000;4768.565000;0
20260410 094400;4768.585000;4769.985000;4767.315000;4768.935000;0
20260410 094500;4768.905000;4771.575000;4768.305000;4769.045000;0
20260410 094600;4769.015000;4769.585000;4765.825000;4767.405000;0
20260410 094700;4767.385000;4769.405000;4766.335000;4768.765000;0
20260410 094800;4768.875000;4771.165000;4766.545000;4770.515000;0
20260410 094900;4770.475000;4773.785000;4769.775000;4773.275000;0
20260410 095000;4773.275000;4774.305000;4768.855000;4770.285000;0
20260410 095100;4770.315000;4772.945000;4769.718000;4772.705000;0
20260410 095200;4772.705000;4776.665000;4772.205000;4773.465000;0
20260410 095300;4773.355000;4776.605000;4773.305000;4775.665000;0
20260410 095400;4775.335000;4777.215000;4774.495000;4777.045000;0
20260410 095500;4777.075000;4777.285000;4774.515000;4776.305000;0
20260410 095600;4776.145000;4776.185000;4773.795000;4775.815000;0
20260410 095700;4775.845000;4777.455000;4775.335000;4775.775000;0
20260410 095800;4775.995000;4776.225000;4774.075000;4774.705000;0
20260410 095900;4774.745000;4775.775000;4774.365000;4774.405000;0
20260410 100000;4775.015000;4775.015000;4769.005000;4773.115000;0
20260410 100100;4773.065000;4775.915000;4773.035000;4773.695000;0
20260410 100200;4773.715000;4779.548000;4773.458000;4778.058000;0
20260410 100300;4778.005000;4780.165000;4773.275000;4776.145000;0
20260410 100400;4776.165000;4778.145000;4774.948000;4776.095000;0
20260410 100500;4776.178000;4777.948000;4775.168000;4776.835000;0
20260410 100600;4776.838000;4780.378000;4776.668000;4778.998000;0
20260410 100700;4779.125000;4779.275000;4775.015000;4775.785000;0
20260410 100800;4775.948000;4777.505000;4774.825000;4777.025000;0
20260410 100900;4777.065000;4777.275000;4774.495000;4775.535000;0
20260410 101000;4775.615000;4775.955000;4769.645000;4771.425000;0
20260410 101100;4771.425000;4771.795000;4766.868000;4770.325000;0
20260410 101200;4770.415000;4776.415000;4770.025000;4775.275000;0
20260410 101300;4775.325000;4775.715000;4773.485000;4775.065000;0
20260410 101400;4775.005000;4780.265000;4773.545000;4779.965000;0
20260410 101500;4780.005000;4786.285000;4778.895000;4785.405000;0
20260410 101600;4785.465000;4785.465000;4780.685000;4781.095000;0
20260410 101700;4781.075000;4784.695000;4779.455000;4783.755000;0
20260410 101800;4783.585000;4788.185000;4783.565000;4787.635000;0
20260410 101900;4787.565000;4788.445000;4785.838000;4788.175000;0
20260410 102000;4788.085000;4788.505000;4786.368000;4786.715000;0
20260410 102100;4786.735000;4787.365000;4785.645000;4787.315000;0
20260410 102200;4787.315000;4788.345000;4786.605000;4786.915000;0
20260410 102300;4786.945000;4787.955000;4785.705000;4787.295000;0
20260410 102400;4787.445000;4790.965000;4787.055000;4790.135000;0
20260410 102500;4790.155000;4792.745000;4790.005000;4791.578000;0
20260410 102600;4791.518000;4792.255000;4787.985000;4788.865000;0
20260410 102700;4789.155000;4789.735000;4787.388000;4787.708000;0
20260410 102800;4787.795000;4790.925000;4787.175000;4789.905000;0
20260410 102900;4789.645000;4791.045000;4789.555000;4790.405000;0
20260410 103000;4790.345000;4793.948000;4790.265000;4793.645000;0
20260410 103100;4793.668000;4794.765000;4792.925000;4793.955000;0
20260410 103200;4793.918000;4794.525000;4791.478000;4792.005000;0
20260410 103300;4791.985000;4793.885000;4790.705000;4791.635000;0
20260410 103400;4791.605000;4791.945000;4787.395000;4787.558000;0
20260410 103500;4787.558000;4789.415000;4786.545000;4788.005000;0
20260410 103600;4787.985000;4789.955000;4787.345000;4789.855000;0
20260410 103700;4789.935000;4790.045000;4786.675000;4788.155000;0
20260410 103800;4788.155000;4790.805000;4787.735000;4789.165000;0
20260410 103900;4789.155000;4789.185000;4786.415000;4786.448000;0
20260410 104000;4786.595000;4787.935000;4786.198000;4787.305000;0
20260410 104100;4787.245000;4788.475000;4786.355000;4786.375000;0
20260410 104200;4786.345000;4787.225000;4773.805000;4774.465000;0
20260410 104300;4774.645000;4785.485000;4774.645000;4783.445000;0
20260410 104400;4783.395000;4786.135000;4780.005000;4780.545000;0
20260410 104500;4780.715000;4782.615000;4778.845000;4780.915000;0
20260410 104600;4780.945000;4783.055000;4778.645000;4778.725000;0
20260410 104700;4778.745000;4780.755000;4778.745000;4780.195000;0
20260410 104800;4779.995000;4779.995000;4775.775000;4776.965000;0
20260410 104900;4776.925000;4776.925000;4771.565000;4771.935000;0
20260410 105000;4771.985000;4776.778000;4770.595000;4776.198000;0
20260410 105100;4776.078000;4780.705000;4776.005000;4780.038000;0
20260410 105200;4780.138000;4781.655000;4778.838000;4780.205000;0
20260410 105300;4780.135000;4780.135000;4777.418000;4779.375000;0
20260410 105400;4779.505000;4779.585000;4774.075000;4774.105000;0
20260410 105500;4774.185000;4775.435000;4770.518000;4773.625000;0
20260410 105600;4773.655000;4776.295000;4773.405000;4775.595000;0
20260410 105700;4775.555000;4779.078000;4775.435000;4778.738000;0
20260410 105800;4778.625000;4779.278000;4774.918000;4774.945000;0
20260410 105900;4774.985000;4775.295000;4772.598000;4774.418000;0
20260410 110000;4774.418000;4776.178000;4773.755000;4774.365000;0
20260410 110100;4774.395000;4777.335000;4773.675000;4777.335000;0
20260410 110200;4777.365000;4778.568000;4776.908000;4777.485000;0
20260410 110300;4777.485000;4777.485000;4774.485000;4776.085000;0
20260410 110400;4776.078000;4776.098000;4773.175000;4774.045000;0
20260410 110500;4774.065000;4775.325000;4770.575000;4771.395000;0
20260410 110600;4771.295000;4773.465000;4769.185000;4772.375000;0
20260410 110700;4772.335000;4774.705000;4771.685000;4772.535000;0
20260410 110800;4772.485000;4776.575000;4772.405000;4776.105000;0
20260410 110900;4776.125000;4779.785000;4776.095000;4779.395000;0
20260410 111000;4779.455000;4780.615000;4778.985000;4779.105000;0
20260410 111100;4779.255000;4782.125000;4779.255000;4782.125000;0
20260410 111200;4782.115000;4783.535000;4781.145000;4783.175000;0
20260410 111300;4783.165000;4783.525000;4781.675000;4781.825000;0
20260410 111400;4781.855000;4782.905000;4781.325000;4781.555000;0
20260410 111500;4781.725000;4786.335000;4781.665000;4785.805000;0
20260410 111600;4785.805000;4785.805000;4782.965000;4783.145000;0
20260410 111700;4783.205000;4783.435000;4781.445000;4781.875000;0
20260410 111800;4781.845000;4783.485000;4781.655000;4783.215000;0
20260410 111900;4783.245000;4784.005000;4781.705000;4781.735000;0
20260410 112000;4781.705000;4784.825000;4781.445000;4784.665000;0
20260410 112100;4784.575000;4785.395000;4783.075000;4784.605000;0
20260410 112200;4784.515000;4787.025000;4784.345000;4786.885000;0
20260410 112300;4786.795000;4787.195000;4785.765000;4786.425000;0
20260410 112400;4786.425000;4787.005000;4785.355000;4785.995000;0
20260410 112500;4785.995000;4785.995000;4782.265000;4782.445000;0
20260410 112600;4782.415000;4782.635000;4780.585000;4780.925000;0
20260410 112700;4780.895000;4782.445000;4780.485000;4782.105000;0
20260410 112800;4782.145000;4782.285000;4778.875000;4779.975000;0
20260410 112900;4780.075000;4780.125000;4775.815000;4775.875000;0
20260410 113000;4775.825000;4778.155000;4775.315000;4776.245000;0
20260410 113100;4776.315000;4776.765000;4773.605000;4774.995000;0
20260410 113200;4775.205000;4776.465000;4774.025000;4775.055000;0
20260410 113300;4775.095000;4775.455000;4773.175000;4774.065000;0
20260410 113400;4774.085000;4775.365000;4772.345000;4774.395000;0
20260410 113500;4774.495000;4774.985000;4769.555000;4770.115000;0
20260410 113600;4769.855000;4770.938000;4755.245000;4761.795000;0
20260410 113700;4761.825000;4765.078000;4761.015000;4764.545000;0
20260410 113800;4764.525000;4767.145000;4763.495000;4766.875000;0
20260410 113900;4766.798000;4766.965000;4758.695000;4760.225000;0
20260410 114000;4760.245000;4766.595000;4759.475000;4763.275000;0
20260410 114100;4762.995000;4766.238000;4762.995000;4765.255000;0
20260410 114200;4765.655000;4766.925000;4762.525000;4762.695000;0
20260410 114300;4762.665000;4765.815000;4762.215000;4765.535000;0
20260410 114400;4765.515000;4766.238000;4764.505000;4765.665000;0
20260410 114500;4765.485000;4768.655000;4764.458000;4767.578000;0
20260410 114600;4767.605000;4768.715000;4763.675000;4764.245000;0
20260410 114700;4763.975000;4769.465000;4762.765000;4769.445000;0
20260410 114800;4769.425000;4769.465000;4764.578000;4764.995000;0
20260410 114900;4765.015000;4766.165000;4763.815000;4766.145000;0
20260410 115000;4766.125000;4768.315000;4765.725000;4767.425000;0
20260410 115100;4767.535000;4769.725000;4767.305000;4769.675000;0
20260410 115200;4769.635000;4769.635000;4765.828000;4766.898000;0
20260410 115300;4766.938000;4767.995000;4764.715000;4764.805000;0
20260410 115400;4764.855000;4767.818000;4764.855000;4766.215000;0
20260410 115500;4766.325000;4766.325000;4761.255000;4762.038000;0
20260410 115600;4762.038000;4763.085000;4761.278000;4762.238000;0
20260410 115700;4762.275000;4764.238000;4758.318000;4763.118000;0
20260410 115800;4763.148000;4763.798000;4761.665000;4762.838000;0
20260410 115900;4762.758000;4763.825000;4759.695000;4761.898000;0
20260410 120000;4761.875000;4762.975000;4759.478000;4759.778000;0
20260410 120100;4759.675000;4760.058000;4756.558000;4756.875000;0
20260410 120200;4756.845000;4759.218000;4756.045000;4757.538000;0
20260410 120300;4757.305000;4758.635000;4754.618000;4758.525000;0
20260410 120400;4758.198000;4758.935000;4753.115000;4753.475000;0
20260410 120500;4753.655000;4755.025000;4751.695000;4752.175000;0
20260410 120600;4752.138000;4752.138000;4747.255000;4748.935000;0
20260410 120700;4748.905000;4754.405000;4747.105000;4754.265000;0
20260410 120800;4754.295000;4755.565000;4753.135000;4754.285000;0
20260410 120900;4754.285000;4756.545000;4753.098000;4756.245000;0
20260410 121000;4756.225000;4758.985000;4755.965000;4758.975000;0
20260410 121100;4758.855000;4760.025000;4757.835000;4758.975000;0
20260410 121200;4758.978000;4761.195000;4758.978000;4760.725000;0
20260410 121300;4760.675000;4762.225000;4760.285000;4762.145000;0
20260410 121400;4762.145000;4763.285000;4761.165000;4763.195000;0
20260410 121500;4763.255000;4764.035000;4762.495000;4763.735000;0
20260410 121600;4763.735000;4764.745000;4763.315000;4764.085000;0
20260410 121700;4764.085000;4765.155000;4762.215000;4763.185000;0
20260410 121800;4763.165000;4763.475000;4761.975000;4763.365000;0
20260410 121900;4763.305000;4763.305000;4760.855000;4761.715000;0
20260410 122000;4761.735000;4761.975000;4755.985000;4756.705000;0
20260410 122100;4756.785000;4758.645000;4756.055000;4756.935000;0
20260410 122200;4756.915000;4757.045000;4754.795000;4754.795000;0
20260410 122300;4754.765000;4757.105000;4753.985000;4756.955000;0
20260410 122400;4756.595000;4761.745000;4756.138000;4760.635000;0
20260410 122500;4760.565000;4760.855000;4756.725000;4758.385000;0
20260410 122600;4758.425000;4759.715000;4758.115000;4759.185000;0
20260410 122700;4759.205000;4760.275000;4758.025000;4759.985000;0
20260410 122800;4759.955000;4761.895000;4759.395000;4760.805000;0
20260410 122900;4760.795000;4762.095000;4757.935000;4757.985000;0
20260410 123000;4758.275000;4758.445000;4756.545000;4757.505000;0
20260410 123100;4757.375000;4763.065000;4756.775000;4761.745000;0
20260410 123200;4761.835000;4762.985000;4760.295000;4760.415000;0
20260410 123300;4760.815000;4761.325000;4758.635000;4759.145000;0
20260410 123400;4759.148000;4761.225000;4759.018000;4760.885000;0
20260410 123500;4760.915000;4763.445000;4760.395000;4762.785000;0
20260410 123600;4762.545000;4763.125000;4760.585000;4761.455000;0
20260410 123700;4761.425000;4763.395000;4760.865000;4763.025000;0
20260410 123800;4763.135000;4765.125000;4762.635000;4762.875000;0
20260410 123900;4762.805000;4763.215000;4762.055000;4762.085000;0
20260410 124000;4762.035000;4762.725000;4759.925000;4760.105000;0
20260410 124100;4760.055000;4760.225000;4756.398000;4756.638000;0
20260410 124200;4756.625000;4757.798000;4755.948000;4757.015000;0
20260410 124300;4757.048000;4759.948000;4757.048000;4758.285000;0
20260410 124400;4758.248000;4758.448000;4756.298000;4756.398000;0
20260410 124500;4756.748000;4758.535000;4755.658000;4758.195000;0
20260410 124600;4758.248000;4759.648000;4756.658000;4759.328000;0
20260410 124700;4759.268000;4759.838000;4758.948000;4759.725000;0
20260410 124800;4759.745000;4761.955000;4759.385000;4761.075000;0
20260410 124900;4761.095000;4761.238000;4759.585000;4760.995000;0
20260410 125000;4760.965000;4763.498000;4760.925000;4762.945000;0
20260410 125100;4762.865000;4763.188000;4760.545000;4761.635000;0
20260410 125200;4761.708000;4762.695000;4760.815000;4761.545000;0
20260410 125300;4761.585000;4763.615000;4761.465000;4763.585000;0
20260410 125400;4763.625000;4765.785000;4763.255000;4765.075000;0
20260410 125500;4765.125000;4765.285000;4763.255000;4763.545000;0
20260410 125600;4763.505000;4763.915000;4762.485000;4762.665000;0
20260410 125700;4762.705000;4763.205000;4761.858000;4762.795000;0
20260410 125800;4762.775000;4763.655000;4761.965000;4762.945000;0
20260410 125900;4762.965000;4763.575000;4762.695000;4763.525000;0
20260410 130000;4763.605000;4764.105000;4761.298000;4761.875000;0
20260410 130100;4761.845000;4764.325000;4761.698000;4762.765000;0
20260410 130200;4762.795000;4763.365000;4759.998000;4760.075000;0
20260410 130300;4760.185000;4760.648000;4758.865000;4760.245000;0
20260410 130400;4760.445000;4760.565000;4759.635000;4759.715000;0
20260410 130500;4759.535000;4761.275000;4758.885000;4760.385000;0
20260410 130600;4760.485000;4761.355000;4759.245000;4759.245000;0
20260410 130700;4759.295000;4759.725000;4757.715000;4759.535000;0
20260410 130800;4759.555000;4761.845000;4759.498000;4761.355000;0
20260410 130900;4761.315000;4763.075000;4761.235000;4761.715000;0
20260410 131000;4761.805000;4762.025000;4759.955000;4760.505000;0
20260410 131100;4760.535000;4762.375000;4760.005000;4762.125000;0
20260410 131200;4762.075000;4764.295000;4761.805000;4764.095000;0
20260410 131300;4764.055000;4765.855000;4764.035000;4765.665000;0
20260410 131400;4765.865000;4766.025000;4763.525000;4764.325000;0
20260410 131500;4764.275000;4765.515000;4764.015000;4764.145000;0
20260410 131600;4764.205000;4765.455000;4763.235000;4764.125000;0
20260410 131700;4764.195000;4766.925000;4763.955000;4766.705000;0
20260410 131800;4766.875000;4768.325000;4766.595000;4767.205000;0
20260410 131900;4767.265000;4767.595000;4766.005000;4766.795000;0
20260410 132000;4766.785000;4767.305000;4765.485000;4765.645000;0
20260410 132100;4765.675000;4768.305000;4761.745000;4762.375000;0
20260410 132200;4762.355000;4763.625000;4761.175000;4761.665000;0
20260410 132300;4761.585000;4765.255000;4761.395000;4765.085000;0
20260410 132400;4765.105000;4766.145000;4764.055000;4764.165000;0
20260410 132500;4764.195000;4765.545000;4764.195000;4764.985000;0
20260410 132600;4764.955000;4767.675000;4764.905000;4767.545000;0
20260410 132700;4767.545000;4768.405000;4767.185000;4768.035000;0
20260410 132800;4767.975000;4768.405000;4765.678000;4766.125000;0
20260410 132900;4766.125000;4766.295000;4761.115000;4762.515000;0
20260410 133000;4762.675000;4762.675000;4758.835000;4761.425000;0
20260410 133100;4761.395000;4763.555000;4761.325000;4762.435000;0
20260410 133200;4762.335000;4765.495000;4762.335000;4764.445000;0
20260410 133300;4764.395000;4764.485000;4761.275000;4761.958000;0
20260410 133400;4762.005000;4762.245000;4760.385000;4760.445000;0
20260410 133500;4760.465000;4762.605000;4760.445000;4762.425000;0
20260410 133600;4762.455000;4762.455000;4758.025000;4759.415000;0
20260410 133700;4759.395000;4760.585000;4757.995000;4760.335000;0
20260410 133800;4760.415000;4760.865000;4759.485000;4759.765000;0
20260410 133900;4759.698000;4762.215000;4759.695000;4761.205000;0
20260410 134000;4761.185000;4762.025000;4759.915000;4759.965000;0
20260410 134100;4759.985000;4760.485000;4758.865000;4758.915000;0
20260410 134200;4758.865000;4760.225000;4758.865000;4759.945000;0
20260410 134300;4759.925000;4761.345000;4759.785000;4760.825000;0
20260410 134400;4760.805000;4760.925000;4758.665000;4758.815000;0
20260410 134500;4758.695000;4761.495000;4758.455000;4760.715000;0
20260410 134600;4760.695000;4761.615000;4760.525000;4761.495000;0
20260410 134700;4761.465000;4762.825000;4761.175000;4762.775000;0
20260410 134800;4762.825000;4763.098000;4761.585000;4762.425000;0
20260410 134900;4762.478000;4764.065000;4762.305000;4763.525000;0
20260410 135000;4763.495000;4764.745000;4763.155000;4764.365000;0
20260410 135100;4764.445000;4764.458000;4762.095000;4762.185000;0
20260410 135200;4762.115000;4763.035000;4762.115000;4762.635000;0
20260410 135300;4762.715000;4762.715000;4761.255000;4761.255000;0
20260410 135400;4761.198000;4761.475000;4760.185000;4761.035000;0
20260410 135500;4761.005000;4761.005000;4759.165000;4759.165000;0
20260410 135600;4759.175000;4761.065000;4758.725000;4760.755000;0
20260410 135700;4760.775000;4761.735000;4760.475000;4760.658000;0
20260410 135800;4760.715000;4760.835000;4759.395000;4759.415000;0
20260410 135900;4759.385000;4760.385000;4759.255000;4760.155000;0
20260410 140000;4760.125000;4760.645000;4759.205000;4759.585000;0
20260410 140100;4759.515000;4759.575000;4758.175000;4758.745000;0
20260410 140200;4758.705000;4759.765000;4757.055000;4757.775000;0
20260410 140300;4757.845000;4758.005000;4755.278000;4756.315000;0
20260410 140400;4756.295000;4756.295000;4752.855000;4753.045000;0
20260410 140500;4753.075000;4753.635000;4750.705000;4753.485000;0
20260410 140600;4753.505000;4756.145000;4753.445000;4754.595000;0
20260410 140700;4754.575000;4754.705000;4752.115000;4753.105000;0
20260410 140800;4753.155000;4757.825000;4752.635000;4756.925000;0
20260410 140900;4756.925000;4757.225000;4755.595000;4755.955000;0
20260410 141000;4755.978000;4758.085000;4755.805000;4757.925000;0
20260410 141100;4757.965000;4762.305000;4757.815000;4761.685000;0
20260410 141200;4761.735000;4763.655000;4761.425000;4761.495000;0
20260410 141300;4761.378000;4762.765000;4761.315000;4762.465000;0
20260410 141400;4762.375000;4763.268000;4762.015000;4763.175000;0
20260410 141500;4763.215000;4765.665000;4762.875000;4763.325000;0
20260410 141600;4763.365000;4763.385000;4762.535000;4763.095000;0
20260410 141700;4763.115000;4764.635000;4762.505000;4764.305000;0
20260410 141800;4764.355000;4766.695000;4764.305000;4766.065000;0
20260410 141900;4766.295000;4767.795000;4766.155000;4767.605000;0
20260410 142000;4767.655000;4768.545000;4766.365000;4768.445000;0
20260410 142100;4768.425000;4769.245000;4767.738000;4768.295000;0
20260410 142200;4768.345000;4768.665000;4766.395000;4768.215000;0
20260410 142300;4768.285000;4768.955000;4764.835000;4765.325000;0
20260410 142400;4764.995000;4765.435000;4763.665000;4764.195000;0
20260410 142500;4764.215000;4764.715000;4763.275000;4764.665000;0
20260410 142600;4764.675000;4765.155000;4764.298000;4764.925000;0
20260410 142700;4764.905000;4764.905000;4763.605000;4764.115000;0
20260410 142800;4764.085000;4766.595000;4763.675000;4766.115000;0
20260410 142900;4766.085000;4766.105000;4764.265000;4765.765000;0
20260410 143000;4765.885000;4767.395000;4765.785000;4766.865000;0
20260410 143100;4766.805000;4768.105000;4766.145000;4766.975000;0
20260410 143200;4767.085000;4770.115000;4766.795000;4769.625000;0
20260410 143300;4769.655000;4769.875000;4768.545000;4769.655000;0
20260410 143400;4769.685000;4771.455000;4769.395000;4770.875000;0
20260410 143500;4770.855000;4771.348000;4768.905000;4769.165000;0
20260410 143600;4769.185000;4769.675000;4768.035000;4769.065000;0
20260410 143700;4769.135000;4771.175000;4768.935000;4771.155000;0
20260410 143800;4770.945000;4772.765000;4770.298000;4772.255000;0
20260410 143900;4772.315000;4772.445000;4771.048000;4771.375000;0
20260410 144000;4771.365000;4772.515000;4771.245000;4771.885000;0
20260410 144100;4771.905000;4771.985000;4768.795000;4769.005000;0
20260410 144200;4769.025000;4770.245000;4768.815000;4769.605000;0
20260410 144300;4769.575000;4769.575000;4768.355000;4768.535000;0
20260410 144400;4768.935000;4769.005000;4767.815000;4767.975000;0
20260410 144500;4767.975000;4768.035000;4766.515000;4766.545000;0
20260410 144600;4766.575000;4766.965000;4765.308000;4765.735000;0
20260410 144700;4765.735000;4765.735000;4763.905000;4764.265000;0
20260410 144800;4764.265000;4765.075000;4762.995000;4765.075000;0
20260410 144900;4765.005000;4765.795000;4763.565000;4763.715000;0
20260410 145000;4763.745000;4766.055000;4763.555000;4765.345000;0
20260410 145100;4765.365000;4766.925000;4765.345000;4766.925000;0
20260410 145200;4766.975000;4767.395000;4765.865000;4766.675000;0
20260410 145300;4766.675000;4767.285000;4766.155000;4766.235000;0
20260410 145400;4766.255000;4767.645000;4765.735000;4767.615000;0
20260410 145500;4767.635000;4767.835000;4765.805000;4765.915000;0
20260410 145600;4765.875000;4765.985000;4765.145000;4765.495000;0
20260410 145700;4765.525000;4765.575000;4764.355000;4765.135000;0
20260410 145800;4765.135000;4765.635000;4764.455000;4765.505000;0
20260410 145900;4765.535000;4766.145000;4764.875000;4764.895000;0
20260410 150000;4764.935000;4766.165000;4764.165000;4765.295000;0
20260410 150100;4765.625000;4766.055000;4764.775000;4765.235000;0
20260410 150200;4765.335000;4766.425000;4764.765000;4766.055000;0
20260410 150300;4766.025000;4767.145000;4765.725000;4765.975000;0
20260410 150400;4765.945000;4766.945000;4765.795000;4766.725000;0
20260410 150500;4766.725000;4767.815000;4766.525000;4767.305000;0
20260410 150600;4767.325000;4767.615000;4765.935000;4766.635000;0
20260410 150700;4766.615000;4767.555000;4766.205000;4767.005000;0
20260410 150800;4767.015000;4767.595000;4766.435000;4767.305000;0
20260410 150900;4767.225000;4767.505000;4764.805000;4765.055000;0
20260410 151000;4765.135000;4766.865000;4764.915000;4766.435000;0
20260410 151100;4766.465000;4766.825000;4765.345000;4765.725000;0
20260410 151200;4765.695000;4766.575000;4764.805000;4766.245000;0
20260410 151300;4766.275000;4766.835000;4765.865000;4766.375000;0
20260410 151400;4766.335000;4766.685000;4765.555000;4766.595000;0
20260410 151500;4766.545000;4766.545000;4765.435000;4766.025000;0
20260410 151600;4765.985000;4768.585000;4765.695000;4768.325000;0
20260410 151700;4768.505000;4769.395000;4768.205000;4769.235000;0
20260410 151800;4769.265000;4769.805000;4769.055000;4769.705000;0
20260410 151900;4769.615000;4769.615000;4768.895000;4769.085000;0
20260410 152000;4769.065000;4770.325000;4768.408000;4768.745000;0
20260410 152100;4768.765000;4768.965000;4767.495000;4767.505000;0
20260410 152200;4767.475000;4767.735000;4766.585000;4767.025000;0
20260410 152300;4767.055000;4768.685000;4767.035000;4768.685000;0
20260410 152400;4768.685000;4768.685000;4767.215000;4767.405000;0
20260410 152500;4767.385000;4768.385000;4767.145000;4768.295000;0
20260410 152600;4768.265000;4768.265000;4767.135000;4768.125000;0
20260410 152700;4768.125000;4768.335000;4764.615000;4764.905000;0
20260410 152800;4764.915000;4765.295000;4762.845000;4762.845000;0
20260410 152900;4762.898000;4764.075000;4762.845000;4763.325000;0
20260410 153000;4763.465000;4763.535000;4761.105000;4761.515000;0
20260410 153100;4761.535000;4763.455000;4761.385000;4762.795000;0
20260410 153200;4762.795000;4763.935000;4762.385000;4763.695000;0
20260410 153300;4763.695000;4765.245000;4763.225000;4764.795000;0
20260410 153400;4764.815000;4764.815000;4763.855000;4764.305000;0
20260410 153500;4764.345000;4764.615000;4763.255000;4763.645000;0
20260410 153600;4763.595000;4764.725000;4763.075000;4763.435000;0
20260410 153700;4763.498000;4763.765000;4762.655000;4762.715000;0
20260410 153800;4762.975000;4763.835000;4762.498000;4762.635000;0
20260410 153900;4762.655000;4762.705000;4761.465000;4762.475000;0
20260410 154000;4762.395000;4762.765000;4761.555000;4762.065000;0
20260410 154100;4762.095000;4762.705000;4762.065000;4762.115000;0
20260410 154200;4762.135000;4762.135000;4760.505000;4761.375000;0
20260410 154300;4761.485000;4763.295000;4761.105000;4763.265000;0
20260410 154400;4763.475000;4763.915000;4762.965000;4763.555000;0
20260410 154500;4763.565000;4764.305000;4761.675000;4762.175000;0
20260410 154600;4761.975000;4761.975000;4760.925000;4761.435000;0
20260410 154700;4761.395000;4761.835000;4760.905000;4761.285000;0
20260410 154800;4761.255000;4761.305000;4759.785000;4759.935000;0
20260410 154900;4759.895000;4760.235000;4758.665000;4759.605000;0
20260410 155000;4759.638000;4761.915000;4759.335000;4760.405000;0
20260410 155100;4760.445000;4760.455000;4758.085000;4759.735000;0
20260410 155200;4759.785000;4760.215000;4758.845000;4759.485000;0
20260410 155300;4759.455000;4759.455000;4758.645000;4758.645000;0
20260410 155400;4758.625000;4759.175000;4758.118000;4758.885000;0
20260410 155500;4758.915000;4759.645000;4758.225000;4759.315000;0
20260410 155600;4759.365000;4760.015000;4758.575000;4759.645000;0
20260410 155700;4759.715000;4760.345000;4758.885000;4760.335000;0
20260410 155800;4760.235000;4760.335000;4758.615000;4759.645000;0
20260410 155900;4759.665000;4760.095000;4758.685000;4759.585000;0
20260410 160000;4759.655000;4759.785000;4757.145000;4758.505000;0
20260410 160100;4758.595000;4758.655000;4756.958000;4757.335000;0
20260410 160200;4757.285000;4757.645000;4755.898000;4756.475000;0
20260410 160300;4756.445000;4756.465000;4755.165000;4756.245000;0
20260410 160400;4756.205000;4756.285000;4752.518000;4752.518000;0
20260410 160500;4752.758000;4753.798000;4750.958000;4752.678000;0
20260410 160600;4752.595000;4753.178000;4752.065000;4752.698000;0
20260410 160700;4752.858000;4753.755000;4752.825000;4753.198000;0
20260410 160800;4753.298000;4754.185000;4752.285000;4753.898000;0
20260410 160900;4753.898000;4753.998000;4753.178000;4753.498000;0
20260410 161000;4753.515000;4754.235000;4752.625000;4753.395000;0
20260410 161100;4753.355000;4754.278000;4752.585000;4754.218000;0
20260410 161200;4754.198000;4754.478000;4753.845000;4754.478000;0
20260410 161300;4754.475000;4755.178000;4753.998000;4754.798000;0
20260410 161400;4754.745000;4754.818000;4753.165000;4753.178000;0
20260410 161500;4753.195000;4753.218000;4752.225000;4752.818000;0
20260410 161600;4752.718000;4752.718000;4751.385000;4751.605000;0
20260410 161700;4751.585000;4751.715000;4750.358000;4751.458000;0
20260410 161800;4751.445000;4752.098000;4750.945000;4751.335000;0
20260410 161900;4751.258000;4751.775000;4750.918000;4751.125000;0
20260410 162000;4750.765000;4750.938000;4749.565000;4749.635000;0
20260410 162100;4749.655000;4750.925000;4749.365000;4750.235000;0
20260410 162200;4750.215000;4750.718000;4749.418000;4750.218000;0
20260410 162300;4750.218000;4750.618000;4749.548000;4749.658000;0
20260410 162400;4749.638000;4749.878000;4747.695000;4748.238000;0
20260410 162500;4748.238000;4748.738000;4742.298000;4743.558000;0
20260410 162600;4743.558000;4744.258000;4740.598000;4744.098000;0
20260410 162700;4744.098000;4745.698000;4743.835000;4744.378000;0
20260410 162800;4744.398000;4745.458000;4743.998000;4744.398000;0
20260410 162900;4744.398000;4746.158000;4744.398000;4745.218000;0
20260410 163000;4745.158000;4746.518000;4744.778000;4746.118000;0
20260410 163100;4746.078000;4748.838000;4746.078000;4748.598000;0
20260410 163200;4748.558000;4749.118000;4748.018000;4748.258000;0
20260410 163300;4748.098000;4748.298000;4746.978000;4748.058000;0
20260410 163400;4747.725000;4747.958000;4746.498000;4746.678000;0
20260410 163500;4746.728000;4747.158000;4746.498000;4746.558000;0
20260410 163600;4746.538000;4746.998000;4746.185000;4746.858000;0
20260410 163700;4746.805000;4747.298000;4746.178000;4747.158000;0
20260410 163800;4747.238000;4748.098000;4747.178000;4747.918000;0
20260410 163900;4747.898000;4749.598000;4747.558000;4749.598000;0
20260410 164000;4749.758000;4752.038000;4749.758000;4751.978000;0
20260410 164100;4751.978000;4751.978000;4750.758000;4751.298000;0
20260410 164200;4751.278000;4751.358000;4749.358000;4750.498000;0
20260410 164300;4750.518000;4751.318000;4750.498000;4750.958000;0
20260410 164400;4750.958000;4752.098000;4750.648000;4750.648000;0
20260410 164500;4750.645000;4751.288000;4748.848000;4750.565000;0
20260410 164600;4750.618000;4750.618000;4748.928000;4750.328000;0
20260410 164700;4750.328000;4751.238000;4749.508000;4749.808000;0
20260410 164800;4749.848000;4750.248000;4749.005000;4750.105000;0
20260410 164900;4750.045000;4750.718000;4748.945000;4750.085000;0
20260410 165000;4750.095000;4751.155000;4749.648000;4750.935000;0
20260410 165100;4750.708000;4751.628000;4748.538000;4749.998000;0
20260410 165200;4750.048000;4750.228000;4747.858000;4748.508000;0
20260410 165300;4748.498000;4749.738000;4747.885000;4748.875000;0
20260410 165400;4748.955000;4749.548000;4747.458000;4748.715000;0
20260410 165500;4748.675000;4749.218000;4745.625000;4748.825000;0
20260410 165600;4749.075000;4749.818000;4748.198000;4748.818000;0
20260410 165700;4748.198000;4750.265000;4747.998000;4748.855000;0
20260410 165800;4748.895000;4749.295000;4747.998000;4748.615000;0
